group,tool,mrd,depth,batch,precision,recall,f1score
group 1,Confindr,0.01,120,1,0.067089462565653,0.1232158988256549,0.08410809305429515
group 1,Confindr,0.01,120,2,0.20113213562432936,0.3766937669376694,0.2557585423741047
group 1,Confindr,0.01,120,3,0.2827638418780937,0.5627822944896116,0.3672837208907313
group 1,Confindr,0.01,120,4,0.33902150565036226,0.7188798554652214,0.4532477860050683
group 1,Confindr,0.01,120,5,0.35982208591758214,0.7917795844625113,0.4878732382828914
group 1,Confindr,0.01,120,6,0.37952291146964184,0.8668473351400181,0.5219492299899131
group 1,Confindr,0.01,120,7,0.387412003516702,0.8905149051490515,0.5348686081458197
group 1,Confindr,0.01,120,8,0.3968650884922232,0.8986449864498646,0.5451477995694489
group 1,Confindr,0.01,120,9,0.3874667851822487,0.8990063233965674,0.5364446770146811
group 1,Confindr,0.01,120,10,0.3810862886429261,0.9034327009936767,0.5318923277042479
group 1,Confindr,0.01,170,1,0.08383014984799285,0.2183378500451671,0.1188673045704957
group 1,Confindr,0.01,170,2,0.19089881379458315,0.5661246612466124,0.28075832303818293
group 1,Confindr,0.01,170,3,0.24277578141154754,0.7633242999096657,0.3627589418136705
group 1,Confindr,0.01,170,4,0.26614946824629393,0.8513098464317976,0.40091742983754686
group 1,Confindr,0.01,170,5,0.27727127936216917,0.8942186088527552,0.418624326199981
group 1,Confindr,0.01,170,6,0.2802242730853074,0.9064137308039747,0.4240387716987378
group 1,Confindr,0.01,170,7,0.2757726798957725,0.9145438121047877,0.42052552327667747
group 1,Confindr,0.01,170,8,0.2771039323332115,0.9186088527551942,0.4226644946770992
group 1,Confindr,0.01,170,9,0.2761479185807791,0.9186088527551942,0.42172292733009736
group 1,Confindr,0.01,170,10,0.2781566753974106,0.9186088527551942,0.42450291170974735
group 1,Confindr,0.01,220,1,0.11016507215068785,0.37524841915085816,0.1660748131613723
group 1,Confindr,0.01,220,2,0.18404142655110117,0.7018970189701896,0.28656827486312486
group 1,Confindr,0.01,220,3,0.21252384169467295,0.8513098464317976,0.33591286268689674
group 1,Confindr,0.01,220,4,0.22025275849130174,0.9023486901535682,0.35025103461091767
group 1,Confindr,0.01,220,5,0.2187196791648114,0.9145438121047877,0.34984770297752776
group 1,Confindr,0.01,220,6,0.2159105873935093,0.9186088527551942,0.3470566735495679
group 1,Confindr,0.01,220,7,0.2146237799958613,0.9186088527551942,0.34558850858229084
group 1,Confindr,0.01,220,8,0.21326272202957808,0.9186088527551942,0.34391223987749886
group 1,Confindr,0.01,220,9,0.21354237283815936,0.92710027100271,0.3452322286053514
group 1,Confindr,0.01,220,10,0.2157962096392168,0.92710027100271,0.3480449534316038
group 1,Confindr,0.02,120,1,0.067089462565653,0.1232158988256549,0.08410809305429515
group 1,Confindr,0.02,120,2,0.20113213562432936,0.3766937669376694,0.2557585423741047
group 1,Confindr,0.02,120,3,0.2827638418780937,0.5627822944896116,0.3672837208907313
group 1,Confindr,0.02,120,4,0.33902150565036226,0.7188798554652214,0.4532477860050683
group 1,Confindr,0.02,120,5,0.35982208591758214,0.7917795844625113,0.4878732382828914
group 1,Confindr,0.02,120,6,0.37952291146964184,0.8668473351400181,0.5219492299899131
group 1,Confindr,0.02,120,7,0.387412003516702,0.8905149051490515,0.5348686081458197
group 1,Confindr,0.02,120,8,0.3968650884922232,0.8986449864498646,0.5451477995694489
group 1,Confindr,0.02,120,9,0.3874667851822487,0.8990063233965674,0.5364446770146811
group 1,Confindr,0.02,120,10,0.3810862886429261,0.9034327009936767,0.5318923277042479
group 1,Confindr,0.02,170,1,0.0845168989920014,0.20722673893405597,0.11834808366375149
group 1,Confindr,0.02,170,2,0.19365976722845224,0.5398373983739837,0.28117011453725443
group 1,Confindr,0.02,170,3,0.25014919945244235,0.7370370370370369,0.3689820878096063
group 1,Confindr,0.02,170,4,0.2781227916921633,0.847606142728094,0.4150880680524648
group 1,Confindr,0.02,170,5,0.29043481798108345,0.8942186088527552,0.4347532713507767
group 1,Confindr,0.02,170,6,0.29100815405470876,0.9064137308039747,0.4372734746487244
group 1,Confindr,0.02,170,7,0.28782058912085273,0.9145438121047877,0.43528282374149296
group 1,Confindr,0.02,170,8,0.28908258853475166,0.9186088527551942,0.43719292175665153
group 1,Confindr,0.02,170,9,0.2871763880472955,0.9186088527551942,0.4352748585229119
group 1,Confindr,0.02,170,10,0.28955340053544054,0.9186088527551942,0.43825342630679154
group 1,Confindr,0.02,220,1,0.10132119001369715,0.2553748870822041,0.1436041699808959
group 1,Confindr,0.02,220,2,0.20143732879723014,0.553929539295393,0.2911371035141325
group 1,Confindr,0.02,220,3,0.28111564618358,0.7917795844625113,0.41086430839483035
group 1,Confindr,0.02,220,4,0.29959527559641885,0.8583559168925023,0.4400082273216014
group 1,Confindr,0.02,220,5,0.3121219052019355,0.9064137308039747,0.4608268070994479
group 1,Confindr,0.02,220,6,0.3122520989908446,0.9145438121047877,0.4624231764892417
group 1,Confindr,0.02,220,7,0.31902467228902476,0.9145438121047877,0.4706741571823413
group 1,Confindr,0.02,220,8,0.3180531899394536,0.9145438121047877,0.4701770142125373
group 1,Confindr,0.02,220,9,0.32212619843807455,0.9149051490514906,0.47498867140080375
group 1,Confindr,0.02,220,10,0.3240381490362334,0.9149051490514906,0.47707310455144525
group 1,Confindr,0.03,120,1,0.043689442151129396,0.07506775067750675,0.0517428699246881
group 1,Confindr,0.03,120,2,0.2147508834290443,0.3392953929539295,0.2548067654978291
group 1,Confindr,0.03,120,3,0.3053530061740964,0.5253839205058717,0.3761375033955837
group 1,Confindr,0.03,120,4,0.36622671560622466,0.6814814814814814,0.4676962553778768
group 1,Confindr,0.03,120,5,0.395048582946139,0.7688346883468835,0.5134978258864177
group 1,Confindr,0.03,120,6,0.41330888793604903,0.8594399277326106,0.5523892094471012
group 1,Confindr,0.03,120,7,0.42180688510006,0.8712737127371273,0.5627316906575817
group 1,Confindr,0.03,120,8,0.4263355617522284,0.8905149051490515,0.5714023590066719
group 1,Confindr,0.03,120,9,0.4257104668024504,0.8908762420957543,0.5712515808012264
group 1,Confindr,0.03,120,10,0.43074135938105984,0.8993676603432702,0.5776428715252191
group 1,Confindr,0.03,170,1,0.04813089830067755,0.0591689250225835,0.0487479683055668
group 1,Confindr,0.03,170,2,0.21701506432993578,0.30822041553748863,0.24535434879277634
group 1,Confindr,0.03,170,3,0.35670753733240024,0.5691056910569106,0.42537100614004497
group 1,Confindr,0.03,170,4,0.4470971464663795,0.7418247515808492,0.5475886595537495
group 1,Confindr,0.03,170,5,0.46404600469612606,0.8154471544715447,0.5829624281274506
group 1,Confindr,0.03,170,6,0.47353284345607755,0.8542908762420958,0.601367377159409
group 1,Confindr,0.03,170,7,0.4808325968536839,0.8905149051490515,0.6182050122800552
group 1,Confindr,0.03,170,8,0.47506721452261846,0.902710027100271,0.616377895213567
group 1,Confindr,0.03,170,9,0.4726361696212994,0.9064137308039747,0.6161512689973602
group 1,Confindr,0.03,170,10,0.46915441025201426,0.9104787714543812,0.6152410515015396
group 1,Confindr,0.03,220,1,0.09986927086038815,0.09548328816621496,0.092345574121275
group 1,Confindr,0.03,220,2,0.2338053895430191,0.341553748870822,0.2712691268542332
group 1,Confindr,0.03,220,3,0.38575087333257263,0.5779584462511291,0.45192864844027625
group 1,Confindr,0.03,220,4,0.4487135763742192,0.7170731707317073,0.5421671235415801
group 1,Confindr,0.03,220,5,0.4910726247135555,0.8228545618789521,0.6074945191448604
group 1,Confindr,0.03,220,6,0.49930396894149554,0.8709123757904247,0.6291504922199064
group 1,Confindr,0.03,220,7,0.5035711367534866,0.878319783197832,0.6352688840272538
group 1,Confindr,0.03,220,8,0.5051237638039929,0.902710027100271,0.642751605136723
group 1,Confindr,0.03,220,9,0.5053912760132102,0.9067750677506776,0.6448907718425293
group 1,Confindr,0.03,220,10,0.5051407776166272,0.9108401084010841,0.6467426927021894
group 1,Confindr,0.04,120,1,0.03555967841682125,0.0280939476061427,0.02817460317460315
group 1,Confindr,0.04,120,2,0.20345293209876536,0.19683830171635044,0.19070277481865383
group 1,Confindr,0.04,120,3,0.31791149883255143,0.3507678410117434,0.3191316699679828
group 1,Confindr,0.04,120,4,0.4280269273848041,0.5146341463414634,0.45384921873114825
group 1,Confindr,0.04,120,5,0.4965596193160864,0.634959349593496,0.5398145071172196
group 1,Confindr,0.04,120,6,0.5504517454810396,0.7684733514001807,0.630020941423969
group 1,Confindr,0.04,120,7,0.5731553478807199,0.8191508581752485,0.6624824291402821
group 1,Confindr,0.04,120,8,0.5851938924602562,0.8428184281842819,0.6803264941802591
group 1,Confindr,0.04,120,9,0.5786334345580495,0.8631436314363143,0.6840383510098846
group 1,Confindr,0.04,120,10,0.5795207289589313,0.8790424570912376,0.6910554818887574
group 1,Confindr,0.04,170,1,0.0284552845528455,0.0284552845528455,0.0284552845528455
group 1,Confindr,0.04,170,2,0.2238218909966877,0.18500451671183377,0.1922286791793642
group 1,Confindr,0.04,170,3,0.3707510594833273,0.38925022583559166,0.36432057686280495
group 1,Confindr,0.04,170,4,0.49567500489208743,0.5590785907859078,0.51111965856066
group 1,Confindr,0.04,170,5,0.5324784994058758,0.6434507678410117,0.5700307002103953
group 1,Confindr,0.04,170,6,0.5859452425083254,0.7832881662149955,0.6619730797318288
group 1,Confindr,0.04,170,7,0.6043858556902035,0.8269196025293586,0.69084825254375
group 1,Confindr,0.04,170,8,0.6148280909847685,0.8627822944896115,0.7113061813328523
group 1,Confindr,0.04,170,9,0.6198626445746384,0.870189701897019,0.7172973949706044
group 1,Confindr,0.04,170,10,0.6235141906426476,0.8986449864498646,0.7301111396539284
group 1,Confindr,0.04,220,1,0.06891534391534385,0.0270099367660343,0.0354549392561088
group 1,Confindr,0.04,220,2,0.24452556745789822,0.231616982836495,0.2312215126493427
group 1,Confindr,0.04,220,3,0.42448490854287957,0.4203252032520325,0.40731174601290077
group 1,Confindr,0.04,220,4,0.5068250377073906,0.5476061427280939,0.5118455495398793
group 1,Confindr,0.04,220,5,0.5793630354227233,0.7255645889792232,0.6342712080171096
group 1,Confindr,0.04,220,6,0.6117940890843523,0.7921409214092141,0.6825507825288379
group 1,Confindr,0.04,220,7,0.6200960917053175,0.8110207768744355,0.6949140997468417
group 1,Confindr,0.04,220,8,0.6403290921049647,0.8624209575429088,0.7275642928114121
group 1,Confindr,0.04,220,9,0.6410612018330698,0.8945799457994581,0.7410735761903956
group 1,Confindr,0.04,220,10,0.6416833971576461,0.9108401084010841,0.7476868546172546
group 1,Confindr,0.05,120,1,0.0101010101010101,0.008130081300813,0.009009009009009
group 1,Confindr,0.05,120,2,0.19632432146498158,0.1232158988256549,0.14319952887683685
group 1,Confindr,0.05,120,3,0.3153460209381262,0.2667570009033423,0.2757996946084271
group 1,Confindr,0.05,120,4,0.44579278222428104,0.3906955736224028,0.3980694336869607
group 1,Confindr,0.05,120,5,0.5605355031886297,0.5446251129177958,0.5330835743388265
group 1,Confindr,0.05,120,6,0.6052072510359496,0.6319783197831979,0.6019160439836772
group 1,Confindr,0.05,120,7,0.6425926782986995,0.7140921409214092,0.6626988936182434
group 1,Confindr,0.05,120,8,0.6687523114353358,0.7984643179765131,0.7161429853051549
group 1,Confindr,0.05,120,9,0.6696465230416115,0.8272809394760615,0.729150169554311
group 1,Confindr,0.05,120,10,0.6700149465265899,0.8553748870822041,0.7441177058219712
group 1,Confindr,0.05,170,1,0.01388888888888885,0.008130081300813,0.01025641025641025
group 1,Confindr,0.05,170,2,0.1818627450980392,0.09286359530261964,0.11559108742319935
group 1,Confindr,0.05,170,3,0.3164705605562383,0.2475158084914182,0.2647825855480074
group 1,Confindr,0.05,170,4,0.5221460932857991,0.432520325203252,0.44923433596716045
group 1,Confindr,0.05,170,5,0.5673893321659453,0.5209575429087623,0.52289299477394
group 1,Confindr,0.05,170,6,0.6488285091836026,0.6800361336946703,0.6515543703691636
group 1,Confindr,0.05,170,7,0.6641710138171539,0.7681120144534779,0.7009597513114136
group 1,Confindr,0.05,170,8,0.6917857376325668,0.8117434507678409,0.738069502109628
group 1,Confindr,0.05,170,9,0.698924660744652,0.8265582655826558,0.7474772348131402
group 1,Confindr,0.05,170,10,0.7086438383978921,0.8664859981933153,0.77268028738746
group 1,Confindr,0.05,220,1,0.0133333333333333,0.008130081300813,0.0101010101010101
group 1,Confindr,0.05,220,2,0.23448674968071515,0.1468834688346883,0.1739004516782294
group 1,Confindr,0.05,220,3,0.36151372916078794,0.28599819331526644,0.3072163848214447
group 1,Confindr,0.05,220,4,0.49937217168929315,0.41806684733514,0.4389177744829048
group 1,Confindr,0.05,220,5,0.5910995582303089,0.5664859981933152,0.5639082861861874
group 1,Confindr,0.05,220,6,0.6306214105390312,0.6475158084914183,0.6259586507485667
group 1,Confindr,0.05,220,7,0.6596668605019187,0.7078590785907859,0.669881158361127
group 1,Confindr,0.05,220,8,0.6956023722103581,0.8073170731707318,0.7415655510460359
group 1,Confindr,0.05,220,9,0.7188728650062175,0.8675700090334236,0.782693594955362
group 1,Confindr,0.05,220,10,0.729107752597163,0.8945799457994581,0.7992909485719961
group 1,NanoMGT,0.01,120,1,0.05008063285442025,0.11065943992773256,0.06803587467098325
group 1,NanoMGT,0.01,120,2,0.1571844790285247,0.3985546522131888,0.22260261453101934
group 1,NanoMGT,0.01,120,3,0.20670435372447754,0.5383920505871725,0.2941019513353832
group 1,NanoMGT,0.01,120,4,0.25263649759918905,0.6567299006323396,0.36066094137631377
group 1,NanoMGT,0.01,120,5,0.2576791443121871,0.7407407407407407,0.38036077132421797
group 1,NanoMGT,0.01,120,6,0.29273379613280864,0.8179765130984644,0.42873902202298425
group 1,NanoMGT,0.01,120,7,0.27528915218210004,0.8523938572719061,0.41485376797540163
group 1,NanoMGT,0.01,120,8,0.29112314378997783,0.8757000903342367,0.43599590143422595
group 1,NanoMGT,0.01,120,9,0.2888732941318022,0.8993676603432701,0.4360775528249401
group 1,NanoMGT,0.01,120,10,0.2861985184443109,0.907497741644083,0.43424636736155053
group 1,NanoMGT,0.01,170,1,0.08926584359384054,0.20650406504065036,0.1242216616438154
group 1,NanoMGT,0.01,170,2,0.1734687328076288,0.4347786811201445,0.24646733646691588
group 1,NanoMGT,0.01,170,3,0.21702365999690745,0.6312556458897922,0.32076500309584266
group 1,NanoMGT,0.01,170,4,0.2676932108623229,0.729539295392954,0.38847044980385803
group 1,NanoMGT,0.01,170,5,0.29250762942172315,0.8020776874435411,0.42602571970781744
group 1,NanoMGT,0.01,170,6,0.2931681023788516,0.8653116531165312,0.43503127241395756
group 1,NanoMGT,0.01,170,7,0.3074374989146689,0.8834688346883468,0.4531592787926908
group 1,NanoMGT,0.01,170,8,0.3253041880580225,0.9056007226738934,0.477394082655897
group 1,NanoMGT,0.01,170,9,0.30650592124149756,0.9237579042457091,0.45803593024762745
group 1,NanoMGT,0.01,170,10,0.3040649591144966,0.9315266485998194,0.45663812587093267
group 1,NanoMGT,0.01,220,1,0.08744110701077909,0.20840108401084012,0.12257108441216286
group 1,NanoMGT,0.01,220,2,0.16305313013717085,0.38193315266485994,0.2263157635312869
group 1,NanoMGT,0.01,220,3,0.25218272815889853,0.6297199638663054,0.35726661586257513
group 1,NanoMGT,0.01,220,4,0.29222692933049466,0.7132791327913279,0.41249646567090786
group 1,NanoMGT,0.01,220,5,0.32165977060484696,0.779494128274616,0.45351293950647176
group 1,NanoMGT,0.01,220,6,0.3372377971356352,0.8608852755194218,0.48272688278463594
group 1,NanoMGT,0.01,220,7,0.34880431350178454,0.8757000903342367,0.49745940341178435
group 1,NanoMGT,0.01,220,8,0.3769095712046398,0.8993676603432701,0.5293115960382774
group 1,NanoMGT,0.01,220,9,0.3728101417889128,0.9318879855465222,0.5304171930327743
group 1,NanoMGT,0.01,220,10,0.37126038733101585,0.946702800361337,0.532236948600656
group 1,NanoMGT,0.02,120,1,0.0613580572927756,0.09918699186991865,0.0736366629067721
group 1,NanoMGT,0.02,120,2,0.1820712853016479,0.3897018970189702,0.24357402072309536
group 1,NanoMGT,0.02,120,3,0.2563288382944042,0.5717253839205059,0.3478590850784128
group 1,NanoMGT,0.02,120,4,0.3150745453377032,0.7259259259259259,0.4343050205463006
group 1,NanoMGT,0.02,120,5,0.340495592804977,0.7984643179765131,0.4719063911560697
group 1,NanoMGT,0.02,120,6,0.3597241901296523,0.9083107497741643,0.5105095354127783
group 1,NanoMGT,0.02,120,7,0.37075419833277634,0.9171635049683831,0.5246389440545113
group 1,NanoMGT,0.02,120,8,0.3689267947120045,0.9441734417344174,0.5252005401873173
group 1,NanoMGT,0.02,120,9,0.3569753885236306,0.9519421860885275,0.5152609882810981
group 1,NanoMGT,0.02,120,10,0.36239989300864817,0.9600722673893406,0.521162628095852
group 1,NanoMGT,0.02,170,1,0.09252107767473855,0.14101174345076775,0.11088211372123724
group 1,NanoMGT,0.02,170,2,0.1955172180202737,0.34417344173441733,0.24576162859353176
group 1,NanoMGT,0.02,170,3,0.3081231696643998,0.5691056910569106,0.393667100033807
group 1,NanoMGT,0.02,170,4,0.3695262448657495,0.7029810298102981,0.4777486460507396
group 1,NanoMGT,0.02,170,5,0.39837822965988945,0.7887985546522132,0.5240190220673968
group 1,NanoMGT,0.02,170,6,0.4185273721355479,0.839476061427281,0.553367515158901
group 1,NanoMGT,0.02,170,7,0.4287331764310297,0.8827461607949414,0.5735320965661088
group 1,NanoMGT,0.02,170,8,0.44106706537534174,0.9374887082204155,0.5960254327921233
group 1,NanoMGT,0.02,170,9,0.4485626183675653,0.9530261969286358,0.6063866582995724
group 1,NanoMGT,0.02,170,10,0.4340704410446366,0.9800361336946704,0.5992938517917714
group 1,NanoMGT,0.02,220,1,0.09468951941778025,0.14697380307136398,0.1141322654166628
group 1,NanoMGT,0.02,220,2,0.18375442329501196,0.28500451671183374,0.22057021618677097
group 1,NanoMGT,0.02,220,3,0.3464779093455564,0.49584462511291777,0.39097466156460225
group 1,NanoMGT,0.02,220,4,0.4082392168140246,0.6056910569105691,0.47124100606915365
group 1,NanoMGT,0.02,220,5,0.4546884164689478,0.7077687443541103,0.541560764447995
group 1,NanoMGT,0.02,220,6,0.4875179409575395,0.784372177055104,0.5907373169998005
group 1,NanoMGT,0.02,220,7,0.5313604280993574,0.8269196025293586,0.6359557843211391
group 1,NanoMGT,0.02,220,8,0.5314490988624038,0.858717253839205,0.6491874906885171
group 1,NanoMGT,0.02,220,9,0.5511395451771914,0.9019873532068654,0.6779559345248045
group 1,NanoMGT,0.02,220,10,0.5711649040356503,0.9533875338753388,0.709654095498542
group 1,NanoMGT,0.03,120,1,0.06990391984545599,0.09177958446251125,0.0771628863419866
group 1,NanoMGT,0.03,120,2,0.19279905687297894,0.34751580849141817,0.24227984390856455
group 1,NanoMGT,0.03,120,3,0.2684219365681826,0.5210478771454381,0.3456900896099055
group 1,NanoMGT,0.03,120,4,0.3421501252572457,0.7029810298102981,0.4510416190514551
group 1,NanoMGT,0.03,120,5,0.36607895601752666,0.7822041553748871,0.4881405881859844
group 1,NanoMGT,0.03,120,6,0.39845228714382963,0.865040650406504,0.5375075992170146
group 1,NanoMGT,0.03,120,7,0.41304133611124016,0.9083107497741643,0.5596080585713018
group 1,NanoMGT,0.03,120,8,0.42212685801947836,0.9360433604336044,0.5747474971985285
group 1,NanoMGT,0.03,120,9,0.4143836332950259,0.947877145438121,0.5709530362370137
group 1,NanoMGT,0.03,120,10,0.4186824665666351,0.9552845528455284,0.5756919791106558
group 1,NanoMGT,0.03,170,1,0.0977459966660527,0.10623306233062325,0.1007339959688705
group 1,NanoMGT,0.03,170,2,0.20005803061114735,0.2853658536585365,0.23215980656452928
group 1,NanoMGT,0.03,170,3,0.344235208405821,0.5288166214995483,0.4049120553754153
group 1,NanoMGT,0.03,170,4,0.43178846637095414,0.6941282746160794,0.5196154288053552
group 1,NanoMGT,0.03,170,5,0.4679593554593554,0.7644083107497741,0.5679290936686999
group 1,NanoMGT,0.03,170,6,0.47751492147864727,0.8187895212285456,0.5947360946382577
group 1,NanoMGT,0.03,170,7,0.4976256076631498,0.8853658536585367,0.6297892419973693
group 1,NanoMGT,0.03,170,8,0.5080618963869039,0.9212285456187894,0.6482149594440583
group 1,NanoMGT,0.03,170,9,0.5170885449373532,0.9445347786811201,0.6628503257817386
group 1,NanoMGT,0.03,170,10,0.5145200506827134,0.975609756097561,0.6686284648846075
group 1,NanoMGT,0.03,220,1,0.1085744763710865,0.1169828364950316,0.11241680305510085
group 1,NanoMGT,0.03,220,2,0.20606692760238632,0.2853658536585365,0.2390658473543492
group 1,NanoMGT,0.03,220,3,0.35319004204054827,0.4644083107497742,0.3804008048138044
group 1,NanoMGT,0.03,220,4,0.4567161443530369,0.6252935862691962,0.5090927287665754
group 1,NanoMGT,0.03,220,5,0.500552650001876,0.7063233965672989,0.5675262594913956
group 1,NanoMGT,0.03,220,6,0.5437371059604178,0.7999096657633242,0.6318165890776184
group 1,NanoMGT,0.03,220,7,0.562611862566885,0.8339656729900633,0.6578989814600138
group 1,NanoMGT,0.03,220,8,0.5745263852429059,0.87353206865402,0.6821629685201014
group 1,NanoMGT,0.03,220,9,0.5932300828646804,0.9249322493224932,0.7143246114256669
group 1,NanoMGT,0.03,220,10,0.6057736683830371,0.9604336043360433,0.7361399492531877
group 1,NanoMGT,0.04,120,1,0.0549884848665336,0.0573622402890695,0.0522576750242016
group 1,NanoMGT,0.04,120,2,0.19844103585416953,0.3271906052393857,0.24038677855992086
group 1,NanoMGT,0.04,120,3,0.26786031660447546,0.4618789521228545,0.3252312259857034
group 1,NanoMGT,0.04,120,4,0.37258088143569995,0.6752484191508582,0.4651640244784996
group 1,NanoMGT,0.04,120,5,0.39213983785913487,0.7419150858175249,0.4958653033826447
group 1,NanoMGT,0.04,120,6,0.43865956865956857,0.8717253839205059,0.5705987919636448
group 1,NanoMGT,0.04,120,7,0.43872460933080193,0.9112917795844625,0.5813980890903968
group 1,NanoMGT,0.04,120,8,0.43456138149199597,0.9353206865401987,0.5836518390226778
group 1,NanoMGT,0.04,120,9,0.4375153418283356,0.9434507678410118,0.5901324806735535
group 1,NanoMGT,0.04,120,10,0.436827540978419,0.9556458897922312,0.5926467767051342
group 1,NanoMGT,0.04,170,1,0.0946114208575688,0.08292682926829265,0.0854436454791087
group 1,NanoMGT,0.04,170,2,0.19971442921806637,0.3049683830171635,0.2373111631443034
group 1,NanoMGT,0.04,170,3,0.3375994960692351,0.5432700993676602,0.4022873324881774
group 1,NanoMGT,0.04,170,4,0.42118991222673385,0.7041553748870821,0.5137975977414037
group 1,NanoMGT,0.04,170,5,0.4696487338606353,0.8110207768744355,0.5828315774196914
group 1,NanoMGT,0.04,170,6,0.4772114263337465,0.8532068654019875,0.6024986287458666
group 1,NanoMGT,0.04,170,7,0.4861221301336539,0.9127371273712738,0.6273561362874209
group 1,NanoMGT,0.04,170,8,0.48679010417894264,0.9401084010840108,0.635026818910401
group 1,NanoMGT,0.04,170,9,0.4997313339807187,0.9438121047877145,0.6454068588967395
group 1,NanoMGT,0.04,170,10,0.4933291406926058,0.9597109304426377,0.6439782246345617
group 1,NanoMGT,0.04,220,1,0.1210682189542483,0.12140921409214085,0.1199465759881864
group 1,NanoMGT,0.04,220,2,0.2307154678833423,0.3249322493224932,0.26510468089415457
group 1,NanoMGT,0.04,220,3,0.3700290554043789,0.5173441734417343,0.4113422114235782
group 1,NanoMGT,0.04,220,4,0.46167255759774606,0.673803071364047,0.5284994654397639
group 1,NanoMGT,0.04,220,5,0.514922942446751,0.795483288166215,0.6104843839595784
group 1,NanoMGT,0.04,220,6,0.5288851891669487,0.8495031616982835,0.6388791783059922
group 1,NanoMGT,0.04,220,7,0.5340514494085923,0.8809394760614273,0.6546640945543214
group 1,NanoMGT,0.04,220,8,0.5395151649176417,0.9316169828364951,0.6743371414537451
group 1,NanoMGT,0.04,220,9,0.5518877686640844,0.9593495934959348,0.692914792322687
group 1,NanoMGT,0.04,220,10,0.5638261689625426,0.975609756097561,0.7071906353569288
group 1,NanoMGT,0.05,120,1,0.0594806763285024,0.0418247515808491,0.04568228706159735
group 1,NanoMGT,0.05,120,2,0.1953049984101548,0.2572719060523938,0.21713625420377855
group 1,NanoMGT,0.05,120,3,0.23886992636992635,0.3757000903342367,0.28906019017334583
group 1,NanoMGT,0.05,120,4,0.43144938716171344,0.6201445347786811,0.4870757023706514
group 1,NanoMGT,0.05,120,5,0.4629176050798436,0.7186088527551941,0.5425245155270064
group 1,NanoMGT,0.05,120,6,0.5012243140150117,0.82773261065944,0.6059989467079885
group 1,NanoMGT,0.05,120,7,0.516290359729539,0.8998193315266486,0.6419791465844098
group 1,NanoMGT,0.05,120,8,0.5168565807924109,0.9231255645889792,0.6488119908507232
group 1,NanoMGT,0.05,120,9,0.5117335050187437,0.9271906052393857,0.6478114597658539
group 1,NanoMGT,0.05,120,10,0.5169780247479884,0.9312556458897923,0.655028886395011
group 1,NanoMGT,0.05,170,1,0.09404043330596995,0.0644083107497741,0.07365137733354785
group 1,NanoMGT,0.05,170,2,0.21849491300826168,0.2779584462511291,0.2395779703704688
group 1,NanoMGT,0.05,170,3,0.37580720992485694,0.49069557362240296,0.403629704444632
group 1,NanoMGT,0.05,170,4,0.47178965749317436,0.6416440831074978,0.5244286068199111
group 1,NanoMGT,0.05,170,5,0.5240607191229121,0.7488708220415538,0.6027316092169814
group 1,NanoMGT,0.05,170,6,0.5459469493700275,0.8269196025293586,0.647167188833349
group 1,NanoMGT,0.05,170,7,0.5513715778977104,0.9012646793134598,0.6770235660817526
group 1,NanoMGT,0.05,170,8,0.5580537606616696,0.9438121047877145,0.6962539231719311
group 1,NanoMGT,0.05,170,9,0.5547749497106509,0.9401084010840107,0.6921497378166235
group 1,NanoMGT,0.05,170,10,0.5662378007391133,0.9515808491418247,0.7029585135650636
group 1,NanoMGT,0.05,220,1,0.11200708795048415,0.09069557362240285,0.10004638218923925
group 1,NanoMGT,0.05,220,2,0.22422794250751235,0.27570009033423665,0.24681423184128543
group 1,NanoMGT,0.05,220,3,0.4142305107526882,0.45365853658536587,0.409433533937625
group 1,NanoMGT,0.05,220,4,0.49688084751094386,0.6046070460704608,0.5211681076464342
group 1,NanoMGT,0.05,220,5,0.5624440721922588,0.7252032520325202,0.6126911295332348
group 1,NanoMGT,0.05,220,6,0.5768297771761006,0.7762420957542908,0.6456688358747582
group 1,NanoMGT,0.05,220,7,0.5848039215686274,0.8343270099367661,0.6738685964701183
group 1,NanoMGT,0.05,220,8,0.5985754985754985,0.9086720867208673,0.7113139830255356
group 1,NanoMGT,0.05,220,9,0.6154810088552254,0.9519421860885275,0.7389583720125552
group 1,NanoMGT,0.05,220,10,0.6286061563235475,0.967479674796748,0.7525809634759784
group 2,Confindr,0.01,120,1,0.1449933789110618,0.1282986111111111,0.12745159932659927
group 2,Confindr,0.01,120,2,0.2508431058317867,0.27152777777777776,0.2556665556665556
group 2,Confindr,0.01,120,3,0.38017003915746655,0.5295138888888888,0.4294769700118777
group 2,Confindr,0.01,120,4,0.4205994480124436,0.6274305555555556,0.49035264814589014
group 2,Confindr,0.01,120,5,0.4739991877892953,0.7711805555555555,0.5746871826383303
group 2,Confindr,0.01,120,6,0.5063471795363143,0.8692708333333333,0.6264634766297908
group 2,Confindr,0.01,120,7,0.511016281174574,0.8880208333333334,0.6357200604823463
group 2,Confindr,0.01,120,8,0.517681333211796,0.9013888888888889,0.6460181898860307
group 2,Confindr,0.01,120,9,0.5134457120869648,0.9006944444444445,0.6428959607434087
group 2,Confindr,0.01,120,10,0.5089520761546336,0.9015624999999999,0.6396587628571565
group 2,Confindr,0.01,170,1,0.15664350996603413,0.22274305555555554,0.1782449494802761
group 2,Confindr,0.01,170,2,0.2803891374313263,0.5154513888888889,0.3514351175465336
group 2,Confindr,0.01,170,3,0.3342366912412957,0.6809027777777779,0.4357644179732875
group 2,Confindr,0.01,170,4,0.39155366457223856,0.8609375,0.5251132283423299
group 2,Confindr,0.01,170,5,0.39476978192519613,0.8838541666666666,0.5325856409670934
group 2,Confindr,0.01,170,6,0.39450315543408027,0.9006944444444445,0.5362767124074015
group 2,Confindr,0.01,170,7,0.3916592238891164,0.8982638888888889,0.5329457121014031
group 2,Confindr,0.01,170,8,0.3917988873871227,0.8991319444444444,0.5337115045011709
group 2,Confindr,0.01,170,9,0.3931508193386062,0.9032986111111111,0.5361137314697686
group 2,Confindr,0.01,170,10,0.39487820917615024,0.9024305555555555,0.5376000460038962
group 2,Confindr,0.01,220,1,0.1338290517056579,0.26545138888888886,0.17171877250981446
group 2,Confindr,0.01,220,2,0.2354818541098308,0.602951388888889,0.3262229795442784
group 2,Confindr,0.01,220,3,0.29897211502031806,0.8618055555555556,0.43065255874115094
group 2,Confindr,0.01,220,4,0.30638931901800803,0.8930555555555556,0.44318038739016036
group 2,Confindr,0.01,220,5,0.30725893274253147,0.9024305555555555,0.44526552525842794
group 2,Confindr,0.01,220,6,0.3104321860759492,0.9032986111111111,0.4488095569363016
group 2,Confindr,0.01,220,7,0.31137139414431236,0.9083333333333333,0.4507255367064711
group 2,Confindr,0.01,220,8,0.30736415570578873,0.9083333333333333,0.44583147222689706
group 2,Confindr,0.01,220,9,0.3126440929874694,0.9083333333333333,0.45221909909355756
group 2,Confindr,0.01,220,10,0.3106443405626022,0.9083333333333333,0.4500134142934636
group 2,Confindr,0.02,120,1,0.14682609194713933,0.12743055555555552,0.12727944091761975
group 2,Confindr,0.02,120,2,0.2521385690503337,0.26979166666666665,0.2553209221717509
group 2,Confindr,0.02,120,3,0.3800128735433117,0.5244791666666666,0.42696279430561607
group 2,Confindr,0.02,120,4,0.421354278930318,0.623263888888889,0.48903129508035104
group 2,Confindr,0.02,120,5,0.47654094523301344,0.7670138888888888,0.5747651188864792
group 2,Confindr,0.02,120,6,0.5089302882514984,0.8651041666666667,0.6266874909667085
group 2,Confindr,0.02,120,7,0.5147640765890361,0.8880208333333334,0.6382318808133155
group 2,Confindr,0.02,120,8,0.521108211048232,0.9013888888888889,0.6484851032440332
group 2,Confindr,0.02,120,9,0.51710365860772,0.9006944444444445,0.645520072466909
group 2,Confindr,0.02,120,10,0.5124997927276663,0.9015624999999999,0.6422344922416726
group 2,Confindr,0.02,170,1,0.15546297584845828,0.19149305555555554,0.16156967939400405
group 2,Confindr,0.02,170,2,0.28928818624369196,0.4541666666666666,0.3334415975213621
group 2,Confindr,0.02,170,3,0.36644182163659006,0.6473958333333333,0.44746302815969047
group 2,Confindr,0.02,170,4,0.42837791948731274,0.8352430555555556,0.5458137246927097
group 2,Confindr,0.02,170,5,0.4377352495141473,0.8657986111111112,0.5611914252042993
group 2,Confindr,0.02,170,6,0.4405588031621477,0.8972222222222221,0.5725051739658223
group 2,Confindr,0.02,170,7,0.4380540273718065,0.8973958333333334,0.5706823552266332
group 2,Confindr,0.02,170,8,0.43641911020298824,0.8982638888888889,0.5696447874095976
group 2,Confindr,0.02,170,9,0.43838543991911944,0.9032986111111111,0.5729636581570133
group 2,Confindr,0.02,170,10,0.4439356396830623,0.9024305555555555,0.5776964909917491
group 2,Confindr,0.02,220,1,0.1538335314817534,0.1534722222222222,0.1439838099564258
group 2,Confindr,0.02,220,2,0.30331746224683026,0.3901041666666667,0.3201743747595102
group 2,Confindr,0.02,220,3,0.40328326961541716,0.6373263888888889,0.46694382904877657
group 2,Confindr,0.02,220,4,0.48487627086447244,0.85,0.5956710010575672
group 2,Confindr,0.02,220,5,0.48908070397277287,0.8869791666666668,0.6114341609803741
group 2,Confindr,0.02,220,6,0.495754118585096,0.8972222222222221,0.6194333419518349
group 2,Confindr,0.02,220,7,0.5001524258939513,0.9057291666666667,0.626128058661712
group 2,Confindr,0.02,220,8,0.4914249047139001,0.9074652777777777,0.6188148565049075
group 2,Confindr,0.02,220,9,0.4951216016378683,0.9074652777777777,0.623271664179003
group 2,Confindr,0.02,220,10,0.4881354719326329,0.9074652777777777,0.6175982487669778
group 2,Confindr,0.03,120,1,0.13964873964873964,0.0973958333333333,0.1038971454802783
group 2,Confindr,0.03,120,2,0.23905891145957073,0.1907986111111111,0.20338801475018198
group 2,Confindr,0.03,120,3,0.4019265978907957,0.4309027777777777,0.3969631076710069
group 2,Confindr,0.03,120,4,0.46710638501370755,0.5656249999999999,0.49376948982655106
group 2,Confindr,0.03,120,5,0.5253930068575378,0.7017361111111112,0.5830491812307325
group 2,Confindr,0.03,120,6,0.5739572152754209,0.8289930555555557,0.6605330466799499
group 2,Confindr,0.03,120,7,0.5854636309618063,0.8673611111111111,0.6834412489976964
group 2,Confindr,0.03,120,8,0.5927555341800571,0.8944444444444444,0.6991612825209147
group 2,Confindr,0.03,120,9,0.5891170990942797,0.8972222222222221,0.6983252334667429
group 2,Confindr,0.03,120,10,0.583807611333586,0.9006944444444445,0.6956861955217261
group 2,Confindr,0.03,170,1,0.18660173160173152,0.09791666666666667,0.11323700990367656
group 2,Confindr,0.03,170,2,0.3247108584009894,0.22135416666666666,0.2306619970337089
group 2,Confindr,0.03,170,3,0.4752074493702721,0.3894097222222222,0.40064043458346305
group 2,Confindr,0.03,170,4,0.5564436476443673,0.5628472222222222,0.5324063990724446
group 2,Confindr,0.03,170,5,0.6258583202367696,0.7862847222222222,0.6718541011263928
group 2,Confindr,0.03,170,6,0.6525516176703933,0.8595486111111112,0.7201927762560351
group 2,Confindr,0.03,170,7,0.6556048427919432,0.8753472222222222,0.729341951336996
group 2,Confindr,0.03,170,8,0.6589995638324041,0.8838541666666666,0.7352140296389722
group 2,Confindr,0.03,170,9,0.652299724771732,0.8973958333333334,0.737598410227899
group 2,Confindr,0.03,170,10,0.6422146816307595,0.9024305555555555,0.7333421971758795
group 2,Confindr,0.03,220,1,0.18539008506113763,0.0600694444444444,0.0748460205098791
group 2,Confindr,0.03,220,2,0.30246313522229584,0.13437499999999997,0.17419124916271866
group 2,Confindr,0.03,220,3,0.43332954907907467,0.3442708333333333,0.3568989994019008
group 2,Confindr,0.03,220,4,0.6216368995197661,0.6958333333333333,0.6299889405480356
group 2,Confindr,0.03,220,5,0.6567243558989618,0.8303819444444445,0.7093949183305743
group 2,Confindr,0.03,220,6,0.6630219445929162,0.8673611111111111,0.7312548484825875
group 2,Confindr,0.03,220,7,0.666959416577118,0.8989583333333333,0.7472506609887164
group 2,Confindr,0.03,220,8,0.6709628387164218,0.9015624999999999,0.7521021455376623
group 2,Confindr,0.03,220,9,0.660565273919367,0.9032986111111111,0.7456757395885832
group 2,Confindr,0.03,220,10,0.6583695913073336,0.9074652777777777,0.7451226892296368
group 2,Confindr,0.04,120,1,0.19987943343206496,0.027951388888888862,0.03741300330966813
group 2,Confindr,0.04,120,2,0.27514592933947774,0.11336805555555553,0.14635058800032127
group 2,Confindr,0.04,120,3,0.4724664224664224,0.25399305555555557,0.2985986332425566
group 2,Confindr,0.04,120,4,0.5314201170997287,0.3678819444444444,0.4127928865406967
group 2,Confindr,0.04,120,5,0.600560606060606,0.5263888888888889,0.5393699689025738
group 2,Confindr,0.04,120,6,0.6538506799713697,0.6506944444444445,0.6296847620301699
group 2,Confindr,0.04,120,7,0.6968411177173633,0.8074652777777778,0.7290697992953575
group 2,Confindr,0.04,120,8,0.7157934855231766,0.8704861111111111,0.7717344245048737
group 2,Confindr,0.04,120,9,0.7173008252974148,0.876736111111111,0.7767562182709923
group 2,Confindr,0.04,120,10,0.7221365454386176,0.8895833333333334,0.785896320405751
group 2,Confindr,0.04,170,1,0.20092592592592592,0.047395833333333304,0.06302325995345337
group 2,Confindr,0.04,170,2,0.2651856742169456,0.08559027777777772,0.11972378121720556
group 2,Confindr,0.04,170,3,0.3987233692559397,0.1550347222222222,0.2139072577873543
group 2,Confindr,0.04,170,4,0.5763285024154589,0.3416666666666666,0.40130412467338555
group 2,Confindr,0.04,170,5,0.7002268990408558,0.5680555555555555,0.6007054076901299
group 2,Confindr,0.04,170,6,0.740457353265235,0.7722222222222221,0.7378333089852717
group 2,Confindr,0.04,170,7,0.755402149285176,0.8460069444444445,0.7829322663527595
group 2,Confindr,0.04,170,8,0.7635386588511589,0.8717013888888889,0.8010194707797268
group 2,Confindr,0.04,170,9,0.7626460537975209,0.8888888888888888,0.809470072098013
group 2,Confindr,0.04,170,10,0.7445992838170316,0.892361111111111,0.8021379800210274
group 2,Confindr,0.04,220,1,0.1871184371184371,0.013541666666666667,0.024135362845040236
group 2,Confindr,0.04,220,2,0.22922312556458893,0.055208333333333304,0.07618903112465343
group 2,Confindr,0.04,220,3,0.3890876157226176,0.16493055555555555,0.2253618781895359
group 2,Confindr,0.04,220,4,0.5602673396999638,0.3824652777777778,0.4261495911675717
group 2,Confindr,0.04,220,5,0.6852524125093167,0.6039930555555556,0.6155111817615213
group 2,Confindr,0.04,220,6,0.7353808719697467,0.7998263888888889,0.7470340525487584
group 2,Confindr,0.04,220,7,0.7605358317035659,0.8682291666666666,0.7994877466568543
group 2,Confindr,0.04,220,8,0.7576244286060358,0.892361111111111,0.8093393392744445
group 2,Confindr,0.04,220,9,0.762816020802498,0.8982638888888889,0.8156038735126102
group 2,Confindr,0.04,220,10,0.7723350845061372,0.9041666666666667,0.8222562189328241
group 2,Confindr,0.05,120,1,0.17979797979797982,0.0067708333333333336,0.012456441559376634
group 2,Confindr,0.05,120,2,0.24669577604360213,0.06423611111111104,0.0939511187419757
group 2,Confindr,0.05,120,3,0.3681964573268921,0.1734375,0.21566724729494066
group 2,Confindr,0.05,120,4,0.5124626642771803,0.23072916666666665,0.29790794070847776
group 2,Confindr,0.05,120,5,0.6135562351435085,0.3602430555555556,0.44092853709440377
group 2,Confindr,0.05,120,6,0.655619592775556,0.45868055555555554,0.5187520243507541
group 2,Confindr,0.05,120,7,0.7335198636855895,0.6375000000000001,0.6674225978653091
group 2,Confindr,0.05,120,8,0.7735659135798558,0.7840277777777778,0.7686412764093546
group 2,Confindr,0.05,120,9,0.7907236087003561,0.8491319444444444,0.809400329773354
group 2,Confindr,0.05,120,10,0.7957908749097075,0.8717013888888889,0.8242856765035477
group 2,Confindr,0.05,170,1,0.18015873015873016,0.010937500000000001,0.0202235202235202
group 2,Confindr,0.05,170,2,0.22971332031043767,0.0425347222222222,0.05991784353256766
group 2,Confindr,0.05,170,3,0.3622758820127241,0.09652777777777777,0.14432767378485933
group 2,Confindr,0.05,170,4,0.5014790980144335,0.2197916666666667,0.2814824022226436
group 2,Confindr,0.05,170,5,0.6207784521544826,0.36388888888888893,0.4330776442640849
group 2,Confindr,0.05,170,6,0.7273846806778663,0.5546875,0.6044006776939895
group 2,Confindr,0.05,170,7,0.7679272201375861,0.7206597222222223,0.7277787913803239
group 2,Confindr,0.05,170,8,0.7921337500562204,0.8288194444444444,0.7983225732385643
group 2,Confindr,0.05,170,9,0.8117612708405547,0.8708333333333332,0.8317428764945901
group 2,Confindr,0.05,170,10,0.8051263588074589,0.8881944444444444,0.8374026369561259
group 2,Confindr,0.05,220,1,0.18138651471984804,0.010937500000000001,0.020281088774239436
group 2,Confindr,0.05,220,2,0.22364321502252535,0.0366319444444444,0.04982163805693213
group 2,Confindr,0.05,220,3,0.25378050861921825,0.09010416666666664,0.12844956539012056
group 2,Confindr,0.05,220,4,0.45317113442113444,0.1815972222222222,0.2469826951990529
group 2,Confindr,0.05,220,5,0.5982582844221095,0.32430555555555546,0.39257123144932976
group 2,Confindr,0.05,220,6,0.7275689905591866,0.5614583333333333,0.6144404200562433
group 2,Confindr,0.05,220,7,0.7703103997580723,0.7487847222222223,0.7462682540636288
group 2,Confindr,0.05,220,8,0.802195634423288,0.8560763888888889,0.8187909641921133
group 2,Confindr,0.05,220,9,0.8107134534358531,0.8923611111111112,0.8407928779892151
group 2,Confindr,0.05,220,10,0.8169487228268154,0.8982638888888889,0.8480056800046675
group 2,NanoMGT,0.01,120,1,0.11055604403207138,0.15590277777777772,0.12310401267583097
group 2,NanoMGT,0.01,120,2,0.216693392049908,0.3251736111111111,0.24961453455673346
group 2,NanoMGT,0.01,120,3,0.28109766592532975,0.45850694444444445,0.3360117563381171
group 2,NanoMGT,0.01,120,4,0.32474047687344604,0.5409722222222222,0.39454232193708383
group 2,NanoMGT,0.01,120,5,0.3681850678485063,0.6585069444444445,0.45889335718586666
group 2,NanoMGT,0.01,120,6,0.38526947274376194,0.7142361111111111,0.48613906097075504
group 2,NanoMGT,0.01,120,7,0.3862246739365383,0.7630208333333334,0.4984780071020644
group 2,NanoMGT,0.01,120,8,0.4041635492813847,0.7954861111111112,0.5213337047425393
group 2,NanoMGT,0.01,120,9,0.4058900032228265,0.8315972222222223,0.5304956750175117
group 2,NanoMGT,0.01,120,10,0.4017211265303386,0.8331597222222221,0.5248172911559107
group 2,NanoMGT,0.01,170,1,0.14535263040874372,0.21319444444444444,0.16226431330249916
group 2,NanoMGT,0.01,170,2,0.23894605791321655,0.3602430555555555,0.2716856696623398
group 2,NanoMGT,0.01,170,3,0.3007611758591922,0.49600694444444443,0.3590747956549698
group 2,NanoMGT,0.01,170,4,0.35739767819904417,0.61875,0.43705422554791756
group 2,NanoMGT,0.01,170,5,0.39571704583506184,0.7586805555555557,0.4986349653849654
group 2,NanoMGT,0.01,170,6,0.39931551961171197,0.7788194444444446,0.5073339082485128
group 2,NanoMGT,0.01,170,7,0.41670029860400465,0.7774305555555556,0.5274539230949463
group 2,NanoMGT,0.01,170,8,0.4112232743776105,0.8208333333333333,0.5270743419327587
group 2,NanoMGT,0.01,170,9,0.4121662567177067,0.8510416666666667,0.531482095134343
group 2,NanoMGT,0.01,170,10,0.4084336053480156,0.8671875,0.5317742984364251
group 2,NanoMGT,0.01,220,1,0.14676639276085648,0.18385416666666665,0.1530172549537369
group 2,NanoMGT,0.01,220,2,0.2607797313100335,0.33090277777777777,0.279066305172468
group 2,NanoMGT,0.01,220,3,0.3180657063326606,0.4456597222222222,0.3564533064051028
group 2,NanoMGT,0.01,220,4,0.39958846257596403,0.6531250000000001,0.48406045677205256
group 2,NanoMGT,0.01,220,5,0.442274701201342,0.7036458333333333,0.5285529970150278
group 2,NanoMGT,0.01,220,6,0.45843646550883393,0.7411458333333334,0.5520243917429627
group 2,NanoMGT,0.01,220,7,0.4914346717508972,0.8654513888888888,0.6161783985232628
group 2,NanoMGT,0.01,220,8,0.49471328487151167,0.8199652777777778,0.6052608108548854
group 2,NanoMGT,0.01,220,9,0.5074398589031678,0.8128472222222222,0.6081217691269937
group 2,NanoMGT,0.01,220,10,0.5236938992504222,0.8920138888888888,0.6476083449173614
group 2,NanoMGT,0.02,120,1,0.13427119981467805,0.1362847222222222,0.12879224624205868
group 2,NanoMGT,0.02,120,2,0.27022354451546055,0.31927083333333334,0.2828059242081233
group 2,NanoMGT,0.02,120,3,0.3884738337429101,0.5368055555555555,0.4399177579084623
group 2,NanoMGT,0.02,120,4,0.4368821137994862,0.6519097222222222,0.5125943660633528
group 2,NanoMGT,0.02,120,5,0.4697537945499741,0.7454861111111111,0.5639354702581226
group 2,NanoMGT,0.02,120,6,0.4905082531615698,0.8085069444444445,0.6006333080449913
group 2,NanoMGT,0.02,120,7,0.5265737596106953,0.8793402777777778,0.6478879469014903
group 2,NanoMGT,0.02,120,8,0.5228379262517932,0.9243055555555557,0.6585619585606866
group 2,NanoMGT,0.02,120,9,0.5238048562721755,0.9189236111111111,0.6558720990183992
group 2,NanoMGT,0.02,120,10,0.5272554032036051,0.9600694444444443,0.6723999833381554
group 2,NanoMGT,0.02,170,1,0.20844425527170504,0.1802083333333333,0.18148776688805082
group 2,NanoMGT,0.02,170,2,0.35321630946115445,0.3206597222222222,0.3236336029108589
group 2,NanoMGT,0.02,170,3,0.41505195883197815,0.4376736111111111,0.41160743484813406
group 2,NanoMGT,0.02,170,4,0.47420867892759183,0.5402777777777777,0.4911991736924802
group 2,NanoMGT,0.02,170,5,0.5529314030424978,0.6947916666666667,0.6032301147619278
group 2,NanoMGT,0.02,170,6,0.5784669678147939,0.8145833333333333,0.6640665973112782
group 2,NanoMGT,0.02,170,7,0.5881695774364307,0.8524305555555555,0.6861471723422771
group 2,NanoMGT,0.02,170,8,0.5951693706956865,0.8996527777777779,0.7080417390897275
group 2,NanoMGT,0.02,170,9,0.6025916033284454,0.9152777777777777,0.718078436323632
group 2,NanoMGT,0.02,170,10,0.6176548798868398,0.9338541666666668,0.7341734601374633
group 2,NanoMGT,0.02,220,1,0.2934599363094674,0.12760416666666663,0.16214904982176304
group 2,NanoMGT,0.02,220,2,0.4568280971789744,0.23906250000000004,0.29417442856272796
group 2,NanoMGT,0.02,220,3,0.5496681865467857,0.34583333333333327,0.40367971118478213
group 2,NanoMGT,0.02,220,4,0.6158062051800192,0.4762152777777778,0.5181793348004455
group 2,NanoMGT,0.02,220,5,0.6855655447822072,0.6315972222222223,0.645341927040375
group 2,NanoMGT,0.02,220,6,0.7115073311297567,0.7265625,0.7088501557339254
group 2,NanoMGT,0.02,220,7,0.7335947572282201,0.7836805555555556,0.7495095647761362
group 2,NanoMGT,0.02,220,8,0.7562393670236807,0.8453125,0.7929288652851967
group 2,NanoMGT,0.02,220,9,0.7629110459016758,0.8651041666666668,0.8075787877015063
group 2,NanoMGT,0.02,220,10,0.7596594054041367,0.8899305555555556,0.8157589048611795
group 2,NanoMGT,0.03,120,1,0.12116364568564669,0.10138888888888886,0.10467048302574612
group 2,NanoMGT,0.03,120,2,0.2810088798597548,0.2598958333333333,0.2593153368472688
group 2,NanoMGT,0.03,120,3,0.44365316390543014,0.5072916666666666,0.46196470456544203
group 2,NanoMGT,0.03,120,4,0.4875402357632194,0.6218750000000001,0.5379868025614425
group 2,NanoMGT,0.03,120,5,0.5371291743158049,0.759375,0.6189482721860841
group 2,NanoMGT,0.03,120,6,0.5442367206168693,0.8130208333333333,0.643718864258065
group 2,NanoMGT,0.03,120,7,0.579888453866395,0.8777777777777778,0.6903108943159006
group 2,NanoMGT,0.03,120,8,0.5950181737812211,0.9302083333333333,0.7170091589172847
group 2,NanoMGT,0.03,120,9,0.5988619695573206,0.9567708333333332,0.7284059964483279
group 2,NanoMGT,0.03,120,10,0.6016912457227543,0.9654513888888889,0.734066185910514
group 2,NanoMGT,0.03,170,1,0.2107050417790206,0.12986111111111107,0.15252901079672732
group 2,NanoMGT,0.03,170,2,0.4123509237698883,0.26458333333333334,0.3081840502192484
group 2,NanoMGT,0.03,170,3,0.5045963751477003,0.3980902777777778,0.43441546142117377
group 2,NanoMGT,0.03,170,4,0.5743037664090296,0.5196180555555555,0.5352158270512701
group 2,NanoMGT,0.03,170,5,0.6518644831961002,0.7300347222222223,0.6812782344736904
group 2,NanoMGT,0.03,170,6,0.6836783224804773,0.8133680555555555,0.734976651442418
group 2,NanoMGT,0.03,170,7,0.6894347810349211,0.8664930555555556,0.7602856733684238
group 2,NanoMGT,0.03,170,8,0.6961978167335311,0.8980902777777778,0.7768695930160471
group 2,NanoMGT,0.03,170,9,0.7144822474091858,0.9375,0.8039194169090003
group 2,NanoMGT,0.03,170,10,0.7211772051766993,0.9434027777777777,0.8099369858721787
group 2,NanoMGT,0.03,220,1,0.2098240084055687,0.08350694444444444,0.1147866634187348
group 2,NanoMGT,0.03,220,2,0.4841747870129512,0.21006944444444442,0.2782779244176303
group 2,NanoMGT,0.03,220,3,0.5962160424116946,0.31545138888888885,0.3927623130456784
group 2,NanoMGT,0.03,220,4,0.6802989242013632,0.5027777777777778,0.5637636591330667
group 2,NanoMGT,0.03,220,5,0.7368254294008597,0.6845486111111111,0.6978809084292029
group 2,NanoMGT,0.03,220,6,0.728311687801968,0.7374999999999999,0.7256775495557809
group 2,NanoMGT,0.03,220,7,0.760592467235946,0.8357638888888889,0.7915437798748904
group 2,NanoMGT,0.03,220,8,0.7788436800500639,0.8696180555555554,0.8165124620977435
group 2,NanoMGT,0.03,220,9,0.7785692303664292,0.8899305555555556,0.8264511541730895
group 2,NanoMGT,0.03,220,10,0.78336710466508,0.9258680555555555,0.8447558380662402
group 2,NanoMGT,0.04,120,1,0.14600944086276715,0.09149305555555554,0.10686431594816491
group 2,NanoMGT,0.04,120,2,0.30969453903539185,0.2376736111111111,0.2633808310335994
group 2,NanoMGT,0.04,120,3,0.4809227330779055,0.5027777777777778,0.4815677061083164
group 2,NanoMGT,0.04,120,4,0.5150942224237954,0.6104166666666667,0.5520233798892519
group 2,NanoMGT,0.04,120,5,0.5725589225589226,0.7421875,0.6402563154782958
group 2,NanoMGT,0.04,120,6,0.607270867113641,0.8201388888888889,0.6884438470154252
group 2,NanoMGT,0.04,120,7,0.6342372706486858,0.892013888888889,0.7334770805634125
group 2,NanoMGT,0.04,120,8,0.6555598987549951,0.9543402777777779,0.7705408367567862
group 2,NanoMGT,0.04,120,9,0.6401994958446572,0.978125,0.7681859040126723
group 2,NanoMGT,0.04,120,10,0.6375425043412332,0.9824652777777777,0.7677791862260864
group 2,NanoMGT,0.04,170,1,0.2187116945181461,0.11996527777777773,0.14842760556300827
group 2,NanoMGT,0.04,170,2,0.42268543982027124,0.2682291666666667,0.3146690051934479
group 2,NanoMGT,0.04,170,3,0.4880753814176935,0.3595486111111111,0.39661805791453714
group 2,NanoMGT,0.04,170,4,0.6307126994238795,0.615625,0.6155034777605608
group 2,NanoMGT,0.04,170,5,0.6720424586574255,0.7578125,0.7064925592161644
group 2,NanoMGT,0.04,170,6,0.7083403174179811,0.8824652777777778,0.7787243088461954
group 2,NanoMGT,0.04,170,7,0.7181040052841888,0.9137152777777778,0.796823462832826
group 2,NanoMGT,0.04,170,8,0.7233865590670289,0.9529513888888889,0.8157420920563206
group 2,NanoMGT,0.04,170,9,0.7283361467817581,0.9631944444444445,0.8227365290483317
group 2,NanoMGT,0.04,170,10,0.7391188206886429,0.9649305555555556,0.8301135044810185
group 2,NanoMGT,0.04,220,1,0.20523857190523853,0.09045138888888886,0.12014597664422656
group 2,NanoMGT,0.04,220,2,0.5109455784801483,0.21822916666666667,0.28146910040292394
group 2,NanoMGT,0.04,220,3,0.5878173922227846,0.34913194444444445,0.4154323894463148
group 2,NanoMGT,0.04,220,4,0.6830629458242244,0.6105902777777777,0.6303430923094673
group 2,NanoMGT,0.04,220,5,0.7173150197276256,0.7515625,0.7264412063933046
group 2,NanoMGT,0.04,220,6,0.7199696970507837,0.7907986111111112,0.7472324491848394
group 2,NanoMGT,0.04,220,7,0.753526653946832,0.9071180555555555,0.8151384046627986
group 2,NanoMGT,0.04,220,8,0.7546712450862981,0.9557291666666666,0.8369830008319021
group 2,NanoMGT,0.04,220,9,0.7620694319898854,0.9520833333333334,0.8413869720735795
group 2,NanoMGT,0.04,220,10,0.7606640525225665,0.9571180555555556,0.8421187011090162
group 2,NanoMGT,0.05,120,1,0.13627289377289373,0.04878472222222217,0.07091730271104657
group 2,NanoMGT,0.05,120,2,0.32224357009170485,0.20121527777777773,0.24312068215890847
group 2,NanoMGT,0.05,120,3,0.5254953461093812,0.44079861111111107,0.46997224881156097
group 2,NanoMGT,0.05,120,4,0.571274073855932,0.5652777777777778,0.5604452241358263
group 2,NanoMGT,0.05,120,5,0.6366062178562178,0.6979166666666666,0.6611552422101555
group 2,NanoMGT,0.05,120,6,0.6572896213260356,0.75625,0.7004901287003733
group 2,NanoMGT,0.05,120,7,0.691691385840322,0.8732638888888888,0.7674262276954783
group 2,NanoMGT,0.05,120,8,0.6979879841109624,0.9197916666666668,0.790347254468562
group 2,NanoMGT,0.05,120,9,0.7161088885941052,0.9697916666666666,0.8199892882729394
group 2,NanoMGT,0.05,120,10,0.715779710688472,0.9723958333333332,0.8211257644594165
group 2,NanoMGT,0.05,170,1,0.23363215731636786,0.1022569444444444,0.13808663974023913
group 2,NanoMGT,0.05,170,2,0.37609605715195776,0.2046874999999999,0.25910417806969527
group 2,NanoMGT,0.05,170,3,0.5343466798946251,0.32517361111111104,0.39279354057378474
group 2,NanoMGT,0.05,170,4,0.7194695827048768,0.5779513888888889,0.6380451125047423
group 2,NanoMGT,0.05,170,5,0.782491476045483,0.7135416666666666,0.7435422081788113
group 2,NanoMGT,0.05,170,6,0.8005859163866212,0.8342013888888888,0.8149519622397158
group 2,NanoMGT,0.05,170,7,0.8062918062401206,0.8960069444444444,0.8466262296069478
group 2,NanoMGT,0.05,170,8,0.7981480573414211,0.9289930555555554,0.8576771026818019
group 2,NanoMGT,0.05,170,9,0.8264302782044718,0.967361111111111,0.888977875336831
group 2,NanoMGT,0.05,170,10,0.8112495096973341,0.962326388888889,0.8786222086323944
group 2,NanoMGT,0.05,220,1,0.22934561334384027,0.08541666666666664,0.12054633943526012
group 2,NanoMGT,0.05,220,2,0.3808496732026143,0.16979166666666665,0.2287815093997764
group 2,NanoMGT,0.05,220,3,0.6291208791208791,0.31354166666666666,0.40378496906136757
group 2,NanoMGT,0.05,220,4,0.7403751543967579,0.5760416666666667,0.6349673437075188
group 2,NanoMGT,0.05,220,5,0.788465127332584,0.6875,0.7282255265550512
group 2,NanoMGT,0.05,220,6,0.811989867717422,0.7866319444444444,0.796046894806174
group 2,NanoMGT,0.05,220,7,0.819908420052584,0.8458333333333333,0.830451156563325
group 2,NanoMGT,0.05,220,8,0.8380697766985449,0.8965277777777777,0.8644189754820903
group 2,NanoMGT,0.05,220,9,0.8370958934032329,0.953125,0.8898965654661017
group 2,NanoMGT,0.05,220,10,0.8394001336062136,0.9605902777777778,0.8943929972201472
