batch,mrd,np,average_f1
1,0.01,1.0,0.10968042764869024
1,0.01,1.1,0.11359244709860374
1,0.01,1.2,0.11714172672732616
1,0.01,1.3,0.12038740043101374
1,0.01,1.4,0.1219017165741846
1,0.01,1.5,0.12393691241857438
1,0.01,1.6,0.12581093616834746
1,0.01,1.7,0.12830896289174415
1,0.01,1.8,0.13005094771533812
1,0.01,1.9,0.13100303776528824
1,0.01,2.0,0.13170976244402016
1,0.01,2.1,0.133277758378687
1,0.01,2.2,0.13376387994174693
1,0.01,2.3,0.13483063540322152
1,0.01,2.4,0.13557321376655754
1,0.01,2.5,0.13653138741637416
1,0.01,2.6,0.1374262684064909
1,0.01,2.7,0.13849895779208557
1,0.01,2.8,0.1395117814734758
1,0.01,2.9,0.1400970119217158
1,0.01,3.0,0.14066716209110805
1,0.01,3.1,0.1410567698224204
1,0.01,3.2,0.14145282326789316
1,0.01,3.3,0.14192536694380012
1,0.01,3.4,0.14207223149300557
1,0.01,3.5,0.1425981735910649
1,0.01,3.6,0.14305047609350538
1,0.01,3.7,0.14351042731722016
1,0.01,3.8,0.14407676264746586
1,0.01,3.9,0.14450411008136269
1,0.02,1.0,0.12969642664148237
1,0.02,1.1,0.13035702983114913
1,0.02,1.2,0.1321532608010798
1,0.02,1.3,0.1331197318129125
1,0.02,1.4,0.13359963898367166
1,0.02,1.5,0.13439607863044964
1,0.02,1.6,0.13462020775497718
1,0.02,1.7,0.13476447594743815
1,0.02,1.8,0.13492070539389858
1,0.02,1.9,0.13492070539389858
1,0.02,2.0,0.13541321008808396
1,0.02,2.1,0.13636777708455156
1,0.02,2.2,0.13636777708455156
1,0.02,2.3,0.13666030390769063
1,0.02,2.4,0.13698871233131887
1,0.02,2.5,0.13698871233131887
1,0.02,2.6,0.1371513353445419
1,0.02,2.7,0.1371954255432907
1,0.02,2.8,0.13723988316036245
1,0.02,2.9,0.13728471280770255
1,0.02,3.0,0.1373299191747682
1,0.02,3.1,0.13778516905842927
1,0.02,3.2,0.13801254778115468
1,0.02,3.3,0.13827743388216404
1,0.02,3.4,0.13844592706576045
1,0.02,3.5,0.13935636403793095
1,0.02,3.6,0.1394035271752228
1,0.02,3.7,0.13952697786901574
1,0.02,3.8,0.13952697786901574
1,0.02,3.9,0.13952697786901574
1,0.03,1.0,0.11020355772490495
1,0.03,1.1,0.11038280216296126
1,0.03,1.2,0.11074576481339293
1,0.03,1.3,0.11166437749372131
1,0.03,1.4,0.11179502968296066
1,0.03,1.5,0.11214455078912637
1,0.03,1.6,0.11217167384643738
1,0.03,1.7,0.11238424899507392
1,0.03,1.8,0.11272385613778872
1,0.03,1.9,0.11275170244843102
1,0.03,2.0,0.11300356796104893
1,0.03,2.1,0.11314144402155478
1,0.03,2.2,0.11334152405356758
1,0.03,2.3,0.11432070007490173
1,0.03,2.4,0.11446023736256093
1,0.03,2.5,0.11466513860016439
1,0.03,2.6,0.11490468814351117
1,0.03,2.7,0.11523081291075207
1,0.03,2.8,0.11529093417534275
1,0.03,2.9,0.11532141231641997
1,0.03,3.0,0.11554187087021187
1,0.03,3.1,0.1156127325482164
1,0.03,3.2,0.1156127325482164
1,0.03,3.3,0.11598147637687166
1,0.03,3.4,0.11667779565264137
1,0.03,3.5,0.11667779565264137
1,0.03,3.6,0.11667779565264137
1,0.03,3.7,0.11667779565264137
1,0.03,3.8,0.11670884480344709
1,0.03,3.9,0.11678199234203243
1,0.04,1.0,0.10830054540125714
1,0.04,1.1,0.10881796250169525
1,0.04,1.2,0.1090558536253657
1,0.04,1.3,0.10911179376941156
1,0.04,1.4,0.10954449176858351
1,0.04,1.5,0.10960246597585868
1,0.04,1.6,0.11013405948889818
1,0.04,1.7,0.11144878640151035
1,0.04,1.8,0.11158626304747485
1,0.04,1.9,0.11172489148925693
1,0.04,2.0,0.11193645334465441
1,0.04,2.1,0.11199826415412875
1,0.04,2.2,0.11227867977889427
1,0.04,2.3,0.11231061600863072
1,0.04,2.4,0.11264321277277846
1,0.04,2.5,0.1133305387912494
1,0.04,2.6,0.1133305387912494
1,0.04,2.7,0.1133305387912494
1,0.04,2.8,0.11336277917555478
1,0.04,2.9,0.11336277917555478
1,0.04,3.0,0.11336277917555478
1,0.04,3.1,0.11371810245319584
1,0.04,3.2,0.11371810245319584
1,0.04,3.3,0.11371810245319584
1,0.04,3.4,0.11371810245319584
1,0.04,3.5,0.11371810245319584
1,0.04,3.6,0.11371810245319584
1,0.04,3.7,0.11383077740555396
1,0.04,3.8,0.11383077740555396
1,0.04,3.9,0.11383077740555396
1,0.05,1.0,0.11295810758547534
1,0.05,1.1,0.11333517323525577
1,0.05,1.2,0.11349319823535489
1,0.05,1.3,0.114751462831906
1,0.05,1.4,0.1148873670082796
1,0.05,1.5,0.1148873670082796
1,0.05,1.6,0.1152304176531411
1,0.05,1.7,0.11555747155162358
1,0.05,1.8,0.1158409182636417
1,0.05,1.9,0.11617895471278927
1,0.05,2.0,0.11677372814128636
1,0.05,2.1,0.11680027164609073
1,0.05,2.2,0.11680027164609073
1,0.05,2.3,0.11680027164609073
1,0.05,2.4,0.11711252769605171
1,0.05,2.5,0.11722709235036531
1,0.05,2.6,0.11722709235036531
1,0.05,2.7,0.11722709235036531
1,0.05,2.8,0.11722709235036531
1,0.05,2.9,0.11734261973286643
1,0.05,3.0,0.1174591220299878
1,0.05,3.1,0.1174591220299878
1,0.05,3.2,0.1175766116347119
1,0.05,3.3,0.11781460339812741
1,0.05,3.4,0.11781460339812741
1,0.05,3.5,0.11793513141565115
1,0.05,3.6,0.11793513141565115
1,0.05,3.7,0.11796193262438566
1,0.05,3.8,0.11796193262438566
1,0.05,3.9,0.11828477362519275
2,0.01,1.0,0.19981065947844073
2,0.01,1.1,0.20876599088356837
2,0.01,1.2,0.21492904456302425
2,0.01,1.3,0.21814141124819295
2,0.01,1.4,0.22143878696803979
2,0.01,1.5,0.2255243958408319
2,0.01,1.6,0.22725011438258821
2,0.01,1.7,0.2305035119781191
2,0.01,1.8,0.23310676745109263
2,0.01,1.9,0.23577476052645788
2,0.01,2.0,0.23789828725575973
2,0.01,2.1,0.2409093072777573
2,0.01,2.2,0.2418199661630346
2,0.01,2.3,0.24350309255932925
2,0.01,2.4,0.24524049624672098
2,0.01,2.5,0.24694239504701132
2,0.01,2.6,0.24941175284970765
2,0.01,2.7,0.25093398934998296
2,0.01,2.8,0.25271126184011206
2,0.01,2.9,0.25383835850630626
2,0.01,3.0,0.2554141629100731
2,0.01,3.1,0.2561295771242609
2,0.01,3.2,0.2574519592707093
2,0.01,3.3,0.2586087724773783
2,0.01,3.4,0.2592372966266771
2,0.01,3.5,0.2595231100607517
2,0.01,3.6,0.26105199028411
2,0.01,3.7,0.26153169115272695
2,0.01,3.8,0.262312083543395
2,0.01,3.9,0.2633977557305279
2,0.02,1.0,0.22872163640788098
2,0.02,1.1,0.23107974069546153
2,0.02,1.2,0.23344769323101724
2,0.02,1.3,0.23574849937803627
2,0.02,1.4,0.23647383521702678
2,0.02,1.5,0.23802253827968747
2,0.02,1.6,0.23894862557864247
2,0.02,1.7,0.23969527555305664
2,0.02,1.8,0.24034590646788315
2,0.02,1.9,0.240970892560964
2,0.02,2.0,0.24151051895989553
2,0.02,2.1,0.24218519830726495
2,0.02,2.2,0.24318039710430134
2,0.02,2.3,0.244244838991528
2,0.02,2.4,0.24509450250850556
2,0.02,2.5,0.24522227456316004
2,0.02,2.6,0.2453510073099548
2,0.02,2.7,0.2453510073099548
2,0.02,2.8,0.24570413281773912
2,0.02,2.9,0.24615325906304372
2,0.02,3.0,0.24675808601125207
2,0.02,3.1,0.24702245268783246
2,0.02,3.2,0.24727113094253053
2,0.02,3.3,0.24763259143815225
2,0.02,3.4,0.2495905728040671
2,0.02,3.5,0.2495905728040671
2,0.02,3.6,0.2495905728040671
2,0.02,3.7,0.2501195800338326
2,0.02,3.8,0.2504871379373292
2,0.02,3.9,0.2511651875875542
2,0.03,1.0,0.22035498874230686
2,0.03,1.1,0.22035498874230686
2,0.03,1.2,0.22243106346414226
2,0.03,1.3,0.22434022279716684
2,0.03,1.4,0.22445582099561334
2,0.03,1.5,0.2257488072283146
2,0.03,1.6,0.22594790647585675
2,0.03,1.7,0.2263842208390004
2,0.03,1.8,0.2268138044133208
2,0.03,1.9,0.22782505918947565
2,0.03,2.0,0.22815205324624244
2,0.03,2.1,0.2282753081231061
2,0.03,2.2,0.22926961375563062
2,0.03,2.3,0.2304930760510621
2,0.03,2.4,0.23112425635823652
2,0.03,2.5,0.23263266509305874
2,0.03,2.6,0.23276109820904373
2,0.03,2.7,0.2332288486503224
2,0.03,2.8,0.2332288486503224
2,0.03,2.9,0.23390074114752282
2,0.03,3.0,0.23424156370642257
2,0.03,3.1,0.2368394500013991
2,0.03,3.2,0.23697226433717417
2,0.03,3.3,0.23697226433717417
2,0.03,3.4,0.23697226433717417
2,0.03,3.5,0.23697226433717417
2,0.03,3.6,0.23697226433717417
2,0.03,3.7,0.23697226433717417
2,0.03,3.8,0.2370454118757595
2,0.03,3.9,0.23717935654630715
2,0.04,1.0,0.21035058250007602
2,0.04,1.1,0.21145625816239325
2,0.04,1.2,0.21194721413009068
2,0.04,1.3,0.21240419704321395
2,0.04,1.4,0.2138786441629881
2,0.04,1.5,0.21496858831113777
2,0.04,1.6,0.21669808936592908
2,0.04,1.7,0.21799001759768183
2,0.04,1.8,0.21818435054982357
2,0.04,1.9,0.219089157886415
2,0.04,2.0,0.21946009496621288
2,0.04,2.1,0.2201856458120524
2,0.04,2.2,0.22063544184201453
2,0.04,2.3,0.2234436437897068
2,0.04,2.4,0.2234436437897068
2,0.04,2.5,0.2234436437897068
2,0.04,2.6,0.2234436437897068
2,0.04,2.7,0.2234436437897068
2,0.04,2.8,0.2234436437897068
2,0.04,2.9,0.22357270727280756
2,0.04,3.0,0.22377426391022268
2,0.04,3.1,0.22457187945952792
2,0.04,3.2,0.22457187945952792
2,0.04,3.3,0.22457187945952792
2,0.04,3.4,0.22457187945952792
2,0.04,3.5,0.22457187945952792
2,0.04,3.6,0.22477492910907199
2,0.04,3.7,0.22477492910907199
2,0.04,3.8,0.22477492910907199
2,0.04,3.9,0.22477492910907199
2,0.05,1.0,0.20927024239298606
2,0.05,1.1,0.21120733971587027
2,0.05,1.2,0.21157827679566812
2,0.05,1.3,0.21311797390069012
2,0.05,1.4,0.2139583986189981
2,0.05,1.5,0.21442017171387068
2,0.05,1.6,0.21528271274537408
2,0.05,1.7,0.2162408512535922
2,0.05,1.8,0.21848731573057426
2,0.05,1.9,0.21848731573057426
2,0.05,2.0,0.21848731573057426
2,0.05,2.1,0.21848731573057426
2,0.05,2.2,0.2186209780216573
2,0.05,2.3,0.2186209780216573
2,0.05,2.4,0.21964723192411809
2,0.05,2.5,0.21964723192411809
2,0.05,2.6,0.21964723192411809
2,0.05,2.7,0.21964723192411809
2,0.05,2.8,0.2198596589023443
2,0.05,2.9,0.2198596589023443
2,0.05,3.0,0.2198596589023443
2,0.05,3.1,0.2198596589023443
2,0.05,3.2,0.22072539904002106
2,0.05,3.3,0.22072539904002106
2,0.05,3.4,0.22086024944035818
2,0.05,3.5,0.22191914713757635
2,0.05,3.6,0.22191914713757635
2,0.05,3.7,0.22191914713757635
2,0.05,3.8,0.22191914713757635
2,0.05,3.9,0.22191914713757635
3,0.01,1.0,0.3035024503612049
3,0.01,1.1,0.31422918049811027
3,0.01,1.2,0.3204789323848821
3,0.01,1.3,0.32413921009413815
3,0.01,1.4,0.33289938532438423
3,0.01,1.5,0.3355663682870976
3,0.01,1.6,0.3439403011519865
3,0.01,1.7,0.3462733399199452
3,0.01,1.8,0.3519045021143016
3,0.01,1.9,0.3554377730669148
3,0.01,2.0,0.35879729239569846
3,0.01,2.1,0.3629120058786248
3,0.01,2.2,0.3649331362572351
3,0.01,2.3,0.3678834557249743
3,0.01,2.4,0.3685416777665868
3,0.01,2.5,0.37079954714831415
3,0.01,2.6,0.3735868945952979
3,0.01,2.7,0.3756928643512661
3,0.01,2.8,0.3780176389180517
3,0.01,2.9,0.3791846420128185
3,0.01,3.0,0.3815599230177164
3,0.01,3.1,0.3839869744222672
3,0.01,3.2,0.38512328675105756
3,0.01,3.3,0.38632077780426904
3,0.01,3.4,0.38729192999566925
3,0.01,3.5,0.3892039559820411
3,0.01,3.6,0.3904132265508547
3,0.01,3.7,0.39218820919053404
3,0.01,3.8,0.3935651329921794
3,0.01,3.9,0.394139634430946
3,0.02,1.0,0.37951848011059386
3,0.02,1.1,0.3836572678955873
3,0.02,1.2,0.3890040116769125
3,0.02,1.3,0.3920960088375048
3,0.02,1.4,0.3954388139371464
3,0.02,1.5,0.39732957919895234
3,0.02,1.6,0.40012000428326366
3,0.02,1.7,0.4008810409993565
3,0.02,1.8,0.40233709369613047
3,0.02,1.9,0.40422982816705316
3,0.02,2.0,0.40468807080653074
3,0.02,2.1,0.4057546771780668
3,0.02,2.2,0.4063799950140393
3,0.02,2.3,0.4071014925039885
3,0.02,2.4,0.4100836992917963
3,0.02,2.5,0.41182415608445444
3,0.02,2.6,0.4120033675539885
3,0.02,2.7,0.4120033675539885
3,0.02,2.8,0.4126756312849186
3,0.02,2.9,0.41293685014196285
3,0.02,3.0,0.4134406073309978
3,0.02,3.1,0.4138055327819413
3,0.02,3.2,0.41486793793807486
3,0.02,3.3,0.41694746932426396
3,0.02,3.4,0.4176508257335132
3,0.02,3.5,0.41849742295733494
3,0.02,3.6,0.4187648889941948
3,0.02,3.7,0.41914615261075255
3,0.02,3.8,0.4193389104243282
3,0.02,3.9,0.4202021346708051
3,0.03,1.0,0.3599752959458084
3,0.03,1.1,0.36242390996619367
3,0.03,1.2,0.36474307784726256
3,0.03,1.3,0.3664157109184821
3,0.03,1.4,0.36689847231366246
3,0.03,1.5,0.36900008991872435
3,0.03,1.6,0.3711776932174507
3,0.03,1.7,0.37151067899687673
3,0.03,1.8,0.3720761405251459
3,0.03,1.9,0.37325482212477235
3,0.03,2.0,0.3744534386832556
3,0.03,2.1,0.3746244687546179
3,0.03,2.2,0.3766245225505756
3,0.03,2.3,0.37740994705387687
3,0.03,2.4,0.37917369717334726
3,0.03,2.5,0.37935154055557263
3,0.03,2.6,0.38132015837621996
3,0.03,2.7,0.3821514554515657
3,0.03,2.8,0.3821514554515657
3,0.03,2.9,0.38233358407990947
3,0.03,3.0,0.38332826393270425
3,0.03,3.1,0.385890200817997
3,0.03,3.2,0.3867703885913887
3,0.03,3.3,0.3867703885913887
3,0.03,3.4,0.3867703885913887
3,0.03,3.5,0.3867703885913887
3,0.03,3.6,0.387381682059825
3,0.03,3.7,0.387381682059825
3,0.03,3.8,0.3875667541454023
3,0.03,3.9,0.38791016073880896
3,0.04,1.0,0.3465771029951267
3,0.04,1.1,0.34871989575625634
3,0.04,1.2,0.3519398352141689
3,0.04,1.3,0.3525946036024647
3,0.04,1.4,0.3534513261404017
3,0.04,1.5,0.35570790362309135
3,0.04,1.6,0.35796959700766934
3,0.04,1.7,0.35978467039408973
3,0.04,1.8,0.360837386458447
3,0.04,1.9,0.3614267288156578
3,0.04,2.0,0.36250124092767677
3,0.04,2.1,0.36317105296895874
3,0.04,2.2,0.36377310151261416
3,0.04,2.3,0.36836706589026663
3,0.04,2.4,0.36836706589026663
3,0.04,2.5,0.36836706589026663
3,0.04,2.6,0.36836706589026663
3,0.04,2.7,0.3691407086807162
3,0.04,2.8,0.36931561794653456
3,0.04,2.9,0.36931561794653456
3,0.04,3.0,0.36953970758238885
3,0.04,3.1,0.3698012671464968
3,0.04,3.2,0.370803773412161
3,0.04,3.3,0.370803773412161
3,0.04,3.4,0.370803773412161
3,0.04,3.5,0.3710670481209516
3,0.04,3.6,0.3710670481209516
3,0.04,3.7,0.3710670481209516
3,0.04,3.8,0.371585397695905
3,0.04,3.9,0.371585397695905
3,0.05,1.0,0.33073794003425616
3,0.05,1.1,0.332429235339007
3,0.05,1.2,0.33372946870153897
3,0.05,1.3,0.3364345606720227
3,0.05,1.4,0.3378820720676772
3,0.05,1.5,0.33901983831749866
3,0.05,1.6,0.3394470384170215
3,0.05,1.7,0.34104165765432853
3,0.05,1.8,0.34519310047174623
3,0.05,1.9,0.34536594637961937
3,0.05,2.0,0.34554496535563084
3,0.05,2.1,0.34554496535563084
3,0.05,2.2,0.3457186456408752
3,0.05,2.3,0.3457186456408752
3,0.05,2.4,0.3459858093367863
3,0.05,2.5,0.3470680604190374
3,0.05,2.6,0.3470680604190374
3,0.05,2.7,0.3470680604190374
3,0.05,2.8,0.3473370052062546
3,0.05,2.9,0.3473370052062546
3,0.05,3.0,0.34787568221551984
3,0.05,3.1,0.3483319547214818
3,0.05,3.2,0.34915516206642827
3,0.05,3.3,0.34933032048175977
3,0.05,3.4,0.3504377401938306
3,0.05,3.5,0.35071586335330973
3,0.05,3.6,0.35071586335330973
3,0.05,3.7,0.35071586335330973
3,0.05,3.8,0.35071586335330973
3,0.05,3.9,0.35071586335330973
4,0.01,1.0,0.3639452992122039
4,0.01,1.1,0.3747289108299231
4,0.01,1.2,0.3839677808578249
4,0.01,1.3,0.38992655196718623
4,0.01,1.4,0.40027480820946576
4,0.01,1.5,0.4026366085962248
4,0.01,1.6,0.40925308682851264
4,0.01,1.7,0.41611750268178566
4,0.01,1.8,0.4207722616401108
4,0.01,1.9,0.42451824729605186
4,0.01,2.0,0.42817292323260137
4,0.01,2.1,0.4338652153282209
4,0.01,2.2,0.4368529748152588
4,0.01,2.3,0.43830479693604196
4,0.01,2.4,0.4426000362164149
4,0.01,2.5,0.44702815990163
4,0.01,2.6,0.4501836038195038
4,0.01,2.7,0.45168304121489594
4,0.01,2.8,0.4540385905765131
4,0.01,2.9,0.4547877367474938
4,0.01,3.0,0.45752873167009456
4,0.01,3.1,0.4596607625898142
4,0.01,3.2,0.4615785095467128
4,0.01,3.3,0.46359622750794977
4,0.01,3.4,0.4648238221286176
4,0.01,3.5,0.4664404017089875
4,0.01,3.6,0.46840812223922074
4,0.01,3.7,0.46898816592728193
4,0.01,3.8,0.4698371654296312
4,0.01,3.9,0.4712582895002771
4,0.02,1.0,0.5046764908541438
4,0.02,1.1,0.5101644242257696
4,0.02,1.2,0.5139408188802663
4,0.02,1.3,0.5195531206810103
4,0.02,1.4,0.5237673163517177
4,0.02,1.5,0.5270737579951408
4,0.02,1.6,0.529695954157463
4,0.02,1.7,0.5329837463196601
4,0.02,1.8,0.5347603125437941
4,0.02,1.9,0.5369092525134919
4,0.02,2.0,0.5351952901883241
4,0.02,2.1,0.5351952901883241
4,0.02,2.2,0.5374333236620588
4,0.02,2.3,0.5360475841810812
4,0.02,2.4,0.53763570475043
4,0.02,2.5,0.5392095982164794
4,0.02,2.6,0.5415689820922744
4,0.02,2.7,0.5420233464800651
4,0.02,2.8,0.5430623075190261
4,0.02,2.9,0.5433538295289378
4,0.02,3.0,0.5433538295289378
4,0.02,3.1,0.5438763045807974
4,0.02,3.2,0.5450816321400456
4,0.02,3.3,0.5458112396112261
4,0.02,3.4,0.5476279662885158
4,0.02,3.5,0.549028073656194
4,0.02,3.6,0.5498050350198901
4,0.02,3.7,0.55004716014883
4,0.02,3.8,0.55004716014883
4,0.02,3.9,0.5514232366918485
4,0.03,1.0,0.5460179640406922
4,0.03,1.1,0.547538884686959
4,0.03,1.2,0.5493134445224361
4,0.03,1.3,0.5518139264966023
4,0.03,1.4,0.5521123732048102
4,0.03,1.5,0.5530909872798493
4,0.03,1.6,0.5547189480277964
4,0.03,1.7,0.5560901891315847
4,0.03,1.8,0.5567079497493453
4,0.03,1.9,0.5598937903723618
4,0.03,2.0,0.5601290163085781
4,0.03,2.1,0.5601290163085781
4,0.03,2.2,0.5609038094059535
4,0.03,2.3,0.5636949118520075
4,0.03,2.4,0.5657791665627288
4,0.03,2.5,0.5673931866125964
4,0.03,2.6,0.5683198275392374
4,0.03,2.7,0.5683198275392374
4,0.03,2.8,0.5688713409317373
4,0.03,2.9,0.5700739321396213
4,0.03,3.0,0.5718483076774694
4,0.03,3.1,0.5718483076774694
4,0.03,3.2,0.5735644486793248
4,0.03,3.3,0.5735644486793248
4,0.03,3.4,0.5735644486793248
4,0.03,3.5,0.5751110188155149
4,0.03,3.6,0.5751110188155149
4,0.03,3.7,0.5751110188155149
4,0.03,3.8,0.5753633778236341
4,0.03,3.9,0.5760340686351701
4,0.04,1.0,0.5114496695179992
4,0.04,1.1,0.5107719900282229
4,0.04,1.2,0.5140950693902085
4,0.04,1.3,0.5151362377688706
4,0.04,1.4,0.5190601305819885
4,0.04,1.5,0.5219153473157356
4,0.04,1.6,0.5236363925496036
4,0.04,1.7,0.5273805663342207
4,0.04,1.8,0.5280981221596902
4,0.04,1.9,0.5283407991906884
4,0.04,2.0,0.5288870507717257
4,0.04,2.1,0.5299137596941967
4,0.04,2.2,0.531914661610711
4,0.04,2.3,0.531914661610711
4,0.04,2.4,0.5348523180137139
4,0.04,2.5,0.5348523180137139
4,0.04,2.6,0.5368859699992756
4,0.04,2.7,0.5368859699992756
4,0.04,2.8,0.537135877260253
4,0.04,2.9,0.537135877260253
4,0.04,3.0,0.537441079258761
4,0.04,3.1,0.537441079258761
4,0.04,3.2,0.5383919972603702
4,0.04,3.3,0.5386989235639544
4,0.04,3.4,0.5386989235639544
4,0.04,3.5,0.5397173111169954
4,0.04,3.6,0.5397173111169954
4,0.04,3.7,0.5397173111169954
4,0.04,3.8,0.5397173111169954
4,0.04,3.9,0.5397173111169954
4,0.05,1.0,0.4886674912956802
4,0.05,1.1,0.49212486644877224
4,0.05,1.2,0.49242780425170996
4,0.05,1.3,0.49676650284191715
4,0.05,1.4,0.497237405984576
4,0.05,1.5,0.49756024698538315
4,0.05,1.6,0.49894494461424255
4,0.05,1.7,0.5011896551093108
4,0.05,1.8,0.504453864018681
4,0.05,1.9,0.5047878374677918
4,0.05,2.0,0.505133529283538
4,0.05,2.1,0.5063121405324068
4,0.05,2.2,0.5063121405324068
4,0.05,2.3,0.5063121405324068
4,0.05,2.4,0.5075888393691378
4,0.05,2.5,0.5075888393691378
4,0.05,2.6,0.5090341684449948
4,0.05,2.7,0.5090341684449948
4,0.05,2.8,0.5090341684449948
4,0.05,2.9,0.5090341684449948
4,0.05,3.0,0.5097039500913471
4,0.05,3.1,0.5105765927217144
4,0.05,3.2,0.5115042365065011
4,0.05,3.3,0.512664566859378
4,0.05,3.4,0.512664566859378
4,0.05,3.5,0.5133008474834188
4,0.05,3.6,0.5133008474834188
4,0.05,3.7,0.5133008474834188
4,0.05,3.8,0.5133008474834188
4,0.05,3.9,0.5133008474834188
5,0.01,1.0,0.3846814544285699
5,0.01,1.1,0.3960842523715698
5,0.01,1.2,0.4077812352110669
5,0.01,1.3,0.4187696276508331
5,0.01,1.4,0.4224588133622542
5,0.01,1.5,0.4291905716426709
5,0.01,1.6,0.4380914075241029
5,0.01,1.7,0.44338870239955447
5,0.01,1.8,0.4447659667642499
5,0.01,1.9,0.4505972911450357
5,0.01,2.0,0.4534276295703221
5,0.01,2.1,0.45718783454884165
5,0.01,2.2,0.46055159048792976
5,0.01,2.3,0.46336452970740805
5,0.01,2.4,0.46645820716265524
5,0.01,2.5,0.4698636559528758
5,0.01,2.6,0.4737669751684438
5,0.01,2.7,0.47743462923648944
5,0.01,2.8,0.4809680724366899
5,0.01,2.9,0.48318045255840925
5,0.01,3.0,0.4855225806591484
5,0.01,3.1,0.4877878676489192
5,0.01,3.2,0.4895784392128498
5,0.01,3.3,0.4889025281014203
5,0.01,3.4,0.4902206405219192
5,0.01,3.5,0.49265507687851784
5,0.01,3.6,0.4938407042009289
5,0.01,3.7,0.49454583829163307
5,0.01,3.8,0.49494561161006256
5,0.01,3.9,0.4978229535159516
5,0.02,1.0,0.5615929518238152
5,0.02,1.1,0.5678946064027038
5,0.02,1.2,0.5737860303691014
5,0.02,1.3,0.5747223412057255
5,0.02,1.4,0.5808814093369252
5,0.02,1.5,0.5876788210559027
5,0.02,1.6,0.5893887175473308
5,0.02,1.7,0.5901229918395721
5,0.02,1.8,0.5937989303662103
5,0.02,1.9,0.594578151145431
5,0.02,2.0,0.594578151145431
5,0.02,2.1,0.5936920397886947
5,0.02,2.2,0.5959395834540367
5,0.02,2.3,0.5959395834540367
5,0.02,2.4,0.5960736900007116
5,0.02,2.5,0.5991430654735154
5,0.02,2.6,0.6007818763460746
5,0.02,2.7,0.6010480633592497
5,0.02,2.8,0.6016073268347152
5,0.02,2.9,0.6031739544646012
5,0.02,3.0,0.6031739544646012
5,0.02,3.1,0.6047459883155903
5,0.02,3.2,0.6063180808858475
5,0.02,3.3,0.607460687290212
5,0.02,3.4,0.6086884637225058
5,0.02,3.5,0.6096306746005136
5,0.02,3.6,0.6096306746005136
5,0.02,3.7,0.6103562254463532
5,0.02,3.8,0.6110310593333964
5,0.02,3.9,0.6128833055848719
5,0.03,1.0,0.6189948947954813
5,0.03,1.1,0.6218334642238073
5,0.03,1.2,0.6266602159213228
5,0.03,1.3,0.6272791224415216
5,0.03,1.4,0.6263236781868978
5,0.03,1.5,0.6277603388194758
5,0.03,1.6,0.630201858209768
5,0.03,1.7,0.6312455342057379
5,0.03,1.8,0.6339513045836059
5,0.03,1.9,0.6366418464332265
5,0.03,2.0,0.6366418464332265
5,0.03,2.1,0.6374092608370046
5,0.03,2.2,0.637715143654284
5,0.03,2.3,0.6442531932381556
5,0.03,2.4,0.6450742113005531
5,0.03,2.5,0.6450742113005531
5,0.03,2.6,0.6468893040878047
5,0.03,2.7,0.6480320976998267
5,0.03,2.8,0.6490932051395891
5,0.03,2.9,0.6493876588102486
5,0.03,3.0,0.6514117280616301
5,0.03,3.1,0.651722491919192
5,0.03,3.2,0.6520188452909524
5,0.03,3.3,0.6520188452909524
5,0.03,3.4,0.6520188452909524
5,0.03,3.5,0.6528070865855228
5,0.03,3.6,0.6528070865855228
5,0.03,3.7,0.654057386451373
5,0.03,3.8,0.654057386451373
5,0.03,3.9,0.6548661015458023
5,0.04,1.0,0.6133413024254049
5,0.04,1.1,0.6146088642830125
5,0.04,1.2,0.6163270090870042
5,0.04,1.3,0.6186872552828692
5,0.04,1.4,0.6224890603643535
5,0.04,1.5,0.6272615416942191
5,0.04,1.6,0.6284649757566807
5,0.04,1.7,0.6305334051157528
5,0.04,1.8,0.6326882420531984
5,0.04,1.9,0.632997000982647
5,0.04,2.0,0.6352116680121236
5,0.04,2.1,0.6361015588521806
5,0.04,2.2,0.6393052067347237
5,0.04,2.3,0.6399178488227316
5,0.04,2.4,0.6399178488227316
5,0.04,2.5,0.6399178488227316
5,0.04,2.6,0.6406385695434523
5,0.04,2.7,0.6427154240706815
5,0.04,2.8,0.6427154240706815
5,0.04,2.9,0.6427154240706815
5,0.04,3.0,0.6440947506264786
5,0.04,3.1,0.6440947506264786
5,0.04,3.2,0.6440947506264786
5,0.04,3.3,0.6454113134699376
5,0.04,3.4,0.6454113134699376
5,0.04,3.5,0.6454113134699376
5,0.04,3.6,0.6454113134699376
5,0.04,3.7,0.646172348477548
5,0.04,3.8,0.646172348477548
5,0.04,3.9,0.6474511208560646
5,0.05,1.0,0.6063151415733555
5,0.05,1.1,0.6084933567744594
5,0.05,1.2,0.6100772095985453
5,0.05,1.3,0.6131813368444196
5,0.05,1.4,0.6149382169533292
5,0.05,1.5,0.615228754156618
5,0.05,1.6,0.6187070771540567
5,0.05,1.7,0.619623471296763
5,0.05,1.8,0.6228275817952763
5,0.05,1.9,0.6235801216171754
5,0.05,2.0,0.6243554656761015
5,0.05,2.1,0.6257210115413901
5,0.05,2.2,0.6257210115413901
5,0.05,2.3,0.6271372873415197
5,0.05,2.4,0.6282493669303509
5,0.05,2.5,0.6285701779405848
5,0.05,2.6,0.6285701779405848
5,0.05,2.7,0.6285701779405848
5,0.05,2.8,0.6293693787397856
5,0.05,2.9,0.6293693787397856
5,0.05,3.0,0.6299966601823758
5,0.05,3.1,0.6312880241856043
5,0.05,3.2,0.6319385181273374
5,0.05,3.3,0.6319385181273374
5,0.05,3.4,0.6322664679816183
5,0.05,3.5,0.6337314876931325
5,0.05,3.6,0.6337314876931325
5,0.05,3.7,0.6337314876931325
5,0.05,3.8,0.6337314876931325
5,0.05,3.9,0.6337314876931325
6,0.01,1.0,0.41198266475092693
6,0.01,1.1,0.4233049796771625
6,0.01,1.2,0.43485690678877387
6,0.01,1.3,0.442449768111146
6,0.01,1.4,0.45356094429021704
6,0.01,1.5,0.4604957325933863
6,0.01,1.6,0.46573154384283105
6,0.01,1.7,0.4716116332859276
6,0.01,1.8,0.47418253800203913
6,0.01,1.9,0.4778063201487774
6,0.01,2.0,0.48015104403932746
6,0.01,2.1,0.48675946107986545
6,0.01,2.2,0.49020313331226273
6,0.01,2.3,0.4931599175710067
6,0.01,2.4,0.4969466520059002
6,0.01,2.5,0.4999916142365778
6,0.01,2.6,0.5032234893193627
6,0.01,2.7,0.507467514403321
6,0.01,2.8,0.5112397555049389
6,0.01,2.9,0.512574118405842
6,0.01,3.0,0.5135340385144929
6,0.01,3.1,0.5173531371338095
6,0.01,3.2,0.5195018810129026
6,0.01,3.3,0.5202642833690416
6,0.01,3.4,0.5217158719020617
6,0.01,3.5,0.5236846789468629
6,0.01,3.6,0.5253923090667929
6,0.01,3.7,0.5264818165680468
6,0.01,3.8,0.5242409121515234
6,0.01,3.9,0.5264617217079531
6,0.02,1.0,0.6123028214954129
6,0.02,1.1,0.6222529397632593
6,0.02,1.2,0.6259144551061067
6,0.02,1.3,0.6319842867760322
6,0.02,1.4,0.6370740053147008
6,0.02,1.5,0.6373539504594118
6,0.02,1.6,0.6406004600613067
6,0.02,1.7,0.6422132423970182
6,0.02,1.8,0.6447169134975322
6,0.02,1.9,0.6450081884876023
6,0.02,2.0,0.6464203979449848
6,0.02,2.1,0.6481758858702023
6,0.02,2.2,0.6499830124694199
6,0.02,2.3,0.6508098555292727
6,0.02,2.4,0.6536940719474231
6,0.02,2.5,0.6548072715963015
6,0.02,2.6,0.6560178893993626
6,0.02,2.7,0.6577894951313643
6,0.02,2.8,0.6569841757994194
6,0.02,2.9,0.658706304391777
6,0.02,3.0,0.659613333870235
6,0.02,3.1,0.6614006104204898
6,0.02,3.2,0.659404971912939
6,0.02,3.3,0.6622715955903792
6,0.02,3.4,0.6622715955903792
6,0.02,3.5,0.6632585137199516
6,0.02,3.6,0.6635569275487196
6,0.02,3.7,0.6653528499389649
6,0.02,3.8,0.6653528499389649
6,0.02,3.9,0.6666524818764593
6,0.03,1.0,0.6762460976508591
6,0.03,1.1,0.676825267282567
6,0.03,1.2,0.6791744555201404
6,0.03,1.3,0.682852561393479
6,0.03,1.4,0.6855655796524669
6,0.03,1.5,0.6858529842670159
6,0.03,1.6,0.6879759330473251
6,0.03,1.7,0.688513331369197
6,0.03,1.8,0.689995273919135
6,0.03,1.9,0.6913871630812658
6,0.03,2.0,0.692087794627739
6,0.03,2.1,0.6937159151921541
6,0.03,2.2,0.6943246486673152
6,0.03,2.3,0.6974793330088331
6,0.03,2.4,0.6997288803059832
6,0.03,2.5,0.7003446047692389
6,0.03,2.6,0.7009637453743357
6,0.03,2.7,0.7015829298611408
6,0.03,2.8,0.7045725706316326
6,0.03,2.9,0.7045725706316326
6,0.03,3.0,0.7045725706316326
6,0.03,3.1,0.7048880996409269
6,0.03,3.2,0.705200523520702
6,0.03,3.3,0.705200523520702
6,0.03,3.4,0.705200523520702
6,0.03,3.5,0.7061208916679609
6,0.03,3.6,0.7064352263971535
6,0.03,3.7,0.7064352263971535
6,0.03,3.8,0.7076649661609328
6,0.03,3.9,0.7086075118539087
6,0.04,1.0,0.6829839004972461
6,0.04,1.1,0.6847115448363288
6,0.04,1.2,0.6902185788299605
6,0.04,1.3,0.6900927843635076
6,0.04,1.4,0.6954854954585715
6,0.04,1.5,0.6960584109700833
6,0.04,1.6,0.6979514269183378
6,0.04,1.7,0.6998259601931932
6,0.04,1.8,0.6998259601931932
6,0.04,1.9,0.7001330887529721
6,0.04,2.0,0.703792418847706
6,0.04,2.1,0.70679642418816
6,0.04,2.2,0.70679642418816
6,0.04,2.3,0.7074304942754706
6,0.04,2.4,0.7074304942754706
6,0.04,2.5,0.7074304942754706
6,0.04,2.6,0.7093004077919703
6,0.04,2.7,0.7096190707262516
6,0.04,2.8,0.7109782861046031
6,0.04,2.9,0.7109782861046031
6,0.04,3.0,0.7121352706375468
6,0.04,3.1,0.7121352706375468
6,0.04,3.2,0.7133267920222199
6,0.04,3.3,0.7136474171666877
6,0.04,3.4,0.7136474171666877
6,0.04,3.5,0.7136474171666877
6,0.04,3.6,0.7136474171666877
6,0.04,3.7,0.7136474171666877
6,0.04,3.8,0.7146174348033719
6,0.04,3.9,0.7162413413218596
6,0.05,1.0,0.6778369298646956
6,0.05,1.1,0.6780068461090637
6,0.05,1.2,0.6781616742911691
6,0.05,1.3,0.6795403167241082
6,0.05,1.4,0.6829137863216133
6,0.05,1.5,0.6841521682561409
6,0.05,1.6,0.689590774434784
6,0.05,1.7,0.6899120982890637
6,0.05,1.8,0.6899120982890637
6,0.05,1.9,0.6908641266383524
6,0.05,2.0,0.6921589048087194
6,0.05,2.1,0.6921589048087194
6,0.05,2.2,0.6936304092304196
6,0.05,2.3,0.6936304092304196
6,0.05,2.4,0.6961234385891205
6,0.05,2.5,0.6964481139137959
6,0.05,2.6,0.6964481139137959
6,0.05,2.7,0.6964481139137959
6,0.05,2.8,0.6974541501310997
6,0.05,2.9,0.6977725288487069
6,0.05,3.0,0.6980988996058871
6,0.05,3.1,0.7000355531957274
6,0.05,3.2,0.700700377744374
6,0.05,3.3,0.700700377744374
6,0.05,3.4,0.700700377744374
6,0.05,3.5,0.700700377744374
6,0.05,3.6,0.700700377744374
6,0.05,3.7,0.700700377744374
6,0.05,3.8,0.7018725697434122
6,0.05,3.9,0.7018725697434122
7,0.01,1.0,0.42894843756337514
7,0.01,1.1,0.4397521626996417
7,0.01,1.2,0.45129871700401336
7,0.01,1.3,0.46054184499991885
7,0.01,1.4,0.4687591748497109
7,0.01,1.5,0.47383455291030147
7,0.01,1.6,0.4795829841627758
7,0.01,1.7,0.4841054349296848
7,0.01,1.8,0.486048125365008
7,0.01,1.9,0.49086210474368946
7,0.01,2.0,0.4949381120872801
7,0.01,2.1,0.5006351369197428
7,0.01,2.2,0.5062770993804131
7,0.01,2.3,0.5103378882244624
7,0.01,2.4,0.5137739222358999
7,0.01,2.5,0.5168184417675784
7,0.01,2.6,0.5182792760300651
7,0.01,2.7,0.5222511360139697
7,0.01,2.8,0.5257790375015859
7,0.01,2.9,0.5276036630008502
7,0.01,3.0,0.5295788326142546
7,0.01,3.1,0.5321685438496301
7,0.01,3.2,0.5337440301729685
7,0.01,3.3,0.5343155617574716
7,0.01,3.4,0.5355695628726089
7,0.01,3.5,0.5376734505839813
7,0.01,3.6,0.5385951960970099
7,0.01,3.7,0.5402273896624898
7,0.01,3.8,0.5417925201480471
7,0.01,3.9,0.5447449625014099
7,0.02,1.0,0.6505708422868003
7,0.02,1.1,0.6557969612361089
7,0.02,1.2,0.6649574072718899
7,0.02,1.3,0.6663416206328793
7,0.02,1.4,0.6701831644709806
7,0.02,1.5,0.6738171526529786
7,0.02,1.6,0.6812992341622949
7,0.02,1.7,0.6839075128363978
7,0.02,1.8,0.684826068167051
7,0.02,1.9,0.6865444665068313
7,0.02,2.0,0.6880593579224455
7,0.02,2.1,0.6909199574055729
7,0.02,2.2,0.6909199574055729
7,0.02,2.3,0.6907857489717113
7,0.02,2.4,0.6922392250058376
7,0.02,2.5,0.6947513168478264
7,0.02,2.6,0.6979417710467297
7,0.02,2.7,0.699918113417809
7,0.02,2.8,0.7005135009435703
7,0.02,2.9,0.7011989621359213
7,0.02,3.0,0.702602786657856
7,0.02,3.1,0.7028025539117604
7,0.02,3.2,0.7034041754494961
7,0.02,3.3,0.7047323329990661
7,0.02,3.4,0.7047323329990661
7,0.02,3.5,0.7056039629470688
7,0.02,3.6,0.7069501759227855
7,0.02,3.7,0.7048385137887269
7,0.02,3.8,0.7054462760629149
7,0.02,3.9,0.7069783197296308
7,0.03,1.0,0.7100514741164748
7,0.03,1.1,0.7178209276409441
7,0.03,1.2,0.7208324575249218
7,0.03,1.3,0.7247280644861724
7,0.03,1.4,0.7239221907422005
7,0.03,1.5,0.7250947527902757
7,0.03,1.6,0.7253960994330857
7,0.03,1.7,0.7276674922929601
7,0.03,1.8,0.7347461393606373
7,0.03,1.9,0.7325332059945197
7,0.03,2.0,0.7345577217033717
7,0.03,2.1,0.7348695215381008
7,0.03,2.2,0.7374207614788776
7,0.03,2.3,0.7357267148909278
7,0.03,2.4,0.7357267148909278
7,0.03,2.5,0.7377303071007291
7,0.03,2.6,0.7386872146082791
7,0.03,2.7,0.7402957684438407
7,0.03,2.8,0.7423591850587222
7,0.03,2.9,0.7423591850587222
7,0.03,3.0,0.7426847338571305
7,0.03,3.1,0.7426847338571305
7,0.03,3.2,0.7426847338571305
7,0.03,3.3,0.7426847338571305
7,0.03,3.4,0.7426847338571305
7,0.03,3.5,0.7436744273934079
7,0.03,3.6,0.7440018154505645
7,0.03,3.7,0.7443213712156648
7,0.03,3.8,0.7453330579416372
7,0.03,3.9,0.7453330579416372
7,0.04,1.0,0.7265106911558172
7,0.04,1.1,0.7304806124299966
7,0.04,1.2,0.7317054842281862
7,0.04,1.3,0.7391320410687034
7,0.04,1.4,0.7413673590934952
7,0.04,1.5,0.7403477339289665
7,0.04,1.6,0.7445062925962571
7,0.04,1.7,0.7458509395105244
7,0.04,1.8,0.7431006353903572
7,0.04,1.9,0.7462470342340813
7,0.04,2.0,0.7475356196647364
7,0.04,2.1,0.7505974049210627
7,0.04,2.2,0.7509276566798858
7,0.04,2.3,0.7509276566798858
7,0.04,2.4,0.7509276566798858
7,0.04,2.5,0.7509276566798858
7,0.04,2.6,0.7532078529469836
7,0.04,2.7,0.7532078529469836
7,0.04,2.8,0.7535270651102015
7,0.04,2.9,0.7535270651102015
7,0.04,3.0,0.7557292360437431
7,0.04,3.1,0.7557292360437431
7,0.04,3.2,0.7572237492077634
7,0.04,3.3,0.7572237492077634
7,0.04,3.4,0.7572237492077634
7,0.04,3.5,0.7586033220159075
7,0.04,3.6,0.7596109350924862
7,0.04,3.7,0.7596109350924862
7,0.04,3.8,0.7599449882869287
7,0.04,3.9,0.7599449882869287
7,0.05,1.0,0.727723777843638
7,0.05,1.1,0.7333540096138399
7,0.05,1.2,0.7329342544255754
7,0.05,1.3,0.7355439108971655
7,0.05,1.4,0.7337247769151914
7,0.05,1.5,0.7374524335699705
7,0.05,1.6,0.7408986780471427
7,0.05,1.7,0.7408986780471427
7,0.05,1.8,0.7419187550165869
7,0.05,1.9,0.7419187550165869
7,0.05,2.0,0.7433039525735651
7,0.05,2.1,0.7433039525735651
7,0.05,2.2,0.7436288991042561
7,0.05,2.3,0.7448255117699408
7,0.05,2.4,0.7459494396019432
7,0.05,2.5,0.7474330243374897
7,0.05,2.6,0.7474330243374897
7,0.05,2.7,0.74884777890088
7,0.05,2.8,0.7502611296292991
7,0.05,2.9,0.7505893961594664
7,0.05,3.0,0.7505893961594664
7,0.05,3.1,0.7512509794741108
7,0.05,3.2,0.7515843222239061
7,0.05,3.3,0.7519193832352981
7,0.05,3.4,0.7519193832352981
7,0.05,3.5,0.7519193832352981
7,0.05,3.6,0.7519193832352981
7,0.05,3.7,0.7519193832352981
7,0.05,3.8,0.7531411877465762
7,0.05,3.9,0.7531411877465762
8,0.01,1.0,0.43676777938185485
8,0.01,1.1,0.45024441133790305
8,0.01,1.2,0.4564947362630087
8,0.01,1.3,0.46340586814094
8,0.01,1.4,0.47358865707781167
8,0.01,1.5,0.48060088594909994
8,0.01,1.6,0.49001280340928705
8,0.01,1.7,0.49423946721742895
8,0.01,1.8,0.49988932560341326
8,0.01,1.9,0.5048700972262212
8,0.01,2.0,0.5077165708840257
8,0.01,2.1,0.5128451813920634
8,0.01,2.2,0.5192201109758388
8,0.01,2.3,0.5244380830900621
8,0.01,2.4,0.5288750408837359
8,0.01,2.5,0.531437359129697
8,0.01,2.6,0.533596964128425
8,0.01,2.7,0.5359130901706504
8,0.01,2.8,0.5397297382390811
8,0.01,2.9,0.5413184102097068
8,0.01,3.0,0.5438644411643216
8,0.01,3.1,0.5445877000852571
8,0.01,3.2,0.5476071548449445
8,0.01,3.3,0.5481992513854291
8,0.01,3.4,0.5500903006945117
8,0.01,3.5,0.5513503667814007
8,0.01,3.6,0.5532156176928849
8,0.01,3.7,0.5540272598636119
8,0.01,3.8,0.5550054263800294
8,0.01,3.9,0.555880488942197
8,0.02,1.0,0.6729460803930161
8,0.02,1.1,0.6801307356047077
8,0.02,1.2,0.6847629489191508
8,0.02,1.3,0.6874961690720962
8,0.02,1.4,0.6913661873201141
8,0.02,1.5,0.6941022707312328
8,0.02,1.6,0.6983597759371042
8,0.02,1.7,0.7020495362324034
8,0.02,1.8,0.7037963429129256
8,0.02,1.9,0.704725956972145
8,0.02,2.0,0.7079652702219633
8,0.02,2.1,0.7092115718870493
8,0.02,2.2,0.7126118487509548
8,0.02,2.3,0.7168965302950817
8,0.02,2.4,0.7168965302950817
8,0.02,2.5,0.7171982157353061
8,0.02,2.6,0.7190640947345833
8,0.02,2.7,0.7230921748152106
8,0.02,2.8,0.7230921748152106
8,0.02,2.9,0.7250475357866418
8,0.02,3.0,0.7224941464775806
8,0.02,3.1,0.7238366944415053
8,0.02,3.2,0.726984640514428
8,0.02,3.3,0.7272988785251121
8,0.02,3.4,0.7283378395640732
8,0.02,3.5,0.7294870436308271
8,0.02,3.6,0.7297890259989535
8,0.02,3.7,0.730104887978685
8,0.02,3.8,0.7304223865489851
8,0.02,3.9,0.7307415344625074
8,0.03,1.0,0.7374814045568021
8,0.03,1.1,0.7439828122742584
8,0.03,1.2,0.7490306907398777
8,0.03,1.3,0.752953209177056
8,0.03,1.4,0.7535684991324475
8,0.03,1.5,0.7562068941943719
8,0.03,1.6,0.7582644899410128
8,0.03,1.7,0.7594019011218599
8,0.03,1.8,0.7662767376706043
8,0.03,1.9,0.7635560994017955
8,0.03,2.0,0.7656472830093638
8,0.03,2.1,0.7678915412312589
8,0.03,2.2,0.7690678629528065
8,0.03,2.3,0.7693818605281407
8,0.03,2.4,0.7700254655768113
8,0.03,2.5,0.7712737091840773
8,0.03,2.6,0.7725015511569906
8,0.03,2.7,0.7741203126978373
8,0.03,2.8,0.7719091879503629
8,0.03,2.9,0.7719091879503629
8,0.03,3.0,0.7722442384173396
8,0.03,3.1,0.7722442384173396
8,0.03,3.2,0.7725810663403744
8,0.03,3.3,0.7725810663403744
8,0.03,3.4,0.7735707598766517
8,0.03,3.5,0.7738909368471953
8,0.03,3.6,0.7738909368471953
8,0.03,3.7,0.7738909368471953
8,0.03,3.8,0.7769234433662178
8,0.03,3.9,0.7769234433662178
8,0.04,1.0,0.7501209666123606
8,0.04,1.1,0.7536739776501494
8,0.04,1.2,0.7561592761448059
8,0.04,1.3,0.7588331119072842
8,0.04,1.4,0.760772606574071
8,0.04,1.5,0.7636347693471789
8,0.04,1.6,0.7674456680632632
8,0.04,1.7,0.7674456680632632
8,0.04,1.8,0.7684249170609607
8,0.04,1.9,0.7684295164437912
8,0.04,2.0,0.7707218790228877
8,0.04,2.1,0.7702221541296319
8,0.04,2.2,0.7705621390146412
8,0.04,2.3,0.771733899584898
8,0.04,2.4,0.7720757123456332
8,0.04,2.5,0.7730107287084195
8,0.04,2.6,0.7742863246131714
8,0.04,2.7,0.7742863246131714
8,0.04,2.8,0.7742863246131714
8,0.04,2.9,0.7753265465271798
8,0.04,3.0,0.7753265465271798
8,0.04,3.1,0.775648152760116
8,0.04,3.2,0.7768511602789131
8,0.04,3.3,0.7780866815144343
8,0.04,3.4,0.7780866815144343
8,0.04,3.5,0.7794201869129803
8,0.04,3.6,0.7803969878897813
8,0.04,3.7,0.7803969878897813
8,0.04,3.8,0.781063837718773
8,0.04,3.9,0.7813886321029733
8,0.05,1.0,0.7641455311630966
8,0.05,1.1,0.7678103473705535
8,0.05,1.2,0.76717828233079
8,0.05,1.3,0.771038339743626
8,0.05,1.4,0.7717129146341667
8,0.05,1.5,0.7719525857407253
8,0.05,1.6,0.7746190006384699
8,0.05,1.7,0.7741014022947846
8,0.05,1.8,0.7754565435183921
8,0.05,1.9,0.7764889347946858
8,0.05,2.0,0.7764889347946858
8,0.05,2.1,0.7768147493310267
8,0.05,2.2,0.7780113619967116
8,0.05,2.3,0.7780113619967116
8,0.05,2.4,0.779556692247759
8,0.05,2.5,0.7808109252842572
8,0.05,2.6,0.7808109252842572
8,0.05,2.7,0.7836629284818074
8,0.05,2.8,0.7840124865875983
8,0.05,2.9,0.7840124865875983
8,0.05,3.0,0.7846756884496651
8,0.05,3.1,0.7853456404579106
8,0.05,3.2,0.7853456404579106
8,0.05,3.3,0.7853456404579106
8,0.05,3.4,0.7853456404579106
8,0.05,3.5,0.7853456404579106
8,0.05,3.6,0.7853456404579106
8,0.05,3.7,0.7853456404579106
8,0.05,3.8,0.7853456404579106
8,0.05,3.9,0.7865674449691887
9,0.01,1.0,0.449078721396451
9,0.01,1.1,0.46098158127514616
9,0.01,1.2,0.4703052882556235
9,0.01,1.3,0.4743659495692022
9,0.01,1.4,0.4832296734216378
9,0.01,1.5,0.49029855164026964
9,0.01,1.6,0.49873830894784543
9,0.01,1.7,0.5049853863355575
9,0.01,1.8,0.5074657615834829
9,0.01,1.9,0.5132945639661267
9,0.01,2.0,0.5174552133755244
9,0.01,2.1,0.5221641096460695
9,0.01,2.2,0.5284271241783873
9,0.01,2.3,0.5325395521151538
9,0.01,2.4,0.5353763438224364
9,0.01,2.5,0.5386220485911467
9,0.01,2.6,0.540670059440067
9,0.01,2.7,0.5428704868574267
9,0.01,2.8,0.5451894788485598
9,0.01,2.9,0.5463351758578214
9,0.01,3.0,0.5485052378577654
9,0.01,3.1,0.5514805964817299
9,0.01,3.2,0.5533211887670538
9,0.01,3.3,0.5548114034214386
9,0.01,3.4,0.5577766457205307
9,0.01,3.5,0.5585569289441847
9,0.01,3.6,0.559184764515851
9,0.01,3.7,0.5622519748487351
9,0.01,3.8,0.5637034090310805
9,0.01,3.9,0.5658722969183857
9,0.02,1.0,0.6955448963999828
9,0.02,1.1,0.7061815955293105
9,0.02,1.2,0.7101339064795289
9,0.02,1.3,0.711276420207855
9,0.02,1.4,0.7186324804498341
9,0.02,1.5,0.721580587096181
9,0.02,1.6,0.724997479452394
9,0.02,1.7,0.7268593858951845
9,0.02,1.8,0.7297758884944427
9,0.02,1.9,0.7297758884944427
9,0.02,2.0,0.731982765352362
9,0.02,2.1,0.7359691605437674
9,0.02,2.2,0.7382731604545538
9,0.02,2.3,0.7388659264739975
9,0.02,2.4,0.7438951162863479
9,0.02,2.5,0.7448059062518642
9,0.02,2.6,0.7455201026915949
9,0.02,2.7,0.747765295140869
9,0.02,2.8,0.7488843574844212
9,0.02,2.9,0.7488843574844212
9,0.02,3.0,0.7509067051278234
9,0.02,3.1,0.7515127611328218
9,0.02,3.2,0.7526882648271226
9,0.02,3.3,0.7494159476635851
9,0.02,3.4,0.7527606506031636
9,0.02,3.5,0.7535099668520864
9,0.02,3.6,0.7544379327133802
9,0.02,3.7,0.7555155318854124
9,0.02,3.8,0.7566073235453032
9,0.02,3.9,0.7588836550627491
9,0.03,1.0,0.7673329172238069
9,0.03,1.1,0.77188481890741
9,0.03,1.2,0.77703836486151
9,0.03,1.3,0.7809686775459105
9,0.03,1.4,0.7836416176874849
9,0.03,1.5,0.7860048458571647
9,0.03,1.6,0.7877808956622508
9,0.03,1.7,0.7904971274285663
9,0.03,1.8,0.7940834701423929
9,0.03,1.9,0.7952522405958758
9,0.03,2.0,0.7915622717761123
9,0.03,2.1,0.7937700977925702
9,0.03,2.2,0.7953735110697391
9,0.03,2.3,0.7987097768763526
9,0.03,2.4,0.8003039899853741
9,0.03,2.5,0.7994540395190554
9,0.03,2.6,0.7997697162258086
9,0.03,2.7,0.8012633893284807
9,0.03,2.8,0.8022524557791645
9,0.03,2.9,0.8012983695284408
9,0.03,3.0,0.8012983695284408
9,0.03,3.1,0.8026834796357721
9,0.03,3.2,0.8026834796357721
9,0.03,3.3,0.8039818337809587
9,0.03,3.4,0.8039818337809587
9,0.03,3.5,0.8043005940071428
9,0.03,3.6,0.8052895669587326
9,0.03,3.7,0.8052895669587326
9,0.03,3.8,0.806359657916464
9,0.03,3.9,0.8075457733882938
9,0.04,1.0,0.7836632310159858
9,0.04,1.1,0.7884465722640559
9,0.04,1.2,0.79194636407732
9,0.04,1.3,0.7954424328965949
9,0.04,1.4,0.7985432565473752
9,0.04,1.5,0.7961072972459995
9,0.04,1.6,0.7978674154895321
9,0.04,1.7,0.7991537676925028
9,0.04,1.8,0.8011302981802603
9,0.04,1.9,0.8027001356040709
9,0.04,2.0,0.8036891731890733
9,0.04,2.1,0.8068710836531038
9,0.04,2.2,0.8048560548969642
9,0.04,2.3,0.8061853656669512
9,0.04,2.4,0.8061853656669512
9,0.04,2.5,0.807414773092572
9,0.04,2.6,0.8087466367890883
9,0.04,2.7,0.8098135310598661
9,0.04,2.8,0.8098135310598661
9,0.04,2.9,0.8098135310598661
9,0.04,3.0,0.8128572286622863
9,0.04,3.1,0.8128572286622863
9,0.04,3.2,0.8128572286622863
9,0.04,3.3,0.8128572286622863
9,0.04,3.4,0.8141477177576534
9,0.04,3.5,0.8144891224504879
9,0.04,3.6,0.8148124577491925
9,0.04,3.7,0.815846879008333
9,0.04,3.8,0.815846879008333
9,0.04,3.9,0.8161718110245622
9,0.05,1.0,0.8048937855150263
9,0.05,1.1,0.806713486684165
9,0.05,1.2,0.8086146825992666
9,0.05,1.3,0.8080418576372123
9,0.05,1.4,0.8104963848174856
9,0.05,1.5,0.8159285927847936
9,0.05,1.6,0.8162724646585452
9,0.05,1.7,0.8177516669355013
9,0.05,1.8,0.8180825010577014
9,0.05,1.9,0.8180825010577014
9,0.05,2.0,0.8184086224989454
9,0.05,2.1,0.8196052351646302
9,0.05,2.2,0.8196052351646302
9,0.05,2.3,0.8227937557881349
9,0.05,2.4,0.8227937557881349
9,0.05,2.5,0.8245165022658938
9,0.05,2.6,0.8248458971817548
9,0.05,2.7,0.8248458971817548
9,0.05,2.8,0.826034324359855
9,0.05,2.9,0.826034324359855
9,0.05,3.0,0.8266980924522702
9,0.05,3.1,0.8273685822468873
9,0.05,3.2,0.8273685822468873
9,0.05,3.3,0.8273685822468873
9,0.05,3.4,0.8273685822468873
9,0.05,3.5,0.8273685822468873
9,0.05,3.6,0.8273685822468873
9,0.05,3.7,0.8273685822468873
9,0.05,3.8,0.8277063797703174
9,0.05,3.9,0.8289281842815955
10,0.01,1.0,0.45593700886688737
10,0.01,1.1,0.4643093137663382
10,0.01,1.2,0.47511607923920324
10,0.01,1.3,0.48162645321844844
10,0.01,1.4,0.49003275048739703
10,0.01,1.5,0.496847201792937
10,0.01,1.6,0.5063248038829904
10,0.01,1.7,0.5106726949450612
10,0.01,1.8,0.5138447534343833
10,0.01,1.9,0.5174917492313795
10,0.01,2.0,0.5238854847016483
10,0.01,2.1,0.5275658046524183
10,0.01,2.2,0.5349994127379251
10,0.01,2.3,0.5385963258901536
10,0.01,2.4,0.5402212590146969
10,0.01,2.5,0.5449118976283858
10,0.01,2.6,0.547759397413003
10,0.01,2.7,0.5501893261326559
10,0.01,2.8,0.5525738725389715
10,0.01,2.9,0.5546716959011729
10,0.01,3.0,0.5570363945218438
10,0.01,3.1,0.5592705507369006
10,0.01,3.2,0.5610235371852831
10,0.01,3.3,0.5627295734525518
10,0.01,3.4,0.5640426368920479
10,0.01,3.5,0.5657230605980239
10,0.01,3.6,0.5676601801189508
10,0.01,3.7,0.5698112910308891
10,0.01,3.8,0.5703701038367962
10,0.01,3.9,0.5717225499319183
10,0.02,1.0,0.7127305400478344
10,0.02,1.1,0.720262953507552
10,0.02,1.2,0.7237989221664719
10,0.02,1.3,0.7259630580338692
10,0.02,1.4,0.7305632262526424
10,0.02,1.5,0.7342541643329945
10,0.02,1.6,0.7357363645079887
10,0.02,1.7,0.7415050464961873
10,0.02,1.8,0.7458757639678842
10,0.02,1.9,0.7481534853336517
10,0.02,2.0,0.7519930622028647
10,0.02,2.1,0.7549777778026652
10,0.02,2.2,0.7580332247818466
10,0.02,2.3,0.7593265146116208
10,0.02,2.4,0.7606541239774149
10,0.02,2.5,0.7618241743453193
10,0.02,2.6,0.7621293703065595
10,0.02,2.7,0.7635176794357067
10,0.02,2.8,0.7645845737064845
10,0.02,2.9,0.765587101692373
10,0.02,3.0,0.7663012981321037
10,0.02,3.1,0.7680070098267985
10,0.02,3.2,0.7696916288729252
10,0.02,3.3,0.767369594685083
10,0.02,3.4,0.7684789493180253
10,0.02,3.5,0.7695054831543086
10,0.02,3.6,0.7719925688573398
10,0.02,3.7,0.7733631131354011
10,0.02,3.8,0.7741247132572571
10,0.02,3.9,0.7741247132572571
10,0.03,1.0,0.786666116442598
10,0.03,1.1,0.7927187868978268
10,0.03,1.2,0.7969513010259001
10,0.03,1.3,0.8041714506614318
10,0.03,1.4,0.8057295871302151
10,0.03,1.5,0.8069017791292534
10,0.03,1.6,0.8090518321254642
10,0.03,1.7,0.8107579705281559
10,0.03,1.8,0.8140404415344497
10,0.03,1.9,0.8156576017425008
10,0.03,2.0,0.8165936026785017
10,0.03,2.1,0.8183004437801656
10,0.03,2.2,0.8186130814945844
10,0.03,2.3,0.8199154257141796
10,0.03,2.4,0.8205603409676325
10,0.03,2.5,0.823223510856164
10,0.03,2.6,0.82458616287786
10,0.03,2.7,0.8261656542991934
10,0.03,2.8,0.8267985438523919
10,0.03,2.9,0.8237263472318083
10,0.03,3.0,0.8247288534974724
10,0.03,3.1,0.8260919558249217
10,0.03,3.2,0.8260919558249217
10,0.03,3.3,0.8260919558249217
10,0.03,3.4,0.8253297780441103
10,0.03,3.5,0.8269741967388101
10,0.03,3.6,0.8269741967388101
10,0.03,3.7,0.8269741967388101
10,0.03,3.8,0.8280200509075195
10,0.03,3.9,0.8295759271999551
10,0.04,1.0,0.8135221620545039
10,0.04,1.1,0.8186740473553956
10,0.04,1.2,0.8211983663589247
10,0.04,1.3,0.8247731720987781
10,0.04,1.4,0.827020687795261
10,0.04,1.5,0.828372998547266
10,0.04,1.6,0.8253198426419521
10,0.04,1.7,0.8270567249759135
10,0.04,1.8,0.8290997177189838
10,0.04,1.9,0.8330365769801509
10,0.04,2.0,0.8333568959360474
10,0.04,2.1,0.8340177777098147
10,0.04,2.2,0.8349813576449004
10,0.04,2.3,0.8363139389618767
10,0.04,2.4,0.8376272324100016
10,0.04,2.5,0.8387587741356027
10,0.04,2.6,0.8382242588287125
10,0.04,2.7,0.8382242588287125
10,0.04,2.8,0.8382242588287125
10,0.04,2.9,0.8398928072952906
10,0.04,3.0,0.8398928072952906
10,0.04,3.1,0.8413389671545831
10,0.04,3.2,0.8413389671545831
10,0.04,3.3,0.8416814680964607
10,0.04,3.4,0.8416814680964607
10,0.04,3.5,0.8430561960148936
10,0.04,3.6,0.8430561960148936
10,0.04,3.7,0.8433828656354876
10,0.04,3.8,0.8444180623228582
10,0.04,3.9,0.8454078225165985
10,0.05,1.0,0.8399177308776808
10,0.05,1.1,0.8413411610306857
10,0.05,1.2,0.8441598971909399
10,0.05,1.3,0.842197323339624
10,0.05,1.4,0.844367642778772
10,0.05,1.5,0.8507286683253411
10,0.05,1.6,0.8507286683253411
10,0.05,1.7,0.851422342424461
10,0.05,1.8,0.8545910739194099
10,0.05,1.9,0.8558128784306881
10,0.05,2.0,0.856139419021255
10,0.05,2.1,0.8542133473877823
10,0.05,2.2,0.8545415085271859
10,0.05,2.3,0.8563536237360031
10,0.05,2.4,0.8578648953031077
10,0.05,2.5,0.8578648953031077
10,0.05,2.6,0.8593640134688927
10,0.05,2.7,0.8596938072507808
10,0.05,2.8,0.8596938072507808
10,0.05,2.9,0.8615757549281197
10,0.05,3.0,0.8619105204132611
10,0.05,3.1,0.8619105204132611
10,0.05,3.2,0.8622469681370214
10,0.05,3.3,0.8622469681370214
10,0.05,3.4,0.8622469681370214
10,0.05,3.5,0.8622469681370214
10,0.05,3.6,0.8634947684889651
10,0.05,3.7,0.8638329111634747
10,0.05,3.8,0.8638329111634747
10,0.05,3.9,0.8638329111634747
