tool,specie,mrd,depth,batch,precision,recall,f1score
Confindr,campylobacter,0.01,120,1,0.14255589430894308,0.1015625,0.11813672438672439
Confindr,campylobacter,0.01,120,2,0.35997255794943656,0.34375,0.35128205128205126
Confindr,campylobacter,0.01,120,3,0.4808823245859283,0.5677083333333333,0.5204023167819195
Confindr,campylobacter,0.01,120,4,0.5112724757952973,0.640625,0.5686853134890086
Confindr,campylobacter,0.01,120,5,0.5543348074442602,0.734375,0.6314092953523238
Confindr,campylobacter,0.01,120,6,0.5639455782312925,0.7578125,0.6461996505991487
Confindr,campylobacter,0.01,120,7,0.577222559301956,0.7890625,0.6662276258020938
Confindr,campylobacter,0.01,120,8,0.5883192789898719,0.7916666666666667,0.6741295361939365
Confindr,campylobacter,0.01,120,9,0.5885685234948073,0.8020833333333333,0.6781583059588487
Confindr,campylobacter,0.01,120,10,0.5848919427496151,0.8046875,0.6766045826075305
Confindr,campylobacter,0.01,170,1,0.20613161041303935,0.2265625,0.21511108481495728
Confindr,campylobacter,0.01,170,2,0.3744968185949877,0.5338541666666667,0.439456928330118
Confindr,campylobacter,0.01,170,3,0.42124264574790515,0.6510416666666667,0.511182425726196
Confindr,campylobacter,0.01,170,4,0.46329949136929793,0.7578125,0.5737918503054202
Confindr,campylobacter,0.01,170,5,0.4741554741554742,0.7890625,0.5912739012800401
Confindr,campylobacter,0.01,170,6,0.47704445585801514,0.8020833333333333,0.5971931953527045
Confindr,campylobacter,0.01,170,7,0.4785037878787879,0.8072916666666666,0.5999671209947394
Confindr,campylobacter,0.01,170,8,0.4799242424242425,0.8098958333333333,0.601805356288857
Confindr,campylobacter,0.01,170,9,0.47696149960713885,0.8098958333333333,0.5994794679005205
Confindr,campylobacter,0.01,170,10,0.47554907022860776,0.8072916666666666,0.5976479660690188
Confindr,campylobacter,0.01,220,1,0.20422006186478125,0.3046875,0.24251672923127143
Confindr,campylobacter,0.01,220,2,0.3377057081870137,0.6171875,0.4342047612092887
Confindr,campylobacter,0.01,220,3,0.38419910520534734,0.7604166666666667,0.5072527472527473
Confindr,campylobacter,0.01,220,4,0.39252155381187637,0.7916666666666667,0.5216438356164383
Confindr,campylobacter,0.01,220,5,0.3979888189360038,0.8072916666666666,0.5298816619258353
Confindr,campylobacter,0.01,220,6,0.4005406805452132,0.8098958333333333,0.5330150436897576
Confindr,campylobacter,0.01,220,7,0.4023179238053178,0.8125,0.5351055962827314
Confindr,campylobacter,0.01,220,8,0.4013069358178054,0.8125,0.534358152072876
Confindr,campylobacter,0.01,220,9,0.40114104184900645,0.8125,0.5345604950561333
Confindr,campylobacter,0.01,220,10,0.40001094923419767,0.8125,0.53344053310155
Confindr,campylobacter,0.02,120,1,0.13990185950413223,0.09895833333333334,0.11538810630264304
Confindr,campylobacter,0.02,120,2,0.3578134284016637,0.3385416666666667,0.34741464796713417
Confindr,campylobacter,0.02,120,3,0.4798155896482257,0.5651041666666666,0.518652472589964
Confindr,campylobacter,0.02,120,4,0.5112724757952973,0.640625,0.5686853134890086
Confindr,campylobacter,0.02,120,5,0.5543348074442602,0.734375,0.6314092953523238
Confindr,campylobacter,0.02,120,6,0.5639455782312925,0.7578125,0.6461996505991487
Confindr,campylobacter,0.02,120,7,0.577222559301956,0.7890625,0.6662276258020938
Confindr,campylobacter,0.02,120,8,0.5883192789898719,0.7916666666666667,0.6741295361939365
Confindr,campylobacter,0.02,120,9,0.5898649437022344,0.8020833333333333,0.6789718175999379
Confindr,campylobacter,0.02,120,10,0.5861674109698845,0.8046875,0.6774106903035186
Confindr,campylobacter,0.02,170,1,0.18552871249161154,0.1328125,0.1538225333824639
Confindr,campylobacter,0.02,170,2,0.41036739058482063,0.41666666666666663,0.41267198489744816
Confindr,campylobacter,0.02,170,3,0.49170823169621725,0.5963541666666667,0.5388680531878622
Confindr,campylobacter,0.02,170,4,0.5362707889783702,0.7057291666666667,0.6083866382373845
Confindr,campylobacter,0.02,170,5,0.5538286302175192,0.7473958333333333,0.6354422365088641
Confindr,campylobacter,0.02,170,6,0.5654543713754241,0.7916666666666666,0.6584030396952837
Confindr,campylobacter,0.02,170,7,0.5666666666666667,0.8046875,0.6636868631129751
Confindr,campylobacter,0.02,170,8,0.5699750830564785,0.8072916666666666,0.66667434999078
Confindr,campylobacter,0.02,170,9,0.5687649402390438,0.8098958333333333,0.6669603039145515
Confindr,campylobacter,0.02,170,10,0.5718243243243244,0.8072916666666666,0.6683016838513464
Confindr,campylobacter,0.02,220,1,0.1647979691136027,0.11458333333333334,0.134260106091092
Confindr,campylobacter,0.02,220,2,0.3792383256993057,0.3619791666666667,0.3697527635387243
Confindr,campylobacter,0.02,220,3,0.4801374014952515,0.5494791666666667,0.5113080649095703
Confindr,campylobacter,0.02,220,4,0.5321953949472338,0.6875,0.5994754493956932
Confindr,campylobacter,0.02,220,5,0.5645782788639931,0.7734375,0.6517622052219871
Confindr,campylobacter,0.02,220,6,0.5758265928764013,0.7916666666666666,0.6654504697858539
Confindr,campylobacter,0.02,220,7,0.5830518018018018,0.8046875,0.6743700667880996
Confindr,campylobacter,0.02,220,8,0.5855429292929293,0.8098958333333333,0.6778147012042718
Confindr,campylobacter,0.02,220,9,0.5850902769989907,0.8098958333333333,0.6776397985840306
Confindr,campylobacter,0.02,220,10,0.5895739048757578,0.8098958333333333,0.6806164246226117
Confindr,campylobacter,0.03,120,1,0.0787878787878788,0.03385416666666667,0.046824837522511945
Confindr,campylobacter,0.03,120,2,0.3036350677120456,0.1640625,0.2120749977572441
Confindr,campylobacter,0.03,120,3,0.520929079931513,0.40104166666666663,0.45241529716827233
Confindr,campylobacter,0.03,120,4,0.5799174236168456,0.5260416666666667,0.551662871859953
Confindr,campylobacter,0.03,120,5,0.6196209587513934,0.609375,0.6143273407004233
Confindr,campylobacter,0.03,120,6,0.6472816399286987,0.6744791666666667,0.6597470122613689
Confindr,campylobacter,0.03,120,7,0.6688444983997351,0.7395833333333333,0.7021913747781484
Confindr,campylobacter,0.03,120,8,0.6873044447301873,0.7708333333333333,0.7258643242010776
Confindr,campylobacter,0.03,120,9,0.6937168435013263,0.7916666666666666,0.7389150943396225
Confindr,campylobacter,0.03,120,10,0.694965939502068,0.8020833333333333,0.7440103013494301
Confindr,campylobacter,0.03,170,1,0.08409090909090909,0.03125,0.04523809523809524
Confindr,campylobacter,0.03,170,2,0.32159377628259045,0.1640625,0.21582614465826147
Confindr,campylobacter,0.03,170,3,0.4905867029779172,0.3307291666666667,0.39505184470701715
Confindr,campylobacter,0.03,170,4,0.5916330645161291,0.484375,0.5326254257270107
Confindr,campylobacter,0.03,170,5,0.6492119335772587,0.6380208333333334,0.6435577228584455
Confindr,campylobacter,0.03,170,6,0.6819898009218397,0.7161458333333334,0.6985826568741142
Confindr,campylobacter,0.03,170,7,0.6986765831783879,0.7760416666666666,0.7350065248399138
Confindr,campylobacter,0.03,170,8,0.7069376693766938,0.7890625,0.7453442787331848
Confindr,campylobacter,0.03,170,9,0.7157680787334189,0.8046875,0.7570948782535684
Confindr,campylobacter,0.03,170,10,0.7106668062388779,0.8072916666666666,0.755134093939843
Confindr,campylobacter,0.03,220,1,0.07362155388471178,0.026041666666666668,0.03819626331412607
Confindr,campylobacter,0.03,220,2,0.26907073509015256,0.11979166666666666,0.1644714710829344
Confindr,campylobacter,0.03,220,3,0.4452877925363694,0.2578125,0.325841729096702
Confindr,campylobacter,0.03,220,4,0.6166666666666667,0.5208333333333334,0.5646804176215942
Confindr,campylobacter,0.03,220,5,0.6694275169513346,0.6536458333333333,0.6613681462140991
Confindr,campylobacter,0.03,220,6,0.697635950932097,0.7395833333333333,0.7179964198951541
Confindr,campylobacter,0.03,220,7,0.7184669832058383,0.796875,0.7552695631008883
Confindr,campylobacter,0.03,220,8,0.7191090092424635,0.8046875,0.7589559075239267
Confindr,campylobacter,0.03,220,9,0.7220072239422084,0.8098958333333333,0.7628427128427129
Confindr,campylobacter,0.03,220,10,0.7269061423776102,0.8098958333333333,0.7656108049179334
Confindr,campylobacter,0.04,120,1,0.050595238095238096,0.013020833333333332,0.020643782740556935
Confindr,campylobacter,0.04,120,2,0.21543778801843316,0.06510416666666666,0.09994919989839979
Confindr,campylobacter,0.04,120,3,0.4531135531135531,0.1953125,0.27242889850584295
Confindr,campylobacter,0.04,120,4,0.5751544571932922,0.3203125,0.4113705241890223
Confindr,campylobacter,0.04,120,5,0.652060606060606,0.4375,0.5235619425945399
Confindr,campylobacter,0.04,120,6,0.6921839080459771,0.53125,0.6010897669495201
Confindr,campylobacter,0.04,120,7,0.7331404628890663,0.6640625,0.6967205750224619
Confindr,campylobacter,0.04,120,8,0.7534958871915394,0.7239583333333333,0.7384304983351204
Confindr,campylobacter,0.04,120,9,0.7629574226432865,0.7552083333333333,0.75905785928195
Confindr,campylobacter,0.04,120,10,0.7695747087136056,0.78125,0.7753480452709245
Confindr,campylobacter,0.04,170,1,0.05277777777777778,0.013020833333333332,0.020815811606391926
Confindr,campylobacter,0.04,170,2,0.21514766592569068,0.06510416666666666,0.09943296554175216
Confindr,campylobacter,0.04,170,3,0.36586707746478875,0.12760416666666666,0.18911894011406843
Confindr,campylobacter,0.04,170,4,0.5333333333333333,0.25,0.3404255319148936
Confindr,campylobacter,0.04,170,5,0.6722941176470588,0.4583333333333333,0.5448372701392629
Confindr,campylobacter,0.04,170,6,0.7193312434691745,0.5833333333333334,0.6435761248119427
Confindr,campylobacter,0.04,170,7,0.7601249114673878,0.7005208333333334,0.7285817452948373
Confindr,campylobacter,0.04,170,8,0.7758680555555555,0.7526041666666666,0.7638608870967742
Confindr,campylobacter,0.04,170,9,0.7839317511361523,0.7916666666666666,0.7877331579265305
Confindr,campylobacter,0.04,170,10,0.7844720335907936,0.8020833333333333,0.793024611999841
Confindr,campylobacter,0.04,220,1,0.06135531135531135,0.015625,0.024787040916073172
Confindr,campylobacter,0.04,220,2,0.13211382113821138,0.036458333333333336,0.056849921656788614
Confindr,campylobacter,0.04,220,3,0.2528837622005324,0.078125,0.11875804836171125
Confindr,campylobacter,0.04,220,4,0.5180851063829788,0.24739583333333331,0.33484600505877105
Confindr,campylobacter,0.04,220,5,0.6713486353774123,0.46614583333333337,0.5499249463223698
Confindr,campylobacter,0.04,220,6,0.7226867335562988,0.6119791666666666,0.6597147950089126
Confindr,campylobacter,0.04,220,7,0.7691689321523576,0.7421875,0.7553496161505281
Confindr,campylobacter,0.04,220,8,0.7846145871131616,0.8020833333333333,0.7930975069912922
Confindr,campylobacter,0.04,220,9,0.7876873081783715,0.8072916666666667,0.7971841226823544
Confindr,campylobacter,0.04,220,10,0.794762768991444,0.8125,0.8033136722115448
Confindr,campylobacter,0.05,120,1,0.0393939393939394,0.0078125,0.012979080775690944
Confindr,campylobacter,0.05,120,2,0.12983091787439613,0.026041666666666668,0.04330679640277163
Confindr,campylobacter,0.05,120,3,0.37681159420289856,0.11197916666666667,0.17141569271386717
Confindr,campylobacter,0.05,120,4,0.49294354838709675,0.1796875,0.2625347383047707
Confindr,campylobacter,0.05,120,5,0.6071216968835169,0.2890625,0.39140032989793005
Confindr,campylobacter,0.05,120,6,0.6835254449933349,0.40104166666666663,0.5053489447257792
Confindr,campylobacter,0.05,120,7,0.7455535390199637,0.5416666666666666,0.6271810089020771
Confindr,campylobacter,0.05,120,8,0.7733293196869355,0.6145833333333333,0.6848615581657931
Confindr,campylobacter,0.05,120,9,0.7870886075949367,0.6848958333333333,0.7319735305566368
Confindr,campylobacter,0.05,120,10,0.8022904062229905,0.7526041666666667,0.7766295707472178
Confindr,campylobacter,0.05,170,1,0.04047619047619047,0.0078125,0.013051513051513051
Confindr,campylobacter,0.05,170,2,0.1122168840082361,0.0234375,0.03855751730866653
Confindr,campylobacter,0.05,170,3,0.2241902834008097,0.05208333333333333,0.08421240199572344
Confindr,campylobacter,0.05,170,4,0.38842422214787553,0.109375,0.1703376904531514
Confindr,campylobacter,0.05,170,5,0.5863453815261044,0.25,0.35052947052947053
Confindr,campylobacter,0.05,170,6,0.6900547829751369,0.3932291666666667,0.5008224319699729
Confindr,campylobacter,0.05,170,7,0.7476547842401501,0.5494791666666666,0.6313081554460864
Confindr,campylobacter,0.05,170,8,0.7906222646614148,0.6614583333333333,0.7181652954254094
Confindr,campylobacter,0.05,170,9,0.8170006464124111,0.75,0.7818418175909239
Confindr,campylobacter,0.05,170,10,0.8283459103131234,0.8020833333333333,0.8149501312335957
Confindr,campylobacter,0.05,220,1,0.04415954415954416,0.0078125,0.013224218703670758
Confindr,campylobacter,0.05,220,2,0.09400656814449918,0.018229166666666668,0.030417295123177476
Confindr,campylobacter,0.05,220,3,0.14229390681003584,0.028645833333333336,0.047473084709844654
Confindr,campylobacter,0.05,220,4,0.3170454545454545,0.078125,0.12486039368979476
Confindr,campylobacter,0.05,220,5,0.5695994146698371,0.21875,0.3159992649865012
Confindr,campylobacter,0.05,220,6,0.7303921568627451,0.46354166666666663,0.5649585283731625
Confindr,campylobacter,0.05,220,7,0.7930839770519944,0.6171875,0.6936764845074301
Confindr,campylobacter,0.05,220,8,0.8311642965972574,0.7682291666666667,0.7984442751669987
Confindr,campylobacter,0.05,220,9,0.8395424836601306,0.8020833333333334,0.8203109484495135
Confindr,campylobacter,0.05,220,10,0.8360715324222158,0.8072916666666666,0.8213087601588929
Confindr,ecoli,0.01,120,1,0.040123456790123455,0.10569105691056911,0.058165548098434015
Confindr,ecoli,0.01,120,2,0.15743061357096444,0.3089430894308943,0.19940952264064749
Confindr,ecoli,0.01,120,3,0.2544048438934802,0.4959349593495935,0.3239508815039402
Confindr,ecoli,0.01,120,4,0.3382699675803124,0.6747967479674797,0.44197798787532766
Confindr,ecoli,0.01,120,5,0.36535926565046495,0.7317073170731708,0.47988736772590496
Confindr,ecoli,0.01,120,6,0.3925298179535468,0.8373983739837398,0.5277864898702669
Confindr,ecoli,0.01,120,7,0.4019494677440041,0.8699186991869919,0.545138439875282
Confindr,ecoli,0.01,120,8,0.41919545596016183,0.8861788617886179,0.5638778766325183
Confindr,ecoli,0.01,120,9,0.41644222136719256,0.894308943089431,0.5631351105035315
Confindr,ecoli,0.01,120,10,0.41462583475686515,0.910569105691057,0.5656361182676972
Confindr,ecoli,0.01,170,1,0.058725964291062194,0.16260162601626016,0.0843528416725553
Confindr,ecoli,0.01,170,2,0.1743316075932563,0.4878048780487805,0.25104771707962653
Confindr,ecoli,0.01,170,3,0.23781121230927502,0.6747967479674797,0.34603049157843674
Confindr,ecoli,0.01,170,4,0.28101572393220137,0.8211382113821138,0.41406573065340835
Confindr,ecoli,0.01,170,5,0.2963398078529657,0.8699186991869919,0.43776498205506914
Confindr,ecoli,0.01,170,6,0.30266493222158247,0.894308943089431,0.4485054588201309
Confindr,ecoli,0.01,170,7,0.29724198892216896,0.910569105691057,0.4448559488800938
Confindr,ecoli,0.01,170,8,0.299545159194282,0.91869918699187,0.4486590116568017
Confindr,ecoli,0.01,170,9,0.29681105253860673,0.91869918699187,0.44586964276614177
Confindr,ecoli,0.01,170,10,0.2983887332511186,0.91869918699187,0.44798437862712165
Confindr,ecoli,0.01,220,1,0.0702967259963346,0.2764227642276423,0.10953782976635283
Confindr,ecoli,0.01,220,2,0.16196212010520164,0.6260162601626017,0.25335509515480487
Confindr,ecoli,0.01,220,3,0.2077586206896552,0.8211382113821138,0.32863283152300493
Confindr,ecoli,0.01,220,4,0.22248875562218892,0.8861788617886179,0.35300717577368607
Confindr,ecoli,0.01,220,5,0.22699843664891098,0.910569105691057,0.36106328694716244
Confindr,ecoli,0.01,220,6,0.2240346037191976,0.91869918699187,0.3584377809508699
Confindr,ecoli,0.01,220,7,0.2228781476931068,0.91869918699187,0.3571087786259542
Confindr,ecoli,0.01,220,8,0.22324792324792322,0.91869918699187,0.3575971070223944
Confindr,ecoli,0.01,220,9,0.2268799269044217,0.9430894308943089,0.3645760585457894
Confindr,ecoli,0.01,220,10,0.23235624438454627,0.9430894308943089,0.3714701554143785
Confindr,ecoli,0.02,120,1,0.040123456790123455,0.10569105691056911,0.058165548098434015
Confindr,ecoli,0.02,120,2,0.15743061357096444,0.3089430894308943,0.19940952264064749
Confindr,ecoli,0.02,120,3,0.2544048438934802,0.4959349593495935,0.3239508815039402
Confindr,ecoli,0.02,120,4,0.3382699675803124,0.6747967479674797,0.44197798787532766
Confindr,ecoli,0.02,120,5,0.36535926565046495,0.7317073170731708,0.47988736772590496
Confindr,ecoli,0.02,120,6,0.3925298179535468,0.8373983739837398,0.5277864898702669
Confindr,ecoli,0.02,120,7,0.4019494677440041,0.8699186991869919,0.545138439875282
Confindr,ecoli,0.02,120,8,0.41919545596016183,0.8861788617886179,0.5638778766325183
Confindr,ecoli,0.02,120,9,0.41644222136719256,0.894308943089431,0.5631351105035315
Confindr,ecoli,0.02,120,10,0.41462583475686515,0.910569105691057,0.5656361182676972
Confindr,ecoli,0.02,170,1,0.058826335665146307,0.16260162601626016,0.08444169502010518
Confindr,ecoli,0.02,170,2,0.17169266947044726,0.4796747967479675,0.24697716077026421
Confindr,ecoli,0.02,170,3,0.23673459383364873,0.6666666666666666,0.3433950828555945
Confindr,ecoli,0.02,170,4,0.28309049426222105,0.8211382113821138,0.4161589906922347
Confindr,ecoli,0.02,170,5,0.2963398078529657,0.8699186991869919,0.43776498205506914
Confindr,ecoli,0.02,170,6,0.30313302781162926,0.894308943089431,0.44910534831417137
Confindr,ecoli,0.02,170,7,0.29724198892216896,0.910569105691057,0.4448559488800938
Confindr,ecoli,0.02,170,8,0.29998088904177656,0.91869918699187,0.44922534746412834
Confindr,ecoli,0.02,170,9,0.3004905490285607,0.91869918699187,0.4506011970973039
Confindr,ecoli,0.02,170,10,0.30078772315010843,0.91869918699187,0.45104351659424397
Confindr,ecoli,0.02,220,1,0.053304888280257735,0.16260162601626016,0.07861189757581988
Confindr,ecoli,0.02,220,2,0.1591619133274952,0.4634146341463415,0.2298023545564126
Confindr,ecoli,0.02,220,3,0.2666332291243827,0.7317073170731708,0.385076679942944
Confindr,ecoli,0.02,220,4,0.29096790890269153,0.8130081300813008,0.42278862099757625
Confindr,ecoli,0.02,220,5,0.3100993528393036,0.894308943089431,0.45618611746758203
Confindr,ecoli,0.02,220,6,0.31531306715063523,0.910569105691057,0.46452155980432547
Confindr,ecoli,0.02,220,7,0.325559582088287,0.910569105691057,0.47675995329390936
Confindr,ecoli,0.02,220,8,0.32145616306575214,0.910569105691057,0.4728828905299493
Confindr,ecoli,0.02,220,9,0.3262873999157185,0.91869918699187,0.47980535849349765
Confindr,ecoli,0.02,220,10,0.3319052249683101,0.91869918699187,0.486144941201121
Confindr,ecoli,0.03,120,1,0.04248366013071895,0.10569105691056911,0.0606060606060606
Confindr,ecoli,0.03,120,2,0.16093412760079426,0.3008130081300813,0.19987800627396304
Confindr,ecoli,0.03,120,3,0.2567730117597139,0.4878048780487805,0.3244844466363454
Confindr,ecoli,0.03,120,4,0.33910899042477993,0.6666666666666666,0.44046468604069494
Confindr,ecoli,0.03,120,5,0.3637110016420361,0.7154471544715447,0.4740452654891158
Confindr,ecoli,0.03,120,6,0.40294724432655465,0.8373983739837398,0.5376546966930412
Confindr,ecoli,0.03,120,7,0.40895768554403533,0.8536585365853658,0.5479962013295347
Confindr,ecoli,0.03,120,8,0.42283950617283955,0.8699186991869919,0.563801501505444
Confindr,ecoli,0.03,120,9,0.42513776970705813,0.8780487804878049,0.567578086677378
Confindr,ecoli,0.03,120,10,0.45287813768918417,0.9024390243902439,0.5974129946085507
Confindr,ecoli,0.03,170,1,0.04504504504504505,0.08130081300813008,0.057971014492753624
Confindr,ecoli,0.03,170,2,0.1401315789473684,0.26829268292682923,0.1772993400585481
Confindr,ecoli,0.03,170,3,0.2869131217405534,0.47154471544715443,0.343725727497697
Confindr,ecoli,0.03,170,4,0.4154824033186137,0.6910569105691057,0.5113446569243213
Confindr,ecoli,0.03,170,5,0.43363036508540675,0.7642276422764228,0.5468905758760831
Confindr,ecoli,0.03,170,6,0.4572069477175526,0.8048780487804877,0.5757385696595423
Confindr,ecoli,0.03,170,7,0.4724537037037037,0.8699186991869919,0.6086372011931617
Confindr,ecoli,0.03,170,8,0.4754534441422895,0.894308943089431,0.6170795778527203
Confindr,ecoli,0.03,170,9,0.4714383423189923,0.894308943089431,0.614284681255059
Confindr,ecoli,0.03,170,10,0.4635806018784742,0.9024390243902439,0.6108427267847558
Confindr,ecoli,0.03,220,1,0.03864734299516908,0.06504065040650407,0.048484848484848485
Confindr,ecoli,0.03,220,2,0.13649425287356323,0.2682926829268293,0.17692307692307693
Confindr,ecoli,0.03,220,3,0.33993553993553993,0.5040650406504065,0.39020798323123906
Confindr,ecoli,0.03,220,4,0.4188904225136109,0.6341463414634146,0.4914454811728115
Confindr,ecoli,0.03,220,5,0.4773532905678309,0.7642276422764228,0.5786109315521081
Confindr,ecoli,0.03,220,6,0.5020142199110854,0.8455284552845529,0.6254669431550672
Confindr,ecoli,0.03,220,7,0.5010879912960696,0.8455284552845529,0.6251132107831213
Confindr,ecoli,0.03,220,8,0.509674789921846,0.894308943089431,0.6459622608733415
Confindr,ecoli,0.03,220,9,0.5189587250425284,0.9024390243902439,0.655808939289919
Confindr,ecoli,0.03,220,10,0.5107754249320514,0.910569105691057,0.6531197558301162
Confindr,ecoli,0.04,120,1,0.04081632653061224,0.048780487804878044,0.044444444444444446
Confindr,ecoli,0.04,120,2,0.12604166666666666,0.17886178861788618,0.1442622950819672
Confindr,ecoli,0.04,120,3,0.2288124156545209,0.3089430894308943,0.24497381385074068
Confindr,ecoli,0.04,120,4,0.3926354238854239,0.4959349593495935,0.4200214683695747
Confindr,ecoli,0.04,120,5,0.4365427927927928,0.5365853658536586,0.46050117033927745
Confindr,ecoli,0.04,120,6,0.5242560740044286,0.7073170731707318,0.5899003361618316
Confindr,ecoli,0.04,120,7,0.5635078776645042,0.7642276422764228,0.6344086021505376
Confindr,ecoli,0.04,120,8,0.5911064425770308,0.7967479674796748,0.6669357992516239
Confindr,ecoli,0.04,120,9,0.6007258491604448,0.8373983739837398,0.6909350289394309
Confindr,ecoli,0.04,120,10,0.6066738816738817,0.8617886178861789,0.7054820245879091
Confindr,ecoli,0.04,170,1,0.05691056910569106,0.05691056910569106,0.05691056910569106
Confindr,ecoli,0.04,170,2,0.12345679012345678,0.16260162601626016,0.14035087719298245
Confindr,ecoli,0.04,170,3,0.2775335397316821,0.34146341463414637,0.2878046520248355
Confindr,ecoli,0.04,170,4,0.45073281837987716,0.4959349593495935,0.45205486112124
Confindr,ecoli,0.04,170,5,0.4959024635495224,0.5609756097560976,0.5098677693069734
Confindr,ecoli,0.04,170,6,0.5681102341775764,0.7073170731707318,0.6203980735626305
Confindr,ecoli,0.04,170,7,0.5932738758825715,0.7723577235772359,0.6641957860768588
Confindr,ecoli,0.04,170,8,0.6154160189677642,0.8292682926829268,0.7007918851634091
Confindr,ecoli,0.04,170,9,0.6221132897603486,0.8292682926829268,0.7041348640353625
Confindr,ecoli,0.04,170,10,0.6336417678986818,0.8861788617886179,0.7341854363130959
Confindr,ecoli,0.04,220,1,0.02857142857142857,0.024390243902439022,0.026315789473684213
Confindr,ecoli,0.04,220,2,0.15204678362573099,0.21138211382113822,0.17687074829931973
Confindr,ecoli,0.04,220,3,0.3613154960981048,0.37398373983739835,0.3419102484792247
Confindr,ecoli,0.04,220,4,0.46365007541478126,0.4878048780487805,0.4522625276511872
Confindr,ecoli,0.04,220,5,0.5631823461091754,0.6585365853658537,0.5934246184567109
Confindr,ecoli,0.04,220,6,0.6075318401405357,0.7398373983739838,0.6578420369270043
Confindr,ecoli,0.04,220,7,0.6103773685958204,0.7479674796747968,0.6633624625016304
Confindr,ecoli,0.04,220,8,0.6399174434691887,0.8211382113821138,0.7117112816792046
Confindr,ecoli,0.04,220,9,0.6547926447574334,0.8780487804878049,0.7447730172449273
Confindr,ecoli,0.04,220,10,0.6584994978690485,0.910569105691057,0.7599136730715678
Confindr,ecoli,0.05,120,1,0.020202020202020204,0.016260162601626018,0.018018018018018018
Confindr,ecoli,0.05,120,2,0.10077519379844961,0.10569105691056911,0.10317460317460318
Confindr,ecoli,0.05,120,3,0.22087269455690509,0.25203252032520324,0.2219702695893172
Confindr,ecoli,0.05,120,4,0.40603044496487123,0.37398373983739835,0.3569137898509715
Confindr,ecoli,0.05,120,5,0.5292622785829307,0.5040650406504065,0.487984360410831
Confindr,ecoli,0.05,120,6,0.5826243648824294,0.5528455284552846,0.5436137169786358
Confindr,ecoli,0.05,120,7,0.6413662239089185,0.6504065040650406,0.6298525710176196
Confindr,ecoli,0.05,120,8,0.6643443702267232,0.7154471544715447,0.6766239316239316
Confindr,ecoli,0.05,120,9,0.6882795325697096,0.7804878048780489,0.7182771744175254
Confindr,ecoli,0.05,120,10,0.703474555318004,0.8292682926829268,0.7533181396503993
Confindr,ecoli,0.05,170,1,0.027777777777777776,0.016260162601626018,0.020512820512820513
Confindr,ecoli,0.05,170,2,0.10784313725490197,0.08943089430894309,0.0977777777777778
Confindr,ecoli,0.05,170,3,0.23214285714285712,0.23577235772357727,0.22101284958427822
Confindr,ecoli,0.05,170,4,0.5111111111111111,0.3983739837398374,0.4059633620132807
Confindr,ecoli,0.05,170,5,0.5590395480225988,0.47154471544715443,0.47617486338797815
Confindr,ecoli,0.05,170,6,0.6583514887436456,0.6341463414634146,0.6269695204814599
Confindr,ecoli,0.05,170,7,0.6739255221539727,0.6991869918699187,0.6723856209150326
Confindr,ecoli,0.05,170,8,0.7229258398060653,0.7642276422764228,0.7338194957707153
Confindr,ecoli,0.05,170,9,0.7371450397766187,0.7642276422764228,0.7420991706705992
Confindr,ecoli,0.05,170,10,0.7495563222307409,0.8292682926829268,0.7828669612174767
Confindr,ecoli,0.05,220,1,0.02666666666666667,0.016260162601626018,0.020202020202020204
Confindr,ecoli,0.05,220,2,0.14166666666666666,0.13821138211382114,0.13991769547325103
Confindr,ecoli,0.05,220,3,0.27941176470588236,0.26829268292682923,0.2551271534044299
Confindr,ecoli,0.05,220,4,0.47928849902534115,0.4065040650406504,0.4087230861824607
Confindr,ecoli,0.05,220,5,0.5518746789933231,0.4959349593495935,0.49633736081497276
Confindr,ecoli,0.05,220,6,0.6145253985910272,0.5691056910569106,0.5696710696710696
Confindr,ecoli,0.05,220,7,0.6424878884556304,0.5934959349593496,0.5993756874276954
Confindr,ecoli,0.05,220,8,0.6978803716608595,0.7479674796747968,0.715704042835046
Confindr,ecoli,0.05,220,9,0.746031746031746,0.8536585365853658,0.7930842837694015
Confindr,ecoli,0.05,220,10,0.7586915668311017,0.8780487804878049,0.8107909830598906
Confindr,klebsiella,0.01,120,1,0.07083333333333333,0.13333333333333333,0.08787878787878786
Confindr,klebsiella,0.01,120,2,0.07083333333333333,0.13333333333333333,0.08787878787878786
Confindr,klebsiella,0.01,120,3,0.24860022396416573,0.5333333333333333,0.32447817836812143
Confindr,klebsiella,0.01,120,4,0.29931972789115646,0.6666666666666667,0.3975694444444444
Confindr,klebsiella,0.01,120,5,0.3356521739130435,0.7666666666666666,0.45222672064777325
Confindr,klebsiella,0.01,120,6,0.41208791208791207,1.0,0.572717806317251
Confindr,klebsiella,0.01,120,7,0.4056795131845842,1.0,0.5681818181818182
Confindr,klebsiella,0.01,120,8,0.41487068965517243,1.0,0.579004329004329
Confindr,klebsiella,0.01,120,9,0.41487068965517243,1.0,0.579004329004329
Confindr,klebsiella,0.01,120,10,0.40625,1.0,0.5714285714285714
Confindr,klebsiella,0.01,170,1,0.067671809256662,0.16666666666666669,0.09159261790840739
Confindr,klebsiella,0.01,170,2,0.16612200435729846,0.5,0.2395295467584624
Confindr,klebsiella,0.01,170,3,0.21654929577464788,0.6666666666666667,0.313953488372093
Confindr,klebsiella,0.01,170,4,0.31396713615023475,1.0,0.46853625170998636
Confindr,klebsiella,0.01,170,5,0.303002223869533,1.0,0.4574374725756911
Confindr,klebsiella,0.01,170,6,0.2979414951245937,1.0,0.45219638242894056
Confindr,klebsiella,0.01,170,7,0.2931338028169014,1.0,0.4471458773784355
Confindr,klebsiella,0.01,170,8,0.29464285714285715,1.0,0.44919786096256686
Confindr,klebsiella,0.01,170,9,0.29464285714285715,1.0,0.44919786096256686
Confindr,klebsiella,0.01,170,10,0.29464285714285715,1.0,0.44919786096256686
Confindr,klebsiella,0.01,220,1,0.04577702702702703,0.16666666666666669,0.0700404858299595
Confindr,klebsiella,0.01,220,2,0.15839956152370513,0.6666666666666667,0.25
Confindr,klebsiella,0.01,220,3,0.23639455782312924,1.0,0.3772321428571428
Confindr,klebsiella,0.01,220,4,0.23333333333333334,1.0,0.37362637362637363
Confindr,klebsiella,0.01,220,5,0.2297872340425532,1.0,0.36838390966831336
Confindr,klebsiella,0.01,220,6,0.23284845853234912,1.0,0.3719896788990825
Confindr,klebsiella,0.01,220,7,0.2306451612903226,1.0,0.3696581196581196
Confindr,klebsiella,0.01,220,8,0.21963443396226415,1.0,0.3557233704292528
Confindr,klebsiella,0.01,220,9,0.23356958762886598,1.0,0.37202380952380953
Confindr,klebsiella,0.01,220,10,0.2260061919504644,1.0,0.36363636363636365
Confindr,klebsiella,0.02,120,1,0.07083333333333333,0.13333333333333333,0.08787878787878786
Confindr,klebsiella,0.02,120,2,0.07083333333333333,0.13333333333333333,0.08787878787878786
Confindr,klebsiella,0.02,120,3,0.24860022396416573,0.5333333333333333,0.32447817836812143
Confindr,klebsiella,0.02,120,4,0.29931972789115646,0.6666666666666667,0.3975694444444444
Confindr,klebsiella,0.02,120,5,0.3356521739130435,0.7666666666666666,0.45222672064777325
Confindr,klebsiella,0.02,120,6,0.41208791208791207,1.0,0.572717806317251
Confindr,klebsiella,0.02,120,7,0.4056795131845842,1.0,0.5681818181818182
Confindr,klebsiella,0.02,120,8,0.41487068965517243,1.0,0.579004329004329
Confindr,klebsiella,0.02,120,9,0.41487068965517243,1.0,0.579004329004329
Confindr,klebsiella,0.02,120,10,0.40625,1.0,0.5714285714285714
Confindr,klebsiella,0.02,170,1,0.07419354838709677,0.16666666666666669,0.09610389610389611
Confindr,klebsiella,0.02,170,2,0.1449579831932773,0.43333333333333335,0.2038152610441767
Confindr,klebsiella,0.02,170,3,0.22791293213828423,0.6333333333333333,0.3133249528598366
Confindr,klebsiella,0.02,170,4,0.3400088028169014,1.0,0.49356754082137555
Confindr,klebsiella,0.02,170,5,0.33290653008962867,1.0,0.48691860465116277
Confindr,klebsiella,0.02,170,6,0.326222038111019,1.0,0.4805410536307546
Confindr,klebsiella,0.02,170,7,0.326222038111019,1.0,0.4805410536307546
Confindr,klebsiella,0.02,170,8,0.3277310924369748,1.0,0.482593037214886
Confindr,klebsiella,0.02,170,9,0.3277310924369748,1.0,0.482593037214886
Confindr,klebsiella,0.02,170,10,0.3344155844155844,1.0,0.48897058823529416
Confindr,klebsiella,0.02,220,1,0.07224025974025974,0.13333333333333333,0.08071505958829903
Confindr,klebsiella,0.02,220,2,0.21543778801843316,0.43333333333333335,0.2548141513658755
Confindr,klebsiella,0.02,220,3,0.2994402985074627,0.7,0.37647521636506687
Confindr,klebsiella,0.02,220,4,0.41363636363636364,1.0,0.5601851851851851
Confindr,klebsiella,0.02,220,5,0.4020979020979021,1.0,0.5510388437217706
Confindr,klebsiella,0.02,220,6,0.4020979020979021,1.0,0.5510388437217706
Confindr,klebsiella,0.02,220,7,0.40384615384615385,1.0,0.5533536585365854
Confindr,klebsiella,0.02,220,8,0.37815126050420167,1.0,0.5295601008685906
Confindr,klebsiella,0.02,220,9,0.38504464285714285,1.0,0.5387106270238446
Confindr,klebsiella,0.02,220,10,0.3740053050397878,1.0,0.5284090909090909
Confindr,klebsiella,0.03,120,1,0.09090909090909091,0.13333333333333333,0.10096153846153846
Confindr,klebsiella,0.03,120,2,0.08854166666666666,0.13333333333333333,0.1008668242710796
Confindr,klebsiella,0.03,120,3,0.2518796992481203,0.4666666666666667,0.31099544567338977
Confindr,klebsiella,0.03,120,4,0.3350071736011478,0.6333333333333333,0.4196428571428572
Confindr,klebsiella,0.03,120,5,0.3771929824561403,0.7333333333333334,0.48090815273477816
Confindr,klebsiella,0.03,120,6,0.4910714285714286,1.0,0.6477732793522267
Confindr,klebsiella,0.03,120,7,0.48292682926829267,1.0,0.6428571428571428
Confindr,klebsiella,0.03,120,8,0.4875,1.0,0.6477272727272727
Confindr,klebsiella,0.03,120,9,0.4875,1.0,0.6477272727272727
Confindr,klebsiella,0.03,120,10,0.47596153846153844,1.0,0.6385809312638581
Confindr,klebsiella,0.03,170,1,0.04285714285714286,0.1,0.060000000000000005
Confindr,klebsiella,0.03,170,2,0.18859649122807015,0.3,0.1985624438454627
Confindr,klebsiella,0.03,170,3,0.3028846153846154,0.4,0.29710144927536236
Confindr,klebsiella,0.03,170,4,0.4428294573643411,0.6666666666666667,0.48339719029374206
Confindr,klebsiella,0.03,170,5,0.5051487414187643,0.9333333333333333,0.6282545805207329
Confindr,klebsiella,0.03,170,6,0.5380434782608696,1.0,0.6744730679156908
Confindr,klebsiella,0.03,170,7,0.5380434782608696,1.0,0.6744730679156908
Confindr,klebsiella,0.03,170,8,0.5380434782608696,1.0,0.6744730679156908
Confindr,klebsiella,0.03,170,9,0.5238095238095238,1.0,0.6666666666666666
Confindr,klebsiella,0.03,170,10,0.49654150197628455,1.0,0.6489741302408564
Confindr,klebsiella,0.03,220,1,0.03125,0.06666666666666667,0.0425531914893617
Confindr,klebsiella,0.03,220,2,0.15725806451612903,0.13333333333333333,0.13043478260869568
Confindr,klebsiella,0.03,220,3,0.28205128205128205,0.4,0.2916666666666667
Confindr,klebsiella,0.03,220,4,0.49326805385556916,0.8666666666666667,0.6064908722109534
Confindr,klebsiella,0.03,220,5,0.5275974025974026,1.0,0.6709039548022598
Confindr,klebsiella,0.03,220,6,0.53156146179402,1.0,0.6752873563218391
Confindr,klebsiella,0.03,220,7,0.5275974025974026,1.0,0.6709039548022598
Confindr,klebsiella,0.03,220,8,0.5494186046511628,1.0,0.687192118226601
Confindr,klebsiella,0.03,220,9,0.5153276955602537,1.0,0.6640260950605779
Confindr,klebsiella,0.03,220,10,0.49654150197628455,1.0,0.6489741302408564
Confindr,klebsiella,0.04,120,1,0.022727272727272728,0.03333333333333333,0.02702702702702703
Confindr,klebsiella,0.04,120,2,0.06,0.1,0.075
Confindr,klebsiella,0.04,120,3,0.39285714285714285,0.3666666666666667,0.3289036544850499
Confindr,klebsiella,0.04,120,4,0.4107142857142857,0.43333333333333335,0.38321536905965625
Confindr,klebsiella,0.04,120,5,0.41666666666666663,0.4666666666666667,0.3961352657004831
Confindr,klebsiella,0.04,120,6,0.5318681318681319,0.7333333333333334,0.5814285714285714
Confindr,klebsiella,0.04,120,7,0.5966386554621849,0.9333333333333333,0.70625
Confindr,klebsiella,0.04,120,8,0.6291118421052632,1.0,0.7603254067584481
Confindr,klebsiella,0.04,120,9,0.6366723259762309,1.0,0.7672634271099744
Confindr,klebsiella,0.04,120,10,0.6366723259762309,1.0,0.7672634271099744
Confindr,klebsiella,0.04,170,1,0.05,0.06666666666666667,0.05714285714285715
Confindr,klebsiella,0.04,170,2,0.05263157894736842,0.06666666666666667,0.058823529411764705
Confindr,klebsiella,0.04,170,3,0.21666666666666667,0.1,0.1126984126984127
Confindr,klebsiella,0.04,170,4,0.5706521739130435,0.4,0.39473684210526316
Confindr,klebsiella,0.04,170,5,0.6693121693121693,0.6333333333333333,0.5822510822510822
Confindr,klebsiella,0.04,170,6,0.7142857142857143,0.9333333333333333,0.7816091954022988
Confindr,klebsiella,0.04,170,7,0.71875,1.0,0.8172043010752688
Confindr,klebsiella,0.04,170,8,0.71875,1.0,0.8172043010752688
Confindr,klebsiella,0.04,170,9,0.71875,1.0,0.8172043010752688
Confindr,klebsiella,0.04,170,10,0.6752873563218391,1.0,0.7954545454545454
Confindr,klebsiella,0.04,220,1,0.0,0.0,0.0
Confindr,klebsiella,0.04,220,2,0.05555555555555555,0.06666666666666667,0.0606060606060606
Confindr,klebsiella,0.04,220,3,0.3588235294117647,0.16666666666666669,0.2125
Confindr,klebsiella,0.04,220,4,0.5448717948717948,0.5,0.45876887340301964
Confindr,klebsiella,0.04,220,5,0.6388888888888888,0.7333333333333334,0.625
Confindr,klebsiella,0.04,220,6,0.6911764705882353,1.0,0.8020833333333333
Confindr,klebsiella,0.04,220,7,0.7273706896551724,1.0,0.8247800586510264
Confindr,klebsiella,0.04,220,8,0.6997971602434077,1.0,0.8096590909090909
Confindr,klebsiella,0.04,220,9,0.7090336134453781,1.0,0.8175872093023255
Confindr,klebsiella,0.04,220,10,0.7273706896551724,1.0,0.8247800586510264
Confindr,klebsiella,0.05,120,1,0.0,0.0,0.0
Confindr,klebsiella,0.05,120,2,0.07692307692307693,0.06666666666666667,0.07142857142857144
Confindr,klebsiella,0.05,120,3,0.19444444444444445,0.23333333333333334,0.21212121212121213
Confindr,klebsiella,0.05,120,4,0.4444444444444444,0.3,0.317384370015949
Confindr,klebsiella,0.05,120,5,0.5277777777777778,0.3666666666666667,0.40259740259740256
Confindr,klebsiella,0.05,120,6,0.5833333333333333,0.5,0.4877734877734877
Confindr,klebsiella,0.05,120,7,0.6497584541062802,0.6333333333333333,0.6074561403508772
Confindr,klebsiella,0.05,120,8,0.7250000000000001,0.9,0.7923076923076924
Confindr,klebsiella,0.05,120,9,0.76875,1.0,0.8588709677419355
Confindr,klebsiella,0.05,120,10,0.76875,1.0,0.8588709677419355
Confindr,klebsiella,0.05,170,1,0.0,0.0,0.0
Confindr,klebsiella,0.05,170,2,0.07692307692307693,0.06666666666666667,0.07142857142857144
Confindr,klebsiella,0.05,170,3,0.3269230769230769,0.1,0.13025210084033614
Confindr,klebsiella,0.05,170,4,0.5277777777777778,0.3,0.3232323232323232
Confindr,klebsiella,0.05,170,5,0.638095238095238,0.4666666666666667,0.4777777777777778
Confindr,klebsiella,0.05,170,6,0.6994047619047619,0.6333333333333333,0.6060606060606062
Confindr,klebsiella,0.05,170,7,0.7615384615384615,0.9,0.8035714285714285
Confindr,klebsiella,0.05,170,8,0.76875,1.0,0.8588709677419355
Confindr,klebsiella,0.05,170,9,0.8,1.0,0.875
Confindr,klebsiella,0.05,170,10,0.76875,1.0,0.8588709677419355
Confindr,klebsiella,0.05,220,1,0.0,0.0,0.0
Confindr,klebsiella,0.05,220,2,0.07692307692307693,0.06666666666666667,0.07142857142857144
Confindr,klebsiella,0.05,220,3,0.08333333333333333,0.06666666666666667,0.07407407407407407
Confindr,klebsiella,0.05,220,4,0.4487179487179487,0.16666666666666669,0.21825396825396826
Confindr,klebsiella,0.05,220,5,0.5701754385964912,0.36666666666666664,0.3758169934640523
Confindr,klebsiella,0.05,220,6,0.7208333333333333,0.7333333333333334,0.6933333333333334
Confindr,klebsiella,0.05,220,7,0.74875,0.9666666666666667,0.8338709677419356
Confindr,klebsiella,0.05,220,8,0.7572115384615384,1.0,0.8497246262785209
Confindr,klebsiella,0.05,220,9,0.7572115384615384,1.0,0.8497246262785209
Confindr,klebsiella,0.05,220,10,0.76875,1.0,0.8588709677419355
Confindr,salmonella,0.01,120,1,0.09405546834118261,0.14074074074074075,0.11005063801015637
Confindr,salmonella,0.01,120,2,0.24483365767769438,0.4444444444444445,0.31210756210756213
Confindr,salmonella,0.01,120,3,0.3111228398627072,0.6296296296296297,0.41061656027752247
Confindr,salmonella,0.01,120,4,0.3397730437204121,0.762962962962963,0.46451758413480904
Confindr,salmonella,0.01,120,5,0.3542849061846994,0.8518518518518517,0.49585910883987805
Confindr,salmonella,0.01,120,6,0.36651600498573694,0.8962962962962963,0.5161119701095594
Confindr,salmonella,0.01,120,7,0.37287453928939995,0.9111111111111111,0.5245987764163574
Confindr,salmonella,0.01,120,8,0.3745347210242846,0.9111111111111111,0.5264177225063796
Confindr,salmonella,0.01,120,9,0.3584913489973049,0.9037037037037038,0.5097542435258308
Confindr,salmonella,0.01,120,10,0.34754674252898715,0.8962962962962964,0.4981485371407986
Confindr,salmonella,0.01,170,1,0.10893433540492364,0.2740740740740741,0.15338176746843613
Confindr,salmonella,0.01,170,2,0.20746601999591,0.6444444444444445,0.3104689289967394
Confindr,salmonella,0.01,170,3,0.24774035051382012,0.8518518518518517,0.3794873920489043
Confindr,salmonella,0.01,170,4,0.2512832125603865,0.8814814814814814,0.38776912902168553
Confindr,salmonella,0.01,170,5,0.2582027508713726,0.9185185185185185,0.39948367034489296
Confindr,salmonella,0.01,170,6,0.2577836139490323,0.9185185185185185,0.3995720845773448
Confindr,salmonella,0.01,170,7,0.25430337086937604,0.9185185185185185,0.39619509767326117
Confindr,salmonella,0.01,170,8,0.25466270547214115,0.9185185185185185,0.39666997769739676
Confindr,salmonella,0.01,170,9,0.25548478462295154,0.9185185185185185,0.39757621189405307
Confindr,salmonella,0.01,170,10,0.2579246175437026,0.9185185185185185,0.40102144479237317
Confindr,salmonella,0.01,220,1,0.1500334183050411,0.4740740740740741,0.22261179655639188
Confindr,salmonella,0.01,220,2,0.20612073299700073,0.7777777777777777,0.31978145457144497
Confindr,salmonella,0.01,220,3,0.2172890626996907,0.8814814814814814,0.3431928938507886
Confindr,salmonella,0.01,220,4,0.21801676136041462,0.9185185185185185,0.34749489344814943
Confindr,salmonella,0.01,220,5,0.2104409216807119,0.9185185185185185,0.3386321190078931
Confindr,salmonella,0.01,220,6,0.20778657106782106,0.9185185185185185,0.3356755661482658
Confindr,salmonella,0.01,220,7,0.20636941229861586,0.9185185185185185,0.3340682385386275
Confindr,salmonella,0.01,220,8,0.203277520811233,0.9185185185185185,0.3302273727326034
Confindr,salmonella,0.01,220,9,0.20020481877189708,0.9111111111111111,0.3258883986649134
Confindr,salmonella,0.01,220,10,0.19923617489388742,0.9111111111111111,0.3246197514488291
Confindr,salmonella,0.02,120,1,0.09405546834118261,0.14074074074074075,0.11005063801015637
Confindr,salmonella,0.02,120,2,0.24483365767769438,0.4444444444444445,0.31210756210756213
Confindr,salmonella,0.02,120,3,0.3111228398627072,0.6296296296296297,0.41061656027752247
Confindr,salmonella,0.02,120,4,0.3397730437204121,0.762962962962963,0.46451758413480904
Confindr,salmonella,0.02,120,5,0.3542849061846994,0.8518518518518517,0.49585910883987805
Confindr,salmonella,0.02,120,6,0.36651600498573694,0.8962962962962963,0.5161119701095594
Confindr,salmonella,0.02,120,7,0.37287453928939995,0.9111111111111111,0.5245987764163574
Confindr,salmonella,0.02,120,8,0.3745347210242846,0.9111111111111111,0.5264177225063796
Confindr,salmonella,0.02,120,9,0.3584913489973049,0.9037037037037038,0.5097542435258308
Confindr,salmonella,0.02,120,10,0.34754674252898715,0.8962962962962964,0.4981485371407986
Confindr,salmonella,0.02,170,1,0.11020746231885657,0.2518518518518518,0.15225447230739794
Confindr,salmonella,0.02,170,2,0.21562686498645733,0.6,0.31536306830424476
Confindr,salmonella,0.02,170,3,0.26356380507123606,0.8074074074074074,0.3945690927636181
Confindr,salmonella,0.02,170,4,0.2731550891221056,0.8740740740740741,0.4140171454126948
Confindr,salmonella,0.02,170,5,0.2845298281092012,0.9185185185185185,0.4317415606464843
Confindr,salmonella,0.02,170,6,0.2788832802977883,0.9185185185185185,0.42544160098327755
Confindr,salmonella,0.02,170,7,0.2783991893195366,0.9185185185185185,0.4257096986028921
Confindr,salmonella,0.02,170,8,0.27818428802772693,0.9185185185185185,0.42516049604917483
Confindr,salmonella,0.02,170,9,0.2738622270660303,0.9185185185185185,0.41994851994851995
Confindr,salmonella,0.02,170,10,0.2783190779207727,0.9185185185185185,0.4254633360193392
Confindr,salmonella,0.02,220,1,0.14933749174713667,0.34814814814814815,0.208596442385972
Confindr,salmonella,0.02,220,2,0.24371274426696513,0.6444444444444445,0.3524718524718525
Confindr,salmonella,0.02,220,3,0.29559806324277726,0.8518518518518517,0.43665193684671677
Confindr,salmonella,0.02,220,4,0.30822264229014634,0.9037037037037038,0.45722783364562664
Confindr,salmonella,0.02,220,5,0.31414445756456744,0.9185185185185185,0.46546749673131393
Confindr,salmonella,0.02,220,6,0.30919113083105415,0.9185185185185185,0.4603247931741579
Confindr,salmonella,0.02,220,7,0.3124897624897625,0.9185185185185185,0.4645883610707732
Confindr,salmonella,0.02,220,8,0.3146502168131551,0.9185185185185185,0.46747113789512545
Confindr,salmonella,0.02,220,9,0.31796499696043073,0.9111111111111111,0.47017198430810997
Confindr,salmonella,0.02,220,10,0.31617107310415676,0.9111111111111111,0.4680012679017695
Confindr,salmonella,0.03,120,1,0.04489522417153996,0.044444444444444446,0.042879679243315615
Confindr,salmonella,0.03,120,2,0.26856763925729443,0.37777777777777777,0.30973552472169524
Confindr,salmonella,0.03,120,3,0.3539330005884789,0.562962962962963,0.42779056015482203
Confindr,salmonella,0.03,120,4,0.3933444407876694,0.6962962962962962,0.49492782471505875
Confindr,salmonella,0.03,120,5,0.42638616425024195,0.8222222222222223,0.5529503862837196
Confindr,salmonella,0.03,120,6,0.4236705315455434,0.8814814814814814,0.5671237222011614
Confindr,salmonella,0.03,120,7,0.4346560846560847,0.8888888888888888,0.5774671799856286
Confindr,salmonella,0.03,120,8,0.4298316173316173,0.9111111111111111,0.5790032165078999
Confindr,salmonella,0.03,120,9,0.42628316389784277,0.9037037037037038,0.5749250749250749
Confindr,salmonella,0.03,120,10,0.4086045810729355,0.8962962962962964,0.5578727484418876
Confindr,salmonella,0.03,170,1,0.051216751556310135,0.037037037037037035,0.03952492211838007
Confindr,salmonella,0.03,170,2,0.29389854971250323,0.34814814814814815,0.31340935752700466
Confindr,salmonella,0.03,170,3,0.4265019529242471,0.6666666666666666,0.507016284782393
Confindr,salmonella,0.03,170,4,0.4787118896141453,0.7925925925925926,0.5838326621831776
Confindr,salmonella,0.03,170,5,0.49446164430684547,0.8666666666666666,0.6190342803788181
Confindr,salmonella,0.03,170,6,0.48985873919460254,0.9037037037037038,0.6269961846592756
Confindr,salmonella,0.03,170,7,0.4892114900036641,0.9111111111111111,0.6277728233669487
Confindr,salmonella,0.03,170,8,0.47468098490294747,0.9111111111111111,0.6156762125744137
Confindr,salmonella,0.03,170,9,0.47383399692360656,0.9185185185185185,0.6180178567396614
Confindr,salmonella,0.03,170,10,0.47472821862555437,0.9185185185185185,0.6196393762183235
Confindr,salmonella,0.03,220,1,0.16109119872560732,0.1259259259259259,0.13620629975770163
Confindr,salmonella,0.03,220,2,0.33111652621247506,0.4148148148148148,0.3656151767853895
Confindr,salmonella,0.03,220,3,0.4315662067296054,0.6518518518518519,0.5136493136493135
Confindr,salmonella,0.03,220,4,0.4785367302348275,0.7999999999999999,0.5928887659103487
Confindr,salmonella,0.03,220,5,0.5047919588592801,0.8814814814814814,0.6363781067376127
Confindr,salmonella,0.03,220,6,0.4965937179719057,0.8962962962962964,0.6328340412847455
Confindr,salmonella,0.03,220,7,0.5060542822109036,0.9111111111111111,0.6454245572713861
Confindr,salmonella,0.03,220,8,0.5005727376861397,0.9111111111111111,0.6395409494001044
Confindr,salmonella,0.03,220,9,0.49182382698389215,0.9111111111111111,0.6339726043951396
Confindr,salmonella,0.03,220,10,0.4995061303012031,0.9111111111111111,0.6403656295742627
Confindr,salmonella,0.04,120,1,0.030303030303030304,0.007407407407407408,0.011904761904761904
Confindr,salmonella,0.04,120,2,0.28086419753086417,0.21481481481481482,0.23714325455534058
Confindr,salmonella,0.04,120,3,0.407010582010582,0.39259259259259255,0.393289526085225
Confindr,salmonella,0.04,120,4,0.4634184308841843,0.5333333333333333,0.4876769690927218
Confindr,salmonella,0.04,120,5,0.5565764458393799,0.7333333333333334,0.6191278438951616
Confindr,salmonella,0.04,120,6,0.5766474169576506,0.8296296296296296,0.6701415466861066
Confindr,salmonella,0.04,120,7,0.5828028180969357,0.8740740740740741,0.6905562561300266
Confindr,salmonella,0.04,120,8,0.5792813423434815,0.8888888888888888,0.6937171891088942
Confindr,salmonella,0.04,120,9,0.5565410199556541,0.8888888888888888,0.6771416730803385
Confindr,salmonella,0.04,120,10,0.5523675762439807,0.8962962962962964,0.6766289391896058
Confindr,salmonella,0.04,170,1,0.0,0.0,0.0
Confindr,salmonella,0.04,170,2,0.3241869918699187,0.2074074074074074,0.244106481165746
Confindr,salmonella,0.04,170,3,0.46396857923497264,0.43703703703703706,0.44083650170077443
Confindr,salmonella,0.04,170,4,0.5406171914042978,0.6222222222222222,0.57018445600008
Confindr,salmonella,0.04,170,5,0.5690545352622292,0.725925925925926,0.6301936311138171
Confindr,salmonella,0.04,170,6,0.6037802508390744,0.8592592592592592,0.7035480859010271
Confindr,salmonella,0.04,170,7,0.6154978354978354,0.8814814814814814,0.7175007190106414
Confindr,salmonella,0.04,170,8,0.614240163001773,0.8962962962962964,0.7218204775022956
Confindr,salmonella,0.04,170,9,0.6176119993889281,0.9111111111111111,0.7304599259058463
Confindr,salmonella,0.04,170,10,0.6133866133866134,0.9111111111111111,0.7260368429947608
Confindr,salmonella,0.04,220,1,0.10925925925925926,0.02962962962962963,0.044594089038533485
Confindr,salmonella,0.04,220,2,0.33700435129006556,0.2518518518518518,0.28557227699936577
Confindr,salmonella,0.04,220,3,0.4876543209876543,0.4666666666666666,0.4727132435465769
Confindr,salmonella,0.04,220,4,0.5499999999999999,0.6074074074074074,0.5714285714285714
Confindr,salmonella,0.04,220,5,0.5955437247362713,0.7925925925925926,0.6751177975775083
Confindr,salmonella,0.04,220,6,0.616056338028169,0.8444444444444444,0.7072595281306716
Confindr,salmonella,0.04,220,7,0.6298148148148148,0.8740740740740741,0.7264657369920529
Confindr,salmonella,0.04,220,8,0.6407407407407407,0.9037037037037038,0.7434173039436197
Confindr,salmonella,0.04,220,9,0.6273297589087062,0.9111111111111111,0.7373741351358639
Confindr,salmonella,0.04,220,10,0.6248672964462437,0.9111111111111111,0.7354600361629414
Confindr,salmonella,0.05,120,1,0.0,0.0,0.0
Confindr,salmonella,0.05,120,2,0.29187344913151364,0.14074074074074075,0.18322445457907066
Confindr,salmonella,0.05,120,3,0.4098193473193474,0.2814814814814815,0.3296291196275371
Confindr,salmonella,0.05,120,4,0.4855551194836909,0.40740740740740744,0.4392250775229498
Confindr,salmonella,0.05,120,5,0.5918087277943286,0.5851851851851851,0.5781827882668219
Confindr,salmonella,0.05,120,6,0.6277901371894697,0.7111111111111111,0.6602183709887185
Confindr,salmonella,0.05,120,7,0.6438191326884806,0.7777777777777778,0.6955452162188673
Confindr,salmonella,0.05,120,8,0.6731602526439483,0.8814814814814814,0.7556620389863781
Confindr,salmonella,0.05,120,9,0.6510135135135134,0.8740740740740741,0.7400231646910965
Confindr,salmonella,0.05,120,10,0.6365553377351758,0.8814814814814814,0.7349172719935432
Confindr,salmonella,0.05,170,1,0.0,0.0,0.0
Confindr,salmonella,0.05,170,2,0.2558823529411765,0.09629629629629631,0.13340439706862092
Confindr,salmonella,0.05,170,3,0.4007982639696195,0.25925925925925924,0.30855232151173656
Confindr,salmonella,0.05,170,4,0.5331810754604872,0.4666666666666666,0.4925053099210402
Confindr,salmonella,0.05,170,5,0.5757391163092918,0.5703703703703703,0.5696111261599018
Confindr,salmonella,0.05,170,6,0.6393055296235596,0.725925925925926,0.6761392202568673
Confindr,salmonella,0.05,170,7,0.6544165054803353,0.837037037037037,0.7295338817077948
Confindr,salmonella,0.05,170,8,0.6606456354590683,0.8592592592592592,0.7423195084485407
Confindr,salmonella,0.05,170,9,0.6607042817126851,0.8888888888888888,0.7528552989556813
Confindr,salmonella,0.05,170,10,0.6677313545650433,0.9037037037037038,0.7624936135574433
Confindr,salmonella,0.05,220,1,0.0,0.0,0.0
Confindr,salmonella,0.05,220,2,0.32730683269476374,0.15555555555555553,0.20788320788320788
Confindr,salmonella,0.05,220,3,0.44361569361569364,0.3037037037037037,0.3593056162384595
Confindr,salmonella,0.05,220,4,0.5194558443532452,0.42962962962962964,0.4691124627833489
Confindr,salmonella,0.05,220,5,0.6303244374672946,0.6370370370370371,0.631479211557402
Confindr,salmonella,0.05,220,6,0.6467174224870352,0.725925925925926,0.6822462318260638
Confindr,salmonella,0.05,220,7,0.6768458325482068,0.8222222222222223,0.7403866292945587
Confindr,salmonella,0.05,220,8,0.6933243727598567,0.8666666666666667,0.767427059257026
Confindr,salmonella,0.05,220,9,0.6917139839806891,0.8814814814814814,0.7723029061413222
Confindr,salmonella,0.05,220,10,0.6995239383632241,0.9111111111111111,0.7877909140841016
Confindr,staph,0.01,120,1,0.2215909090909091,0.15,0.17633928571428573
Confindr,staph,0.01,120,2,0.3217234262125903,0.3375,0.32783882783882784
Confindr,staph,0.01,120,3,0.41102756892230574,0.48750000000000004,0.4435504148855921
Confindr,staph,0.01,120,4,0.45120614035087714,0.575,0.5048031865042174
Confindr,staph,0.01,120,5,0.532010582010582,0.8125,0.6404255319148937
Confindr,staph,0.01,120,6,0.5430080482897384,0.85,0.6604729729729729
Confindr,staph,0.01,120,7,0.5501467710371819,0.875,0.6727507374631267
Confindr,staph,0.01,120,8,0.5498540309903436,0.9125000000000001,0.6849207044598264
Confindr,staph,0.01,120,9,0.5368979231109148,0.9,0.6715252472670483
Confindr,staph,0.01,120,10,0.5357142857142857,0.9,0.6709431345353676
Confindr,staph,0.01,170,1,0.19612711022840118,0.275,0.22803114571746386
Confindr,staph,0.01,170,2,0.3005485893416928,0.5125,0.37531887755102045
Confindr,staph,0.01,170,3,0.3649181322013341,0.725,0.4821573398215734
Confindr,staph,0.01,170,4,0.3973943661971831,0.825,0.533011583011583
Confindr,staph,0.01,170,5,0.40715164775058116,0.8625,0.549045549045549
Confindr,staph,0.01,170,6,0.4085235153196318,0.9,0.5594405594405594
Confindr,staph,0.01,170,7,0.4033400809716599,0.8875,0.5517241379310345
Confindr,staph,0.01,170,8,0.4008295625942685,0.8875,0.5501312962520888
Confindr,staph,0.01,170,9,0.40784810126582277,0.9,0.5596638655462185
Confindr,staph,0.01,170,10,0.4144427001569859,0.9,0.5659543109801032
Confindr,staph,0.01,220,1,0.15149006622516556,0.325,0.20259910246821244
Confindr,staph,0.01,220,2,0.21034029261877363,0.525,0.29446417742354675
Confindr,staph,0.01,220,3,0.27632268203247773,0.825,0.4074727861135628
Confindr,staph,0.01,220,4,0.29331306990881456,0.8875,0.43427095292766926
Confindr,staph,0.01,220,5,0.2940007452490374,0.9,0.43753100418113533
Confindr,staph,0.01,220,6,0.29790741915028535,0.9,0.4414239482200647
Confindr,staph,0.01,220,7,0.30115109733729684,0.9125000000000001,0.44741289417856245
Confindr,staph,0.01,220,8,0.30115109733729684,0.9125000000000001,0.44741289417856245
Confindr,staph,0.01,220,9,0.30322164948453606,0.9125000000000001,0.45007299270073
Confindr,staph,0.01,220,10,0.30591588050314467,0.9125000000000001,0.45296334614247713
Confindr,staph,0.02,120,1,0.22974308300395258,0.15,0.17857142857142855
Confindr,staph,0.02,120,2,0.32776894541600426,0.3375,0.3306693306693307
Confindr,staph,0.02,120,3,0.41162280701754383,0.475,0.4377577319587629
Confindr,staph,0.02,120,4,0.4534706331045004,0.5625,0.5008391273076
Confindr,staph,0.02,120,5,0.5396358543417367,0.8,0.6406593406593407
Confindr,staph,0.02,120,6,0.5507573744352909,0.8374999999999999,0.6611450159837255
Confindr,staph,0.02,120,7,0.5613901572805682,0.875,0.6802861984560347
Confindr,staph,0.02,120,8,0.5601346644996517,0.9125000000000001,0.6923214445338339
Confindr,staph,0.02,120,9,0.5465753424657533,0.9,0.6785840707964602
Confindr,staph,0.02,120,10,0.5450819672131147,0.9,0.6778642149929279
Confindr,staph,0.02,170,1,0.20666666666666667,0.275,0.23478260869565215
Confindr,staph,0.02,170,2,0.31253918495297806,0.5125,0.3838375466224616
Confindr,staph,0.02,170,3,0.3797043010752688,0.7124999999999999,0.49019607843137253
Confindr,staph,0.02,170,4,0.40885416666666663,0.8,0.5354869950193691
Confindr,staph,0.02,170,5,0.42647058823529416,0.8500000000000001,0.5612134344528712
Confindr,staph,0.02,170,6,0.43,0.9,0.5785714285714286
Confindr,staph,0.02,170,7,0.42127337733773373,0.8875,0.5678191489361701
Confindr,staph,0.02,170,8,0.41155115511551155,0.8875,0.5596669750231267
Confindr,staph,0.02,170,9,0.41866028708133973,0.9,0.5693376333416026
Confindr,staph,0.02,170,10,0.42556701030927835,0.9,0.5758172008886069
Confindr,staph,0.02,220,1,0.22446236559139787,0.2125,0.21697626418988647
Confindr,staph,0.02,220,2,0.3152762730227519,0.375,0.3359562093739309
Confindr,staph,0.02,220,3,0.4302721088435374,0.6625000000000001,0.5130482058716926
Confindr,staph,0.02,220,4,0.5087970540098199,0.8625,0.6273523685918234
Confindr,staph,0.02,220,5,0.5005659309564233,0.8875,0.6315014339973646
Confindr,staph,0.02,220,6,0.5093378607809846,0.9,0.64181071234788
Confindr,staph,0.02,220,7,0.5135593220338983,0.9125000000000001,0.6506604506604508
Confindr,staph,0.02,220,8,0.5105805243445694,0.9125000000000001,0.6490697674418604
Confindr,staph,0.02,220,9,0.5152298850574712,0.9125000000000001,0.6534645669291339
Confindr,staph,0.02,220,10,0.500827205882353,0.9125000000000001,0.6437692307692308
Confindr,staph,0.03,120,1,0.24924924924924924,0.125,0.16390506045678463
Confindr,staph,0.03,120,2,0.325,0.275,0.2972222222222222
Confindr,staph,0.03,120,3,0.43297101449275366,0.42500000000000004,0.42747858017135865
Confindr,staph,0.03,120,4,0.48639455782312924,0.5375,0.5100027404768429
Confindr,staph,0.03,120,5,0.5793650793650793,0.7625,0.653912050256996
Confindr,staph,0.03,120,6,0.5835185773261353,0.8125,0.6740788484262542
Confindr,staph,0.03,120,7,0.6046195652173914,0.8625,0.7052752293577982
Confindr,staph,0.03,120,8,0.6034621578099839,0.9125000000000001,0.7238922506343939
Confindr,staph,0.03,120,9,0.5861344537815126,0.9,0.7083333333333334
Confindr,staph,0.03,120,10,0.5804953560371517,0.9,0.70446735395189
Confindr,staph,0.03,170,1,0.43285714285714283,0.1625,0.2344729344729345
Confindr,staph,0.03,170,2,0.4639423076923077,0.2,0.2775974025974026
Confindr,staph,0.03,170,3,0.6321510297482837,0.4375,0.5097680097680097
Confindr,staph,0.03,170,4,0.6348684210526316,0.5375,0.5811965811965811
Confindr,staph,0.03,170,5,0.7232142857142857,0.7875,0.74375
Confindr,staph,0.03,170,6,0.7376215738284704,0.8625,0.7875226039783001
Confindr,staph,0.03,170,7,0.7300944669365722,0.85,0.7785462612553831
Confindr,staph,0.03,170,8,0.7320175438596491,0.8625,0.7858247422680412
Confindr,staph,0.03,170,9,0.7173215717722534,0.8875,0.789033685763462
Confindr,staph,0.03,170,10,0.719435736677116,0.9,0.7959183673469388
Confindr,staph,0.03,220,1,0.45129870129870125,0.0875,0.14378860672614963
Confindr,staph,0.03,220,2,0.481060606060606,0.15000000000000002,0.22766749379652607
Confindr,staph,0.03,220,3,0.5726495726495726,0.375,0.45318860244233383
Confindr,staph,0.03,220,4,0.7549759780370624,0.7,0.718795531811559
Confindr,staph,0.03,220,5,0.7731481481481481,0.8374999999999999,0.7959126539753639
Confindr,staph,0.03,220,6,0.7598684210526316,0.8625,0.8004807692307692
Confindr,staph,0.03,220,7,0.754813863928113,0.9,0.8155784650630011
Confindr,staph,0.03,220,8,0.744360902255639,0.9,0.8101584108624591
Confindr,staph,0.03,220,9,0.744360902255639,0.9,0.8101584108624591
Confindr,staph,0.03,220,10,0.7516611295681064,0.9125000000000001,0.8207831325301205
Confindr,staph,0.04,120,1,0.5263157894736842,0.037500000000000006,0.0645682001614205
Confindr,staph,0.04,120,2,0.55,0.175,0.2641025641025641
Confindr,staph,0.04,120,3,0.5714285714285714,0.2,0.294463346736777
Confindr,staph,0.04,120,4,0.6083916083916083,0.35,0.44379276637341153
Confindr,staph,0.04,120,5,0.7329545454545454,0.675,0.6984126984126984
Confindr,staph,0.04,120,6,0.7375,0.6875,0.7065359477124182
Confindr,staph,0.04,120,7,0.7607442348008386,0.825,0.7842388228636107
Confindr,staph,0.04,120,8,0.7647727272727273,0.8875,0.8164473684210526
Confindr,staph,0.04,120,9,0.7522727272727272,0.875,0.8039473684210525
Confindr,staph,0.04,120,10,0.7601626016260162,0.8875,0.8150774888363541
Confindr,staph,0.04,170,1,0.5,0.0625,0.1111111111111111
Confindr,staph,0.04,170,2,0.5277777777777778,0.125,0.20091484869809992
Confindr,staph,0.04,170,3,0.6136363636363636,0.2375,0.3399044205495818
Confindr,staph,0.04,170,4,0.625,0.375,0.46875
Confindr,staph,0.04,170,5,0.7590744101633394,0.6125,0.6750278706800447
Confindr,staph,0.04,170,6,0.7877551020408163,0.8,0.7883146067415732
Confindr,staph,0.04,170,7,0.7873315363881401,0.8375,0.803010752688172
Confindr,staph,0.04,170,8,0.7959979209979211,0.8625,0.8219932241671373
Confindr,staph,0.04,170,9,0.7852564102564104,0.875,0.82347275729224
Confindr,staph,0.04,170,10,0.7740384615384616,0.875,0.8179347826086957
Confindr,staph,0.04,220,1,0.5,0.025,0.047619047619047616
Confindr,staph,0.04,220,2,0.5,0.0625,0.1111111111111111
Confindr,staph,0.04,220,3,0.5555555555555556,0.25,0.3448275862068965
Confindr,staph,0.04,220,4,0.6178451178451179,0.4,0.4848338950409244
Confindr,staph,0.04,220,5,0.7455197132616487,0.6125,0.6716085989621942
Confindr,staph,0.04,220,6,0.7922794117647058,0.7875,0.7793040293040293
Confindr,staph,0.04,220,7,0.7850678733031675,0.8625,0.8183335651690082
Confindr,staph,0.04,220,8,0.7884615384615385,0.875,0.82526141992295
Confindr,staph,0.04,220,9,0.7917271407837445,0.8875,0.8320402885531509
Confindr,staph,0.04,220,10,0.7948717948717949,0.9,0.8386749259359009
Confindr,staph,0.05,120,1,0.5,0.0125,0.02439024390243903
Confindr,staph,0.05,120,2,0.5333333333333333,0.09999999999999999,0.16711798839458414
Confindr,staph,0.05,120,3,0.5333333333333333,0.17500000000000002,0.2634648370497427
Confindr,staph,0.05,120,4,0.6,0.2125,0.31380471380471375
Confindr,staph,0.05,120,5,0.7057692307692308,0.425,0.5287878787878787
Confindr,staph,0.05,120,6,0.7,0.47500000000000003,0.5631336405529954
Confindr,staph,0.05,120,7,0.8052475979305247,0.7375,0.7676306443429731
Confindr,staph,0.05,120,8,0.8223684210526316,0.8374999999999999,0.8287545787545787
Confindr,staph,0.05,120,9,0.8163322185061316,0.8625,0.8373564910214896
Confindr,staph,0.05,120,10,0.8163322185061316,0.8625,0.8373564910214896
Confindr,staph,0.05,170,1,0.5,0.025,0.047619047619047616
Confindr,staph,0.05,170,2,0.5,0.0375,0.06976744186046512
Confindr,staph,0.05,170,3,0.5357142857142857,0.1375,0.21851851851851853
Confindr,staph,0.05,170,4,0.5882352941176471,0.25,0.3508771929824561
Confindr,staph,0.05,170,5,0.6378947368421053,0.375,0.4709256844850065
Confindr,staph,0.05,170,6,0.7926944971537002,0.6375,0.7063189950513895
Confindr,staph,0.05,170,7,0.7945884146341464,0.7124999999999999,0.7484567901234568
Confindr,staph,0.05,170,8,0.8170289855072463,0.825,0.8179314565483475
Confindr,staph,0.05,170,9,0.8182831661092531,0.8625,0.8383868118928466
Confindr,staph,0.05,170,10,0.8182831661092531,0.8625,0.8383868118928466
Confindr,staph,0.05,220,1,0.5,0.025,0.047619047619047616
Confindr,staph,0.05,220,2,0.5,0.025,0.047619047619047616
Confindr,staph,0.05,220,3,0.5357142857142857,0.17500000000000002,0.2638015373864431
Confindr,staph,0.05,220,4,0.59375,0.3,0.3978337236533958
Confindr,staph,0.05,220,5,0.655,0.38749999999999996,0.48589743589743584
Confindr,staph,0.05,220,6,0.7314814814814814,0.48750000000000004,0.5850293984622343
Confindr,staph,0.05,220,7,0.7690972222222222,0.6625,0.7112573099415205
Confindr,staph,0.05,220,8,0.8182110682110681,0.8,0.8082039911308204
Confindr,staph,0.05,220,9,0.8353863381858903,0.875,0.8523430592396111
Confindr,staph,0.05,220,10,0.8460246360582306,0.8875,0.8638373121131742
