batch,mrd,dp,average_f1
1,0.01,0.1,0.15062508936854968
1,0.01,0.12,0.15049593595042626
1,0.01,0.14,0.15304085581829827
1,0.01,0.16,0.1523087570573801
1,0.01,0.18,0.15569596190463458
1,0.01,0.2,0.15273950690813343
1,0.01,0.22,0.1412901987068669
1,0.01,0.24,0.14411844328186962
1,0.01,0.26,0.14162143119110063
1,0.01,0.28,0.14182514501720647
1,0.01,0.3,0.1374154220238339
1,0.01,0.32,0.13919557636223928
1,0.01,0.34,0.13827456757517773
1,0.01,0.36,0.14012072074815235
1,0.01,0.38,0.14084241153559332
1,0.01,0.4,0.14303184729487553
1,0.01,0.42,0.13933332827531394
1,0.01,0.44,0.1377772508952284
1,0.01,0.46,0.13957821934483858
1,0.01,0.48,0.13515275471393456
1,0.01,0.5,0.1325962562339649
1,0.01,0.52,0.12803364216339588
1,0.01,0.54,0.12921064287332112
1,0.01,0.56,0.12817529316391177
1,0.01,0.58,0.12920797036452086
1,0.02,0.1,0.14792924528412282
1,0.02,0.12,0.14332185524966465
1,0.02,0.14,0.14713831399347435
1,0.02,0.16,0.1470253658915854
1,0.02,0.18,0.14190815907416587
1,0.02,0.2,0.1408191152261065
1,0.02,0.22,0.13800901370882274
1,0.02,0.24,0.1354812966425125
1,0.02,0.26,0.1331682630754692
1,0.02,0.28,0.12989854932076403
1,0.02,0.3,0.12144628823790406
1,0.02,0.32,0.11609144711903206
1,0.02,0.34,0.11729870270503014
1,0.02,0.36,0.11554337650430331
1,0.02,0.38,0.10770472255475842
1,0.02,0.4,0.09864183163546418
1,0.02,0.42,0.09480916708444458
1,0.02,0.44,0.09538640720567582
1,0.02,0.46,0.08850107037272796
1,0.02,0.48,0.08434133885901669
1,0.02,0.5,0.08450275935942024
1,0.02,0.52,0.08248013784394526
1,0.02,0.54,0.08145218214518324
1,0.02,0.56,0.08225336772407059
1,0.02,0.58,0.08263268441431784
1,0.03,0.01,0.13385465440381616
1,0.03,0.02,0.1288487555955759
1,0.03,0.06,0.1118367123129942
1,0.03,0.08,0.10645557430020301
1,0.03,0.1,0.10950398933373971
1,0.03,0.12,0.10020522899577296
1,0.03,0.14,0.08674901627867859
1,0.03,0.16,0.08573979553665055
1,0.03,0.18,0.07554555290620309
1,0.03,0.2,0.0722955177870852
1,0.03,0.22,0.06648741137129228
1,0.03,0.24,0.061368067603216815
1,0.03,0.26,0.062327293584174395
1,0.03,0.28,0.062404992593671806
1,0.03,0.3,0.0605726086299715
1,0.03,0.32,0.0608037723376762
1,0.03,0.34,0.06110282385792588
1,0.03,0.36,0.061893210149024054
1,0.03,0.38,0.051219714516907704
1,0.03,0.4,0.04499861368351713
1,0.03,0.42,0.04505555912977961
1,0.03,0.44,0.04507043427155832
1,0.03,0.46,0.04507043427155832
1,0.03,0.48,0.04507798685643049
1,0.03,0.5,0.03899895950080739
1,0.03,0.52,0.03905644471433302
1,0.03,0.54,0.03905644471433302
1,0.03,0.56,0.03775393318839561
1,0.03,0.58,0.037806011435962586
1,0.04,0.01,0.1580525759017001
1,0.04,0.02,0.13635496535771635
1,0.04,0.06,0.12243186366897706
1,0.04,0.08,0.12348392383733309
1,0.04,0.1,0.11196416072052022
1,0.04,0.12,0.10860095727107123
1,0.04,0.14,0.09519866884512805
1,0.04,0.16,0.08748289893800729
1,0.04,0.18,0.08977456574121336
1,0.04,0.2,0.07533160786695206
1,0.04,0.22,0.057670635277396014
1,0.04,0.24,0.05722902077992876
1,0.04,0.26,0.05488483986431925
1,0.04,0.28,0.053804138400317274
1,0.04,0.3,0.05381916650286905
1,0.04,0.32,0.05327060496847503
1,0.04,0.34,0.05327060496847503
1,0.04,0.36,0.05347062386516559
1,0.04,0.38,0.054022728765096575
1,0.04,0.4,0.04201246996456876
1,0.04,0.42,0.039759944292152787
1,0.04,0.44,0.039759944292152787
1,0.04,0.46,0.039759944292152787
1,0.04,0.48,0.033548764167929186
1,0.04,0.5,0.033548764167929186
1,0.04,0.52,0.033548764167929186
1,0.04,0.54,0.033548764167929186
1,0.04,0.56,0.033548764167929186
1,0.04,0.58,0.03363734597322639
1,0.05,0.01,0.16980943039146976
1,0.05,0.02,0.1657322905015253
1,0.05,0.06,0.12408504432405068
1,0.05,0.08,0.11687722708130868
1,0.05,0.1,0.11406048596201919
1,0.05,0.12,0.10482318364627208
1,0.05,0.14,0.10463121236646704
1,0.05,0.16,0.08548960833737404
1,0.05,0.18,0.06392952211940675
1,0.05,0.2,0.06222726867931246
1,0.05,0.22,0.06044285846206611
1,0.05,0.24,0.06044285846206611
1,0.05,0.26,0.04279329233457673
1,0.05,0.28,0.04332886775283087
1,0.05,0.3,0.04343249343249341
1,0.05,0.32,0.043544635656838936
1,0.05,0.34,0.04231508928493222
1,0.05,0.36,0.04231508928493222
1,0.05,0.38,0.04231508928493222
1,0.05,0.4,0.04231508928493222
1,0.05,0.42,0.02714339966681089
1,0.05,0.44,0.027151030516811274
1,0.05,0.46,0.027151030516811274
1,0.05,0.48,0.027151030516811274
1,0.05,0.5,0.027240451960073356
1,0.05,0.52,0.02733072503612843
1,0.05,0.54,0.02733072503612843
1,0.05,0.56,0.02733072503612843
1,0.05,0.58,0.02733072503612843
2,0.01,0.1,0.2283690742310061
2,0.01,0.12,0.23139090751101296
2,0.01,0.14,0.23891230689087822
2,0.01,0.16,0.2453277186445042
2,0.01,0.18,0.25200112455996126
2,0.01,0.2,0.2552403913578082
2,0.01,0.22,0.25818832994571705
2,0.01,0.24,0.25928824778047377
2,0.01,0.26,0.2635890885686429
2,0.01,0.28,0.2638923965107891
2,0.01,0.3,0.2589165989728605
2,0.01,0.32,0.25564921160707016
2,0.01,0.34,0.25614100147556085
2,0.01,0.36,0.2585766044441844
2,0.01,0.38,0.255905692033166
2,0.01,0.4,0.25566805365673534
2,0.01,0.42,0.2555256097178656
2,0.01,0.44,0.2529279797683873
2,0.01,0.46,0.2514470249448531
2,0.01,0.48,0.24506632806123044
2,0.01,0.5,0.24459509988346165
2,0.01,0.52,0.23958849081772385
2,0.01,0.54,0.23741679125337373
2,0.01,0.56,0.23700846685902302
2,0.01,0.58,0.2316365719809169
2,0.02,0.1,0.2940191583483091
2,0.02,0.12,0.28695802938814075
2,0.02,0.14,0.27788646361646985
2,0.02,0.16,0.27239062864712843
2,0.02,0.18,0.26282049173664807
2,0.02,0.2,0.2518820251781687
2,0.02,0.22,0.24976629802310263
2,0.02,0.24,0.2427685341786873
2,0.02,0.26,0.2395028779431938
2,0.02,0.28,0.23732443710961432
2,0.02,0.3,0.2397692307458774
2,0.02,0.32,0.23345306307292016
2,0.02,0.34,0.23095300372554226
2,0.02,0.36,0.22983439557459112
2,0.02,0.38,0.2240840937828896
2,0.02,0.4,0.22025800116273414
2,0.02,0.42,0.2150434871746347
2,0.02,0.44,0.2130630170231933
2,0.02,0.46,0.21030018878571782
2,0.02,0.48,0.20883630316631757
2,0.02,0.5,0.20993618928528765
2,0.02,0.52,0.2050085292141699
2,0.02,0.54,0.2030414646119884
2,0.02,0.56,0.19783586348562227
2,0.02,0.58,0.195938634488211
2,0.03,0.01,0.2751411485178036
2,0.03,0.02,0.2677292211800427
2,0.03,0.06,0.2535883655303697
2,0.03,0.08,0.23799757762833748
2,0.03,0.1,0.23211034230401764
2,0.03,0.12,0.22143075500835632
2,0.03,0.14,0.2021351728384366
2,0.03,0.16,0.19746899749628083
2,0.03,0.18,0.19734769815851363
2,0.03,0.2,0.19149582476265592
2,0.03,0.22,0.18480880185739293
2,0.03,0.24,0.17568104492858325
2,0.03,0.26,0.17487663501731432
2,0.03,0.28,0.17291919448532864
2,0.03,0.3,0.17168583433863865
2,0.03,0.32,0.1642574831222872
2,0.03,0.34,0.16674371205514618
2,0.03,0.36,0.1473309852888099
2,0.03,0.38,0.13979544072270816
2,0.03,0.4,0.12859982973699222
2,0.03,0.42,0.1226008423418409
2,0.03,0.44,0.12046835348362125
2,0.03,0.46,0.12046835348362125
2,0.03,0.48,0.12058039830154843
2,0.03,0.5,0.115888181141892
2,0.03,0.52,0.11183899307760854
2,0.03,0.54,0.099540288405893
2,0.03,0.56,0.099540288405893
2,0.03,0.58,0.09967067389342134
2,0.04,0.01,0.28685697989360504
2,0.04,0.02,0.28165549111956306
2,0.04,0.06,0.2589988420837764
2,0.04,0.08,0.2501093229295151
2,0.04,0.1,0.22660144809073676
2,0.04,0.12,0.2153292042705909
2,0.04,0.14,0.19879415519931906
2,0.04,0.16,0.1991307083564931
2,0.04,0.18,0.19409212837677442
2,0.04,0.2,0.1755833123714159
2,0.04,0.22,0.1769256089532587
2,0.04,0.24,0.17519918521643155
2,0.04,0.26,0.17007051851330793
2,0.04,0.28,0.15232185099893458
2,0.04,0.3,0.14356410250190937
2,0.04,0.32,0.12595872918726142
2,0.04,0.34,0.12595872918726142
2,0.04,0.36,0.12492992910903357
2,0.04,0.38,0.12294778426974588
2,0.04,0.4,0.10813471346211127
2,0.04,0.42,0.10903777783614321
2,0.04,0.44,0.10793921645471606
2,0.04,0.46,0.10274671392178801
2,0.04,0.48,0.10274671392178801
2,0.04,0.5,0.0973284504091674
2,0.04,0.52,0.0973284504091674
2,0.04,0.54,0.09040544542718165
2,0.04,0.56,0.08928731085771965
2,0.04,0.58,0.08958341734216695
2,0.05,0.01,0.26887136713409454
2,0.05,0.02,0.27658947958660923
2,0.05,0.06,0.25342742747245944
2,0.05,0.08,0.24025353493439275
2,0.05,0.1,0.23184610917079615
2,0.05,0.12,0.207719419325799
2,0.05,0.14,0.19921155211940828
2,0.05,0.16,0.1890520072189851
2,0.05,0.18,0.17910259053116193
2,0.05,0.2,0.1767367225621133
2,0.05,0.22,0.1690854119425548
2,0.05,0.24,0.14585981367616396
2,0.05,0.26,0.1238747641184411
2,0.05,0.28,0.11058667408440113
2,0.05,0.3,0.10863001905814355
2,0.05,0.32,0.1065178500265219
2,0.05,0.34,0.1065178500265219
2,0.05,0.36,0.10583953352189265
2,0.05,0.38,0.09594251978489701
2,0.05,0.4,0.09594251978489701
2,0.05,0.42,0.096099845251957
2,0.05,0.44,0.07887445887445885
2,0.05,0.46,0.07775767882910736
2,0.05,0.48,0.07775767882910736
2,0.05,0.5,0.07775767882910736
2,0.05,0.52,0.07791211280000514
2,0.05,0.54,0.07678093678093677
2,0.05,0.56,0.07678093678093677
2,0.05,0.58,0.07708513708513706
3,0.01,0.1,0.31604267104216616
3,0.01,0.12,0.3272500570252083
3,0.01,0.14,0.33983358607121233
3,0.01,0.16,0.35188732551063184
3,0.01,0.18,0.35629929615496453
3,0.01,0.2,0.3688096372646676
3,0.01,0.22,0.3785957567436416
3,0.01,0.24,0.377893893976334
3,0.01,0.26,0.37922220246746824
3,0.01,0.28,0.38540202815318964
3,0.01,0.3,0.381744402952416
3,0.01,0.32,0.38206143094447326
3,0.01,0.34,0.3792114239317299
3,0.01,0.36,0.3807597530943242
3,0.01,0.38,0.3757576058545168
3,0.01,0.4,0.3811680312279329
3,0.01,0.42,0.3856556145560092
3,0.01,0.44,0.3891875664901844
3,0.01,0.46,0.38308976913833115
3,0.01,0.48,0.37985256842722775
3,0.01,0.5,0.3724618397748252
3,0.01,0.52,0.3761804502137428
3,0.01,0.54,0.372067456406916
3,0.01,0.56,0.3682508371285964
3,0.01,0.58,0.3655375022306651
3,0.02,0.1,0.44506521842383057
3,0.02,0.12,0.44196875935517205
3,0.02,0.14,0.44186936234597046
3,0.02,0.16,0.43606384260628567
3,0.02,0.18,0.4291953826343449
3,0.02,0.2,0.42746846177718817
3,0.02,0.22,0.41395512064721823
3,0.02,0.24,0.41010377501936585
3,0.02,0.26,0.40039792989916334
3,0.02,0.28,0.3939500753519317
3,0.02,0.3,0.3857791195131182
3,0.02,0.32,0.3928012521391256
3,0.02,0.34,0.3863855565819635
3,0.02,0.36,0.3772630589741022
3,0.02,0.38,0.3683261498367604
3,0.02,0.4,0.36961013814722715
3,0.02,0.42,0.3634813097291229
3,0.02,0.44,0.35632864169736134
3,0.02,0.46,0.3505930438480483
3,0.02,0.48,0.3466410880701666
3,0.02,0.5,0.3411380862130727
3,0.02,0.52,0.33656574377084286
3,0.02,0.54,0.3346358994973877
3,0.02,0.56,0.31759722712836785
3,0.02,0.58,0.3173489013616437
3,0.03,0.01,0.43585139842952575
3,0.03,0.02,0.4445787529230579
3,0.03,0.06,0.39920197898941484
3,0.03,0.08,0.38964757703353853
3,0.03,0.1,0.3866128552240255
3,0.03,0.12,0.3728272401691302
3,0.03,0.14,0.37613464001088576
3,0.03,0.16,0.36823016134784936
3,0.03,0.18,0.35728453757403184
3,0.03,0.2,0.35199373646144644
3,0.03,0.22,0.35319829261333285
3,0.03,0.24,0.3507978872146715
3,0.03,0.26,0.343797187440511
3,0.03,0.28,0.3244613879665037
3,0.03,0.3,0.3212449057650296
3,0.03,0.32,0.31515773030236927
3,0.03,0.34,0.30154172261571877
3,0.03,0.36,0.2864319951352362
3,0.03,0.38,0.2771835275295244
3,0.03,0.4,0.2619498247652959
3,0.03,0.42,0.26250275217943964
3,0.03,0.44,0.2574586410262843
3,0.03,0.46,0.25794201648299564
3,0.03,0.48,0.24386004180122361
3,0.03,0.5,0.24418324800678276
3,0.03,0.52,0.24433670318549883
3,0.03,0.54,0.2334487608270988
3,0.03,0.56,0.22887866273528465
3,0.03,0.58,0.22283929622454987
3,0.04,0.01,0.489844974982911
3,0.04,0.02,0.47142269374213314
3,0.04,0.06,0.41029940669094966
3,0.04,0.08,0.39673865348857407
3,0.04,0.1,0.37226269352412167
3,0.04,0.12,0.36565617062527805
3,0.04,0.14,0.34659018101036665
3,0.04,0.16,0.3347084050978516
3,0.04,0.18,0.32906046826937635
3,0.04,0.2,0.3283645697511501
3,0.04,0.22,0.3145807862043864
3,0.04,0.24,0.3026183923647579
3,0.04,0.26,0.2904222721041215
3,0.04,0.28,0.2866052022903468
3,0.04,0.3,0.2782583336061984
3,0.04,0.32,0.2629485473642326
3,0.04,0.34,0.23912289154108696
3,0.04,0.36,0.23579914028043839
3,0.04,0.38,0.2298842738822981
3,0.04,0.4,0.22929642506318262
3,0.04,0.42,0.22940987479898398
3,0.04,0.44,0.22045586584497506
3,0.04,0.46,0.21115305600965334
3,0.04,0.48,0.20170885509444073
3,0.04,0.5,0.19727513023671647
3,0.04,0.52,0.19727513023671647
3,0.04,0.54,0.19727513023671647
3,0.04,0.56,0.1918157779433792
3,0.04,0.58,0.1900487049391677
3,0.05,0.01,0.5042499463957786
3,0.05,0.02,0.5120669056790649
3,0.05,0.06,0.4095826618007055
3,0.05,0.08,0.4035570172269085
3,0.05,0.1,0.38735097579657757
3,0.05,0.12,0.3621306627023219
3,0.05,0.14,0.3397534242891697
3,0.05,0.16,0.3330139840611817
3,0.05,0.18,0.33214531128425684
3,0.05,0.2,0.3029922024629118
3,0.05,0.22,0.29674664376973026
3,0.05,0.24,0.2801408731303076
3,0.05,0.26,0.2662205116083233
3,0.05,0.28,0.2500983354344069
3,0.05,0.3,0.23619650833026745
3,0.05,0.32,0.2172387743706752
3,0.05,0.34,0.21638732745157352
3,0.05,0.36,0.20743331849756458
3,0.05,0.38,0.18382878670587083
3,0.05,0.4,0.17912321357918945
3,0.05,0.42,0.17939243103006167
3,0.05,0.44,0.17437785377058646
3,0.05,0.46,0.1720067134702554
3,0.05,0.48,0.1709380650122012
3,0.05,0.5,0.17108907679111995
3,0.05,0.52,0.1712641870558648
3,0.05,0.54,0.16604066907724477
3,0.05,0.56,0.1613612938715538
3,0.05,0.58,0.16026152062892338
4,0.01,0.1,0.3486928186232863
4,0.01,0.12,0.3646165181817578
4,0.01,0.14,0.37537740503182004
4,0.01,0.16,0.3914890969743425
4,0.01,0.18,0.40043329932453287
4,0.01,0.2,0.4153196232627399
4,0.01,0.22,0.42445459663260715
4,0.01,0.24,0.433767351746574
4,0.01,0.26,0.4428108657164352
4,0.01,0.28,0.4540006963813937
4,0.01,0.3,0.4542436538628177
4,0.01,0.32,0.46067482586403496
4,0.01,0.34,0.46395654891483096
4,0.01,0.36,0.4611439884740895
4,0.01,0.38,0.457383530431914
4,0.01,0.4,0.45963865012795146
4,0.01,0.42,0.4681356995645037
4,0.01,0.44,0.465935674618662
4,0.01,0.46,0.4693238444504887
4,0.01,0.48,0.47164214693427303
4,0.01,0.5,0.4774981295699137
4,0.01,0.52,0.47766073425248884
4,0.01,0.54,0.4760355139431237
4,0.01,0.56,0.47861759308697377
4,0.01,0.58,0.4753017504797499
4,0.02,0.1,0.5610990366104565
4,0.02,0.12,0.5522963864417338
4,0.02,0.14,0.5574249254998674
4,0.02,0.16,0.5590608741192842
4,0.02,0.18,0.5533141189902084
4,0.02,0.2,0.5419384964672816
4,0.02,0.22,0.5387270746255675
4,0.02,0.24,0.5417229269386604
4,0.02,0.26,0.5306697643522627
4,0.02,0.28,0.5257614939350378
4,0.02,0.3,0.5256990765667037
4,0.02,0.32,0.5217118350924046
4,0.02,0.34,0.5040247139894453
4,0.02,0.36,0.4970755464994526
4,0.02,0.38,0.49227578013227474
4,0.02,0.4,0.48944922505433935
4,0.02,0.42,0.4857145017137647
4,0.02,0.44,0.47547629262045493
4,0.02,0.46,0.46525821591845445
4,0.02,0.48,0.4637106203690104
4,0.02,0.5,0.4530044658023632
4,0.02,0.52,0.4431867718620766
4,0.02,0.54,0.436167285436812
4,0.02,0.56,0.43197458874728245
4,0.02,0.58,0.4208796422103663
4,0.03,0.01,0.5752694376215778
4,0.03,0.02,0.5811517398240966
4,0.03,0.06,0.5768537069363057
4,0.03,0.08,0.5762795879751017
4,0.03,0.1,0.5642618948128544
4,0.03,0.12,0.5508952889686559
4,0.03,0.14,0.5410811281000127
4,0.03,0.16,0.5321441389199623
4,0.03,0.18,0.5154793607695715
4,0.03,0.2,0.49957437494081824
4,0.03,0.22,0.49363802057402567
4,0.03,0.24,0.48889865096085144
4,0.03,0.26,0.4765557186884993
4,0.03,0.28,0.46379665475238163
4,0.03,0.3,0.46366916836491706
4,0.03,0.32,0.45182692039799843
4,0.03,0.34,0.4255528143892668
4,0.03,0.36,0.41827121767869047
4,0.03,0.38,0.41155886255589336
4,0.03,0.4,0.3965969004916484
4,0.03,0.42,0.3844507051132187
4,0.03,0.44,0.37948151670276004
4,0.03,0.46,0.35944718586418684
4,0.03,0.48,0.3414775004257274
4,0.03,0.5,0.3381485674061556
4,0.03,0.52,0.3323704189966646
4,0.03,0.54,0.31049629280614865
4,0.03,0.56,0.309628315193985
4,0.03,0.58,0.30505003567921923
4,0.04,0.01,0.6165552641653893
4,0.04,0.02,0.6215917887483788
4,0.04,0.06,0.592371513724224
4,0.04,0.08,0.5682640701170385
4,0.04,0.1,0.5354939422374626
4,0.04,0.12,0.533370463031045
4,0.04,0.14,0.4963871292126943
4,0.04,0.16,0.4813193446083811
4,0.04,0.18,0.4579790972586814
4,0.04,0.2,0.45267786825555945
4,0.04,0.22,0.4341053416627207
4,0.04,0.24,0.4174520858592981
4,0.04,0.26,0.40188249309128776
4,0.04,0.28,0.37894697320814535
4,0.04,0.3,0.36519779306423183
4,0.04,0.32,0.3585327620679733
4,0.04,0.34,0.34347116390411
4,0.04,0.36,0.33346016251823307
4,0.04,0.38,0.330582314247355
4,0.04,0.4,0.31871867288435335
4,0.04,0.42,0.3128354645720532
4,0.04,0.44,0.2993529684884529
4,0.04,0.46,0.29968910294223444
4,0.04,0.48,0.2929734788490933
4,0.04,0.5,0.26397801012341887
4,0.04,0.52,0.25507829746542227
4,0.04,0.54,0.2493287864079846
4,0.04,0.56,0.24619756458305725
4,0.04,0.58,0.24333512090428705
4,0.05,0.01,0.595685913137661
4,0.05,0.02,0.6160672632029879
4,0.05,0.06,0.5946390525133578
4,0.05,0.08,0.5641378695757922
4,0.05,0.1,0.5358729346344553
4,0.05,0.12,0.4944428883033051
4,0.05,0.14,0.4930943021293217
4,0.05,0.16,0.45619029319445276
4,0.05,0.18,0.44168737397608687
4,0.05,0.2,0.40331985728166514
4,0.05,0.22,0.3895879777886558
4,0.05,0.24,0.36739498133268217
4,0.05,0.26,0.35799143106133985
4,0.05,0.28,0.35502900710992735
4,0.05,0.3,0.32029107448948124
4,0.05,0.32,0.3104419455788206
4,0.05,0.34,0.3056643749033768
4,0.05,0.36,0.29285643089576946
4,0.05,0.38,0.28270415005625166
4,0.05,0.4,0.27886102341925345
4,0.05,0.42,0.24955792426166395
4,0.05,0.44,0.24030774648371658
4,0.05,0.46,0.23321674661207856
4,0.05,0.48,0.2247421364142716
4,0.05,0.5,0.22391260236338306
4,0.05,0.52,0.21442867866596677
4,0.05,0.54,0.2081252081252081
4,0.05,0.56,0.2029266221405959
4,0.05,0.58,0.19929899771494047
5,0.01,0.1,0.3595528445820771
5,0.01,0.12,0.37659658232099175
5,0.01,0.14,0.3921278260694768
5,0.01,0.16,0.40634195922383004
5,0.01,0.18,0.42113571928645843
5,0.01,0.2,0.4370282688701668
5,0.01,0.22,0.44621934851641
5,0.01,0.24,0.46036314588527266
5,0.01,0.26,0.46681068084701316
5,0.01,0.28,0.4713625993028403
5,0.01,0.3,0.4776365332131867
5,0.01,0.32,0.48670527849997647
5,0.01,0.34,0.4932690366278913
5,0.01,0.36,0.49534382056688775
5,0.01,0.38,0.504322616180701
5,0.01,0.4,0.5032168405045485
5,0.01,0.42,0.5093544738833203
5,0.01,0.44,0.5112998062473247
5,0.01,0.46,0.5129816836412963
5,0.01,0.48,0.5115080440784611
5,0.01,0.5,0.5146301417190811
5,0.01,0.52,0.5201664894815289
5,0.01,0.54,0.522985356401807
5,0.01,0.56,0.5194749975498046
5,0.01,0.58,0.5178614230948783
5,0.02,0.1,0.605656172929157
5,0.02,0.12,0.6139091808268754
5,0.02,0.14,0.6280854716222848
5,0.02,0.16,0.6326057912062468
5,0.02,0.18,0.6268126024143799
5,0.02,0.2,0.6140332500116953
5,0.02,0.22,0.6168228788955247
5,0.02,0.24,0.6212389731307552
5,0.02,0.26,0.6137769524096729
5,0.02,0.28,0.6111185028393586
5,0.02,0.3,0.6157688051399044
5,0.02,0.32,0.6028030981575744
5,0.02,0.34,0.6052799376925305
5,0.02,0.36,0.6029348309692074
5,0.02,0.38,0.5850753678331803
5,0.02,0.4,0.5650868006560411
5,0.02,0.42,0.5628493540297034
5,0.02,0.44,0.5609693136550966
5,0.02,0.46,0.5507385850384395
5,0.02,0.48,0.5500389433162542
5,0.02,0.5,0.552976099669357
5,0.02,0.52,0.535398790584752
5,0.02,0.54,0.5281536269502063
5,0.02,0.56,0.5226821115078584
5,0.02,0.58,0.5181341662876774
5,0.03,0.01,0.6255070030186111
5,0.03,0.02,0.6442075437230456
5,0.03,0.06,0.6638496984884102
5,0.03,0.08,0.665731989524395
5,0.03,0.1,0.6567176975700423
5,0.03,0.12,0.6383544121389269
5,0.03,0.14,0.6437999317539421
5,0.03,0.16,0.6399136096500915
5,0.03,0.18,0.6316202370037766
5,0.03,0.2,0.6177302958357265
5,0.03,0.22,0.606570156309093
5,0.03,0.24,0.5867692150086613
5,0.03,0.26,0.5677831203492695
5,0.03,0.28,0.5586517474924118
5,0.03,0.3,0.5499482431999673
5,0.03,0.32,0.5341490879096078
5,0.03,0.34,0.5283924795171956
5,0.03,0.36,0.5078740572574233
5,0.03,0.38,0.4817256410359982
5,0.03,0.4,0.4728331924573282
5,0.03,0.42,0.47302875684558165
5,0.03,0.44,0.45970933178605244
5,0.03,0.46,0.452183316978652
5,0.03,0.48,0.4454136591941987
5,0.03,0.5,0.4282582355007758
5,0.03,0.52,0.42673081759046755
5,0.03,0.54,0.4160081806265744
5,0.03,0.56,0.4137937160037624
5,0.03,0.58,0.40506924309642667
5,0.04,0.01,0.6727718438689971
5,0.04,0.02,0.6873493055289303
5,0.04,0.06,0.6796955665787066
5,0.04,0.08,0.6779829247328311
5,0.04,0.1,0.6407003666051784
5,0.04,0.12,0.6321706972680782
5,0.04,0.14,0.6060551348533296
5,0.04,0.16,0.5942966433299945
5,0.04,0.18,0.5715272563203966
5,0.04,0.2,0.5427441214663414
5,0.04,0.22,0.5314848610384325
5,0.04,0.24,0.5201833171427814
5,0.04,0.26,0.5079072066788263
5,0.04,0.28,0.49215280134160017
5,0.04,0.3,0.4777982162156236
5,0.04,0.32,0.45183442671128177
5,0.04,0.34,0.43711900137044335
5,0.04,0.36,0.42773267681853966
5,0.04,0.38,0.4205183804971317
5,0.04,0.4,0.4074962913773117
5,0.04,0.42,0.3962098602302745
5,0.04,0.44,0.38612025951100687
5,0.04,0.46,0.370138538974584
5,0.04,0.48,0.35745199135256883
5,0.04,0.5,0.3500408662493603
5,0.04,0.52,0.3414725534280486
5,0.04,0.54,0.3377335755203515
5,0.04,0.56,0.3338242385462654
5,0.04,0.58,0.3312446020405004
5,0.05,0.01,0.6458909548918899
5,0.05,0.02,0.677808428779195
5,0.05,0.06,0.6886810592735967
5,0.05,0.08,0.6606644168745284
5,0.05,0.1,0.6422967961787268
5,0.05,0.12,0.6434697056544224
5,0.05,0.14,0.6212348910154786
5,0.05,0.16,0.6028479173087639
5,0.05,0.18,0.5526980093685802
5,0.05,0.2,0.5429934236147883
5,0.05,0.22,0.5238814249875573
5,0.05,0.24,0.4912803234799575
5,0.05,0.26,0.47356714164226077
5,0.05,0.28,0.4450153517181285
5,0.05,0.3,0.4268117915069741
5,0.05,0.32,0.41216633772897693
5,0.05,0.34,0.39719484050147663
5,0.05,0.36,0.3858626777693054
5,0.05,0.38,0.36865017029405145
5,0.05,0.4,0.35818231870477096
5,0.05,0.42,0.34929915442735254
5,0.05,0.44,0.3368860145041242
5,0.05,0.46,0.3254686832474397
5,0.05,0.48,0.31657081060640996
5,0.05,0.5,0.2994915794917379
5,0.05,0.52,0.2842811015432126
5,0.05,0.54,0.27409898211465455
5,0.05,0.56,0.2736391313528193
5,0.05,0.58,0.26780151275954106
6,0.01,0.1,0.3707328783836686
6,0.01,0.12,0.3861310425876903
6,0.01,0.14,0.40165984879597827
6,0.01,0.16,0.4207570187557084
6,0.01,0.18,0.43561504806127344
6,0.01,0.2,0.45182289527410135
6,0.01,0.22,0.4701650107157541
6,0.01,0.24,0.4809902439960892
6,0.01,0.26,0.48831088280538554
6,0.01,0.28,0.49975905172480817
6,0.01,0.3,0.5046600645723418
6,0.01,0.32,0.5105230191688517
6,0.01,0.34,0.5194069370029503
6,0.01,0.36,0.5289333183683234
6,0.01,0.38,0.5346529094913638
6,0.01,0.4,0.5437162016293953
6,0.01,0.42,0.546626258810283
6,0.01,0.44,0.5488978573648738
6,0.01,0.46,0.5547213695684624
6,0.01,0.48,0.5553034269325283
6,0.01,0.5,0.5545279635747699
6,0.01,0.52,0.5583404912149628
6,0.01,0.54,0.561268486898277
6,0.01,0.56,0.5630062098290403
6,0.01,0.58,0.5602139809838385
6,0.02,0.1,0.6470622454577791
6,0.02,0.12,0.6473230937978657
6,0.02,0.14,0.6652866929097438
6,0.02,0.16,0.6706612851331712
6,0.02,0.18,0.6630694664695654
6,0.02,0.2,0.6652252499388144
6,0.02,0.22,0.6759849243765154
6,0.02,0.24,0.6752683222394438
6,0.02,0.26,0.6646856262040022
6,0.02,0.28,0.660506725771637
6,0.02,0.3,0.6645039723714673
6,0.02,0.32,0.6632961243600167
6,0.02,0.34,0.6590357371730012
6,0.02,0.36,0.6465045821902083
6,0.02,0.38,0.6480339840460037
6,0.02,0.4,0.6479665037775603
6,0.02,0.42,0.6311471954833693
6,0.02,0.44,0.6295364924157084
6,0.02,0.46,0.6108201132211596
6,0.02,0.48,0.6022784423371981
6,0.02,0.5,0.5994823120288959
6,0.02,0.52,0.5966987970708083
6,0.02,0.54,0.58856877514316
6,0.02,0.56,0.5860697425062787
6,0.02,0.58,0.5802436383557863
6,0.03,0.01,0.6417248115189119
6,0.03,0.02,0.6679466175147127
6,0.03,0.06,0.7081984683646222
6,0.03,0.08,0.7118957718910595
6,0.03,0.1,0.7064764610999906
6,0.03,0.12,0.7120952673501278
6,0.03,0.14,0.7096081369466303
6,0.03,0.16,0.6994256887680362
6,0.03,0.18,0.6972675351816263
6,0.03,0.2,0.6917108060273643
6,0.03,0.22,0.6662041125543532
6,0.03,0.24,0.6587376625173904
6,0.03,0.26,0.6459550879382162
6,0.03,0.28,0.6316437502135447
6,0.03,0.3,0.6299042354555539
6,0.03,0.32,0.623589700164234
6,0.03,0.34,0.6204800076167086
6,0.03,0.36,0.5987267083910982
6,0.03,0.38,0.5770181180363749
6,0.03,0.4,0.5569054388282261
6,0.03,0.42,0.540144963774645
6,0.03,0.44,0.5324897735323384
6,0.03,0.46,0.5226727720771608
6,0.03,0.48,0.5132461893125877
6,0.03,0.5,0.5018030733978384
6,0.03,0.52,0.49254333098355035
6,0.03,0.54,0.482244957794434
6,0.03,0.56,0.4696740324159726
6,0.03,0.58,0.4656720691118622
6,0.04,0.01,0.7061844850466054
6,0.04,0.02,0.712166062580609
6,0.04,0.06,0.7212290603791081
6,0.04,0.08,0.7179794365986341
6,0.04,0.1,0.7142520900350112
6,0.04,0.12,0.7098680492400964
6,0.04,0.14,0.6883796143875225
6,0.04,0.16,0.6791447762552449
6,0.04,0.18,0.6612317160573831
6,0.04,0.2,0.6549614469103038
6,0.04,0.22,0.6305072470760523
6,0.04,0.24,0.6058360317879871
6,0.04,0.26,0.5971427124939556
6,0.04,0.28,0.5841249617716235
6,0.04,0.3,0.5674850982457854
6,0.04,0.32,0.5552039067201541
6,0.04,0.34,0.5358955303733215
6,0.04,0.36,0.5284119791337903
6,0.04,0.38,0.5008756995403395
6,0.04,0.4,0.488155227676976
6,0.04,0.42,0.47539673600089155
6,0.04,0.44,0.459977773582349
6,0.04,0.46,0.44853660057303746
6,0.04,0.48,0.44428205594582204
6,0.04,0.5,0.44002524288735323
6,0.04,0.52,0.4282609536090276
6,0.04,0.54,0.4214344053428371
6,0.04,0.56,0.4158480102611225
6,0.04,0.58,0.40594390189756263
6,0.05,0.01,0.6687686388252284
6,0.05,0.02,0.7127099480912386
6,0.05,0.06,0.7326332364943475
6,0.05,0.08,0.7261189794399038
6,0.05,0.1,0.7127595218667352
6,0.05,0.12,0.6928578286520499
6,0.05,0.14,0.686406529624956
6,0.05,0.16,0.6737044817363561
6,0.05,0.18,0.6683366093856427
6,0.05,0.2,0.6190111064388854
6,0.05,0.22,0.5874642751415552
6,0.05,0.24,0.5603472260158925
6,0.05,0.26,0.5466986423831367
6,0.05,0.28,0.5178413733972562
6,0.05,0.3,0.5061299690061294
6,0.05,0.32,0.491543547653996
6,0.05,0.34,0.4790371876407772
6,0.05,0.36,0.4660090543012217
6,0.05,0.38,0.4521847634638277
6,0.05,0.4,0.43749770648483227
6,0.05,0.42,0.4127503690242932
6,0.05,0.44,0.4051095529900545
6,0.05,0.46,0.3962267634488244
6,0.05,0.48,0.3845763815493946
6,0.05,0.5,0.3765047650923636
6,0.05,0.52,0.3726150455855048
6,0.05,0.54,0.36130893226073973
6,0.05,0.56,0.355606918087717
6,0.05,0.58,0.3458833160677285
7,0.01,0.1,0.37334882010981507
7,0.01,0.12,0.3869798006692123
7,0.01,0.14,0.4040112794118717
7,0.01,0.16,0.4248121533373168
7,0.01,0.18,0.44067216078560306
7,0.01,0.2,0.45820580862849986
7,0.01,0.22,0.473506691052327
7,0.01,0.24,0.4880456038811472
7,0.01,0.26,0.49810337140980393
7,0.01,0.28,0.5095247195015814
7,0.01,0.3,0.516399446696852
7,0.01,0.32,0.5255471235203284
7,0.01,0.34,0.5318309054962487
7,0.01,0.36,0.5412402465131189
7,0.01,0.38,0.5525187977402972
7,0.01,0.4,0.5622406119556213
7,0.01,0.42,0.5640639228061931
7,0.01,0.44,0.5689103962754584
7,0.01,0.46,0.573325285542295
7,0.01,0.48,0.5752161967367945
7,0.01,0.5,0.5784404754202702
7,0.01,0.52,0.587602346140315
7,0.01,0.54,0.5872462063391044
7,0.01,0.56,0.5917167789518085
7,0.01,0.58,0.5873339037279649
7,0.02,0.1,0.6643132162185473
7,0.02,0.12,0.6775535495956478
7,0.02,0.14,0.6911399253682565
7,0.02,0.16,0.6960834976053264
7,0.02,0.18,0.6920728189821895
7,0.02,0.2,0.7007110059164835
7,0.02,0.22,0.7062394271942442
7,0.02,0.24,0.7151036955863458
7,0.02,0.26,0.7202561185434825
7,0.02,0.28,0.71546595115081
7,0.02,0.3,0.7130975434693421
7,0.02,0.32,0.7063914413981746
7,0.02,0.34,0.6988231971588169
7,0.02,0.36,0.6900589062997243
7,0.02,0.38,0.6891558459083551
7,0.02,0.4,0.6851657869978645
7,0.02,0.42,0.6741649700661941
7,0.02,0.44,0.6706871286605506
7,0.02,0.46,0.6623964310613282
7,0.02,0.48,0.6589669353363231
7,0.02,0.5,0.6540564235781757
7,0.02,0.52,0.6464898234760571
7,0.02,0.54,0.6365740267803925
7,0.02,0.56,0.6359748131393301
7,0.02,0.58,0.6213999547687991
7,0.03,0.01,0.6633263441874594
7,0.03,0.02,0.6874849206326136
7,0.03,0.06,0.733781785816367
7,0.03,0.08,0.748721425132197
7,0.03,0.1,0.7473880817025158
7,0.03,0.12,0.7582711726751972
7,0.03,0.14,0.7476385106934511
7,0.03,0.16,0.7504944504488614
7,0.03,0.18,0.7385268793403865
7,0.03,0.2,0.7277674608888575
7,0.03,0.22,0.7106544391490628
7,0.03,0.24,0.6945854884228269
7,0.03,0.26,0.6948242591952216
7,0.03,0.28,0.6872314681365784
7,0.03,0.3,0.6811575448463045
7,0.03,0.32,0.6644824448507796
7,0.03,0.34,0.6554926734994083
7,0.03,0.36,0.6383039784837622
7,0.03,0.38,0.6309571729751253
7,0.03,0.4,0.6090605001083498
7,0.03,0.42,0.6013118731354082
7,0.03,0.44,0.5929724157630653
7,0.03,0.46,0.587884013044787
7,0.03,0.48,0.5822626684011664
7,0.03,0.5,0.5781292227631053
7,0.03,0.52,0.5711246962287857
7,0.03,0.54,0.564636406796103
7,0.03,0.56,0.5483849437377837
7,0.03,0.58,0.5380971584064708
7,0.04,0.01,0.7108360831189443
7,0.04,0.02,0.7267805118256526
7,0.04,0.06,0.7516848313922948
7,0.04,0.08,0.7586156914983144
7,0.04,0.1,0.7480975971728395
7,0.04,0.12,0.7494228823019881
7,0.04,0.14,0.7413240623173465
7,0.04,0.16,0.7157743543947829
7,0.04,0.18,0.7094560437659462
7,0.04,0.2,0.6835370029574707
7,0.04,0.22,0.6766700034444157
7,0.04,0.24,0.6691534709092952
7,0.04,0.26,0.6507040390108111
7,0.04,0.28,0.6374074778308205
7,0.04,0.3,0.6226010301103837
7,0.04,0.32,0.607882409656691
7,0.04,0.34,0.5924353064109656
7,0.04,0.36,0.5783575236597683
7,0.04,0.38,0.5670589741811585
7,0.04,0.4,0.5588753980609742
7,0.04,0.42,0.5352194474037271
7,0.04,0.44,0.527279012090592
7,0.04,0.46,0.503235531846599
7,0.04,0.48,0.4936949603282124
7,0.04,0.5,0.48873852329767675
7,0.04,0.52,0.48482446640798715
7,0.04,0.54,0.48504617452443216
7,0.04,0.56,0.4683905678900425
7,0.04,0.58,0.4585266067746377
7,0.05,0.01,0.6851285693246246
7,0.05,0.02,0.7288679016599641
7,0.05,0.06,0.7691288865758887
7,0.05,0.08,0.7622159406318705
7,0.05,0.1,0.7568562965913904
7,0.05,0.12,0.7417429063735457
7,0.05,0.14,0.737573348354403
7,0.05,0.16,0.7277499981018437
7,0.05,0.18,0.6976290121540724
7,0.05,0.2,0.6656394900049994
7,0.05,0.22,0.6467700201956638
7,0.05,0.24,0.6232234832718141
7,0.05,0.26,0.597830120411876
7,0.05,0.28,0.5688390013252421
7,0.05,0.3,0.5566891730196472
7,0.05,0.32,0.5414929998467365
7,0.05,0.34,0.5298132834794026
7,0.05,0.36,0.5135848257784984
7,0.05,0.38,0.5017303704339529
7,0.05,0.4,0.49004165708586606
7,0.05,0.42,0.4804171345415053
7,0.05,0.44,0.4737247614406638
7,0.05,0.46,0.4630400620289842
7,0.05,0.48,0.4540136179476328
7,0.05,0.5,0.43942724145504347
7,0.05,0.52,0.43768166072619163
7,0.05,0.54,0.4297215611385683
7,0.05,0.56,0.4220349616485324
7,0.05,0.58,0.411025956818255
8,0.01,0.1,0.3739237285278919
8,0.01,0.12,0.39217373356161234
8,0.01,0.14,0.409682188418076
8,0.01,0.16,0.4263870597059678
8,0.01,0.18,0.44190242839632793
8,0.01,0.2,0.4643304122746624
8,0.01,0.22,0.4787666843429393
8,0.01,0.24,0.4932099763485437
8,0.01,0.26,0.5061814885046918
8,0.01,0.28,0.5186356771383425
8,0.01,0.3,0.5301018143770607
8,0.01,0.32,0.5385665625555606
8,0.01,0.34,0.5445154569540648
8,0.01,0.36,0.5515941926534099
8,0.01,0.38,0.563405518513251
8,0.01,0.4,0.57325192656766
8,0.01,0.42,0.5766513492658862
8,0.01,0.44,0.5845515907049444
8,0.01,0.46,0.5909270351351551
8,0.01,0.48,0.5954455888207743
8,0.01,0.5,0.6005472980071022
8,0.01,0.52,0.6061087804015509
8,0.01,0.54,0.6089278326512224
8,0.01,0.56,0.6117961886491232
8,0.01,0.58,0.6126654266975627
8,0.02,0.1,0.6745728610614957
8,0.02,0.12,0.6877810981722112
8,0.02,0.14,0.7034755055579153
8,0.02,0.16,0.7106249682948836
8,0.02,0.18,0.7197405373874679
8,0.02,0.2,0.7317509791669291
8,0.02,0.22,0.7350932931797367
8,0.02,0.24,0.7452210474692995
8,0.02,0.26,0.7465282318291045
8,0.02,0.28,0.7431353068455665
8,0.02,0.3,0.7436933123158844
8,0.02,0.32,0.749533948785747
8,0.02,0.34,0.7418307845087091
8,0.02,0.36,0.7393967731049677
8,0.02,0.38,0.742869782863916
8,0.02,0.4,0.7405924777157085
8,0.02,0.42,0.7323270603194203
8,0.02,0.44,0.7286699566639374
8,0.02,0.46,0.7206910672330427
8,0.02,0.48,0.7156647536552497
8,0.02,0.5,0.7065239754955515
8,0.02,0.52,0.6961439356609077
8,0.02,0.54,0.682920838162423
8,0.02,0.56,0.6668148021754986
8,0.02,0.58,0.6593763391527563
8,0.03,0.01,0.667924385199521
8,0.03,0.02,0.6899210549354243
8,0.03,0.06,0.7488030525824091
8,0.03,0.08,0.7578032568751539
8,0.03,0.1,0.7751201553596255
8,0.03,0.12,0.7730111931869766
8,0.03,0.14,0.774294422381262
8,0.03,0.16,0.7781914052740626
8,0.03,0.18,0.7773205146232031
8,0.03,0.2,0.7836304166727867
8,0.03,0.22,0.7716079183728473
8,0.03,0.24,0.7621730158012477
8,0.03,0.26,0.7491723742665214
8,0.03,0.28,0.7381357345636993
8,0.03,0.3,0.7248181610497445
8,0.03,0.32,0.7035749245893557
8,0.03,0.34,0.6929461048692848
8,0.03,0.36,0.6841326414493613
8,0.03,0.38,0.6750214416102092
8,0.03,0.4,0.667986437240926
8,0.03,0.42,0.6576774001310953
8,0.03,0.44,0.657151760208906
8,0.03,0.46,0.6501154832508005
8,0.03,0.48,0.6304394883264602
8,0.03,0.5,0.6266910600389549
8,0.03,0.52,0.6262092999001515
8,0.03,0.54,0.6157887955574255
8,0.03,0.56,0.6067882221840671
8,0.03,0.58,0.5963433106509262
8,0.04,0.01,0.7184166389390171
8,0.04,0.02,0.7316139496135322
8,0.04,0.06,0.7702497157412601
8,0.04,0.08,0.7787499946087741
8,0.04,0.1,0.7890169740134453
8,0.04,0.12,0.7891167793676661
8,0.04,0.14,0.7821372315684544
8,0.04,0.16,0.781753332738895
8,0.04,0.18,0.7669446323385006
8,0.04,0.2,0.7533006660931901
8,0.04,0.22,0.7420102753473754
8,0.04,0.24,0.7295082678159152
8,0.04,0.26,0.7081368873421214
8,0.04,0.28,0.6964553304879644
8,0.04,0.3,0.6847688818236668
8,0.04,0.32,0.6779972089415741
8,0.04,0.34,0.6708725207981285
8,0.04,0.36,0.6591023569959885
8,0.04,0.38,0.6474578030610152
8,0.04,0.4,0.6290498688625901
8,0.04,0.42,0.6164281163747087
8,0.04,0.44,0.6109319335189614
8,0.04,0.46,0.596553753019599
8,0.04,0.48,0.5944356106295624
8,0.04,0.5,0.5802903336400874
8,0.04,0.52,0.5544244684799134
8,0.04,0.54,0.5419043008494656
8,0.04,0.56,0.5279957283967374
8,0.04,0.58,0.5228140202096311
8,0.05,0.01,0.6871843844544133
8,0.05,0.02,0.7298690634365812
8,0.05,0.06,0.7981982119697602
8,0.05,0.08,0.8014669651598131
8,0.05,0.1,0.7992998680137438
8,0.05,0.12,0.7885292289037494
8,0.05,0.14,0.7868739251115086
8,0.05,0.16,0.7767393002832191
8,0.05,0.18,0.7659492229815781
8,0.05,0.2,0.7464274561767875
8,0.05,0.22,0.7376577229452096
8,0.05,0.24,0.6925173701455533
8,0.05,0.26,0.6642273589696462
8,0.05,0.28,0.6624048963756203
8,0.05,0.3,0.6408698961556062
8,0.05,0.32,0.6269176690227668
8,0.05,0.34,0.6098436737003129
8,0.05,0.36,0.5905207661689763
8,0.05,0.38,0.5703261113319622
8,0.05,0.4,0.5605107967924571
8,0.05,0.42,0.5495938912583973
8,0.05,0.44,0.5321350411565366
8,0.05,0.46,0.5170770613076409
8,0.05,0.48,0.5049259229363549
8,0.05,0.5,0.49920312502306696
8,0.05,0.52,0.4863389312440933
8,0.05,0.54,0.4819938760072599
8,0.05,0.56,0.4650268388023075
8,0.05,0.58,0.45464452227753643
9,0.01,0.1,0.37553497262940994
9,0.01,0.12,0.3925948883896467
9,0.01,0.14,0.40985768457729804
9,0.01,0.16,0.4253387524900953
9,0.01,0.18,0.4425820188288473
9,0.01,0.2,0.4673128600550881
9,0.01,0.22,0.48071316649903395
9,0.01,0.24,0.4948194691128206
9,0.01,0.26,0.5091624452901808
9,0.01,0.28,0.520364302455647
9,0.01,0.3,0.5334763051943517
9,0.01,0.32,0.5436070024684654
9,0.01,0.34,0.5549746412728841
9,0.01,0.36,0.5640586920366298
9,0.01,0.38,0.5789353441717894
9,0.01,0.4,0.5897285789854125
9,0.01,0.42,0.5939322970613564
9,0.01,0.44,0.6011889867452452
9,0.01,0.46,0.6077180969593264
9,0.01,0.48,0.6132016701777985
9,0.01,0.5,0.6240708444697408
9,0.01,0.52,0.6305700548783809
9,0.01,0.54,0.6300705368454728
9,0.01,0.56,0.6303749648818
9,0.01,0.58,0.6328740597263397
9,0.02,0.1,0.6926531105637447
9,0.02,0.12,0.7171246844283257
9,0.02,0.14,0.732103773627695
9,0.02,0.16,0.7405665149957862
9,0.02,0.18,0.747620182978261
9,0.02,0.2,0.7617208746626255
9,0.02,0.22,0.7599555506191928
9,0.02,0.24,0.763674835890287
9,0.02,0.26,0.7694800085714931
9,0.02,0.28,0.7741903564705962
9,0.02,0.3,0.7781877943435725
9,0.02,0.32,0.780087099437231
9,0.02,0.34,0.7802866108307233
9,0.02,0.36,0.7799141768462341
9,0.02,0.38,0.7809923967898896
9,0.02,0.4,0.7750922810143104
9,0.02,0.42,0.7669247997024488
9,0.02,0.44,0.7643815119705973
9,0.02,0.46,0.7610904244805795
9,0.02,0.48,0.7583345399846299
9,0.02,0.5,0.7555887292960232
9,0.02,0.52,0.7530303705375473
9,0.02,0.54,0.751174497496825
9,0.02,0.56,0.7379416058170187
9,0.02,0.58,0.7253123232020852
9,0.03,0.01,0.6839598332366952
9,0.03,0.02,0.704305695220533
9,0.03,0.06,0.7704938521378628
9,0.03,0.08,0.790166818270761
9,0.03,0.1,0.7951004958046498
9,0.03,0.12,0.8116262607304782
9,0.03,0.14,0.8120692577402311
9,0.03,0.16,0.8118880796774608
9,0.03,0.18,0.8130768339882265
9,0.03,0.2,0.8134727163971303
9,0.03,0.22,0.8030587100907652
9,0.03,0.24,0.7966390245558356
9,0.03,0.26,0.7942136645684484
9,0.03,0.28,0.7947835857303683
9,0.03,0.3,0.7777475052439847
9,0.03,0.32,0.7587452669933129
9,0.03,0.34,0.7468287357989881
9,0.03,0.36,0.7377535495182883
9,0.03,0.38,0.7220092591521461
9,0.03,0.4,0.7091982325870845
9,0.03,0.42,0.6947162552732955
9,0.03,0.44,0.686626066003461
9,0.03,0.46,0.6830281665785956
9,0.03,0.48,0.6756907792929023
9,0.03,0.5,0.6712481839118869
9,0.03,0.52,0.6497791458810406
9,0.03,0.54,0.6493169469198082
9,0.03,0.56,0.6381295347644904
9,0.03,0.58,0.6340402349137422
9,0.04,0.01,0.7363957422015128
9,0.04,0.02,0.7479524413477481
9,0.04,0.06,0.7944328849606244
9,0.04,0.08,0.7993259651898159
9,0.04,0.1,0.8206025903114041
9,0.04,0.12,0.814248793060964
9,0.04,0.14,0.8114115631690739
9,0.04,0.16,0.8164621611436219
9,0.04,0.18,0.811341144380673
9,0.04,0.2,0.8032568232983565
9,0.04,0.22,0.7954731332581044
9,0.04,0.24,0.7939242018740328
9,0.04,0.26,0.7767645528161484
9,0.04,0.28,0.7510565624948456
9,0.04,0.3,0.7311196490203533
9,0.04,0.32,0.7148491003509011
9,0.04,0.34,0.6996356324088872
9,0.04,0.36,0.6883227108623963
9,0.04,0.38,0.6828993600394495
9,0.04,0.4,0.6720250686996021
9,0.04,0.42,0.6628405391031752
9,0.04,0.44,0.642503487265442
9,0.04,0.46,0.6393160886786957
9,0.04,0.48,0.6228106861527475
9,0.04,0.5,0.6157035417846128
9,0.04,0.52,0.6013372885313938
9,0.04,0.54,0.5894717437437187
9,0.04,0.56,0.587320937028185
9,0.04,0.58,0.5654782840438488
9,0.05,0.01,0.7116003293336542
9,0.05,0.02,0.748714690749312
9,0.05,0.06,0.8286199710287553
9,0.05,0.08,0.8358427624935443
9,0.05,0.1,0.8430494787852287
9,0.05,0.12,0.8375537168236061
9,0.05,0.14,0.8400930664674965
9,0.05,0.16,0.8275960034012166
9,0.05,0.18,0.8138661646425389
9,0.05,0.2,0.8042880033206746
9,0.05,0.22,0.7891670061914906
9,0.05,0.24,0.7808299292164819
9,0.05,0.26,0.7457471488705292
9,0.05,0.28,0.7244209499834728
9,0.05,0.3,0.7004751108210086
9,0.05,0.32,0.6887847036542134
9,0.05,0.34,0.6811767874249864
9,0.05,0.36,0.6679137196189046
9,0.05,0.38,0.6483016145043587
9,0.05,0.4,0.6274612842176888
9,0.05,0.42,0.6152872467119817
9,0.05,0.44,0.5991257891719506
9,0.05,0.46,0.5885953057157983
9,0.05,0.48,0.5728734752296164
9,0.05,0.5,0.5616771266839666
9,0.05,0.52,0.5544747487871533
9,0.05,0.54,0.5481552874229945
9,0.05,0.56,0.5374713043456555
9,0.05,0.58,0.5255316023122865
10,0.01,0.1,0.37313088368975117
10,0.01,0.12,0.3890586545225146
10,0.01,0.14,0.40571545167363643
10,0.01,0.16,0.4277644675319083
10,0.01,0.18,0.4473159664650754
10,0.01,0.2,0.46384593143393993
10,0.01,0.22,0.4795779328417233
10,0.01,0.24,0.49787208304633257
10,0.01,0.26,0.5113619527268778
10,0.01,0.28,0.5233571946930359
10,0.01,0.3,0.5337384137690641
10,0.01,0.32,0.5478530038788406
10,0.01,0.34,0.5573837741927193
10,0.01,0.36,0.5715159718010824
10,0.01,0.38,0.5851712822473887
10,0.01,0.4,0.5941647523102863
10,0.01,0.42,0.5986200041104014
10,0.01,0.44,0.6053954602628127
10,0.01,0.46,0.6147588925751728
10,0.01,0.48,0.624034024624681
10,0.01,0.5,0.6302554740493063
10,0.01,0.52,0.6333641207553519
10,0.01,0.54,0.6385668286077044
10,0.01,0.56,0.6435728641290023
10,0.01,0.58,0.647946477346131
10,0.02,0.1,0.6974205009029794
10,0.02,0.12,0.7187643485311617
10,0.02,0.14,0.7339790493169271
10,0.02,0.16,0.7500299996023653
10,0.02,0.18,0.7533102320004013
10,0.02,0.2,0.7715369679737961
10,0.02,0.22,0.7803410109917431
10,0.02,0.24,0.7867283331370206
10,0.02,0.26,0.7882711481096548
10,0.02,0.28,0.7858738606091509
10,0.02,0.3,0.788799428000195
10,0.02,0.32,0.7905516704234036
10,0.02,0.34,0.7906334747500692
10,0.02,0.36,0.7969203936559536
10,0.02,0.38,0.8024637940925177
10,0.02,0.4,0.796105717613675
10,0.02,0.42,0.7942409257014059
10,0.02,0.44,0.7925022953929771
10,0.02,0.46,0.7887480431567816
10,0.02,0.48,0.7893515426746445
10,0.02,0.5,0.7844408913086627
10,0.02,0.52,0.7852623432166501
10,0.02,0.54,0.7753845334442424
10,0.02,0.56,0.7752798549121015
10,0.02,0.58,0.7705653421823679
10,0.03,0.01,0.6933516063933396
10,0.03,0.02,0.7162661456337205
10,0.03,0.06,0.7765934876489352
10,0.03,0.08,0.8043013905087041
10,0.03,0.1,0.8138107309465508
10,0.03,0.12,0.828915299728439
10,0.03,0.14,0.8353242606817245
10,0.03,0.16,0.8348808756397258
10,0.03,0.18,0.8309995381895922
10,0.03,0.2,0.8340433202105676
10,0.03,0.22,0.8289942204250685
10,0.03,0.24,0.8352661942327481
10,0.03,0.26,0.832298375581242
10,0.03,0.28,0.8300876499542601
10,0.03,0.3,0.8280463242535144
10,0.03,0.32,0.8190081845412819
10,0.03,0.34,0.8049106662363547
10,0.03,0.36,0.7986088647526647
10,0.03,0.38,0.7792035647990065
10,0.03,0.4,0.761141817193316
10,0.03,0.42,0.7513688500741503
10,0.03,0.44,0.7398498467199129
10,0.03,0.46,0.7355704179682269
10,0.03,0.48,0.7289888982465011
10,0.03,0.5,0.7233849603220434
10,0.03,0.52,0.7180269924999791
10,0.03,0.54,0.7012292949508022
10,0.03,0.56,0.6963689571932964
10,0.03,0.58,0.6819822044413567
10,0.04,0.01,0.7466621682868683
10,0.04,0.02,0.759449191378824
10,0.04,0.06,0.8005295578809293
10,0.04,0.08,0.8209172795500025
10,0.04,0.1,0.836455196005166
10,0.04,0.12,0.8446366080729852
10,0.04,0.14,0.8418800300134798
10,0.04,0.16,0.8408960440319326
10,0.04,0.18,0.8440832147881441
10,0.04,0.2,0.8389644999305839
10,0.04,0.22,0.8289970700773643
10,0.04,0.24,0.8281418351566684
10,0.04,0.26,0.8221981901848503
10,0.04,0.28,0.8001957577271994
10,0.04,0.3,0.7880641582298354
10,0.04,0.32,0.7728790717412405
10,0.04,0.34,0.759771594780483
10,0.04,0.36,0.7352798167913008
10,0.04,0.38,0.7231113457931949
10,0.04,0.4,0.7165723427059107
10,0.04,0.42,0.708204366841957
10,0.04,0.44,0.6963878559526
10,0.04,0.46,0.679908038256619
10,0.04,0.48,0.6699945994729194
10,0.04,0.5,0.6615596927931445
10,0.04,0.52,0.6545564620036445
10,0.04,0.54,0.6454612672243792
10,0.04,0.56,0.6442079254184853
10,0.04,0.58,0.633141001163337
10,0.05,0.01,0.7144899735507169
10,0.05,0.02,0.7527050587832893
10,0.05,0.06,0.8345683253691275
10,0.05,0.08,0.8405600122014755
10,0.05,0.1,0.8626432512566907
10,0.05,0.12,0.8636219519900388
10,0.05,0.14,0.8590203234363356
10,0.05,0.16,0.8593212597106954
10,0.05,0.18,0.8465777802305237
10,0.05,0.2,0.8400138666888929
10,0.05,0.22,0.8301535488337211
10,0.05,0.24,0.8206454769032029
10,0.05,0.26,0.7943356951146842
10,0.05,0.28,0.7769305982895556
10,0.05,0.3,0.755083567271032
10,0.05,0.32,0.7367098855693037
10,0.05,0.34,0.719580247599111
10,0.05,0.36,0.7140376699324539
10,0.05,0.38,0.7036928292200647
10,0.05,0.4,0.6954283463812255
10,0.05,0.42,0.6785435225589518
10,0.05,0.44,0.6468894453614613
10,0.05,0.46,0.6356331579774155
10,0.05,0.48,0.63126649449456
10,0.05,0.5,0.6170130830769586
10,0.05,0.52,0.6045922698803649
10,0.05,0.54,0.5942528108013642
10,0.05,0.56,0.5801970813496837
10,0.05,0.58,0.5723876215035457
