tool,specie,sequencing_id,mrd,depth,batch,precision,recall,f1score
Confindr,Staphylococcus aureus,ERR8958843,0.01,220,10,0.2264150943396226,0.9,0.3618090452261306
Confindr,Staphylococcus aureus,ERR8958843,0.01,220,1,0.0529801324503311,0.2,0.0837696335078534
Confindr,Staphylococcus aureus,ERR8958843,0.01,220,2,0.1168831168831168,0.45,0.1855670103092783
Confindr,Staphylococcus aureus,ERR8958843,0.01,220,3,0.2048192771084337,0.85,0.3300970873786407
Confindr,Staphylococcus aureus,ERR8958843,0.01,220,4,0.2142857142857142,0.9,0.3461538461538461
Confindr,Staphylococcus aureus,ERR8958843,0.01,220,5,0.216867469879518,0.9,0.3495145631067961
Confindr,Staphylococcus aureus,ERR8958843,0.01,220,6,0.216867469879518,0.9,0.3495145631067961
Confindr,Staphylococcus aureus,ERR8958843,0.01,220,7,0.2208588957055214,0.9,0.3546798029556651
Confindr,Staphylococcus aureus,ERR8958843,0.01,220,8,0.2208588957055214,0.9,0.3546798029556651
Confindr,Staphylococcus aureus,ERR8958843,0.01,220,9,0.225,0.9,0.36
Confindr,Staphylococcus aureus,SRR28370694,0.01,220,10,0.3854166666666667,0.925,0.5441176470588236
Confindr,Staphylococcus aureus,SRR28370694,0.01,220,1,0.25,0.45,0.3214285714285714
Confindr,Staphylococcus aureus,SRR28370694,0.01,220,2,0.3037974683544304,0.6,0.4033613445378151
Confindr,Staphylococcus aureus,SRR28370694,0.01,220,3,0.3478260869565217,0.8,0.4848484848484848
Confindr,Staphylococcus aureus,SRR28370694,0.01,220,4,0.3723404255319149,0.875,0.5223880597014925
Confindr,Staphylococcus aureus,SRR28370694,0.01,220,5,0.3711340206185567,0.9,0.5255474452554746
Confindr,Staphylococcus aureus,SRR28370694,0.01,220,6,0.3789473684210526,0.9,0.5333333333333333
Confindr,Staphylococcus aureus,SRR28370694,0.01,220,7,0.3814432989690721,0.925,0.5401459854014599
Confindr,Staphylococcus aureus,SRR28370694,0.01,220,8,0.3814432989690721,0.925,0.5401459854014599
Confindr,Staphylococcus aureus,SRR28370694,0.01,220,9,0.3814432989690721,0.925,0.5401459854014599
Confindr,Salmonella enterica,SRR27136088,0.01,220,10,0.1782608695652174,0.9111111111111112,0.2981818181818181
Confindr,Salmonella enterica,SRR27136088,0.01,220,1,0.0878048780487804,0.4,0.144
Confindr,Salmonella enterica,SRR27136088,0.01,220,2,0.1583710407239819,0.7777777777777778,0.2631578947368421
Confindr,Salmonella enterica,SRR27136088,0.01,220,3,0.1739130434782608,0.8888888888888888,0.2909090909090909
Confindr,Salmonella enterica,SRR27136088,0.01,220,4,0.1722689075630252,0.9111111111111112,0.2897526501766784
Confindr,Salmonella enterica,SRR27136088,0.01,220,5,0.1715481171548117,0.9111111111111112,0.2887323943661971
Confindr,Salmonella enterica,SRR27136088,0.01,220,6,0.1774891774891775,0.9111111111111112,0.2971014492753623
Confindr,Salmonella enterica,SRR27136088,0.01,220,7,0.1814159292035398,0.9111111111111112,0.3025830258302582
Confindr,Salmonella enterica,SRR27136088,0.01,220,8,0.1806167400881057,0.9111111111111112,0.3014705882352941
Confindr,Salmonella enterica,SRR27136088,0.01,220,9,0.1782608695652174,0.9111111111111112,0.2981818181818181
Confindr,Salmonella enterica,SRR27755678,0.01,220,10,0.2611464968152866,0.9111111111111112,0.4059405940594059
Confindr,Salmonella enterica,SRR27755678,0.01,220,1,0.284313725490196,0.6444444444444445,0.3945578231292517
Confindr,Salmonella enterica,SRR27755678,0.01,220,2,0.3189655172413793,0.8222222222222222,0.4596273291925467
Confindr,Salmonella enterica,SRR27755678,0.01,220,3,0.3174603174603174,0.8888888888888888,0.4678362573099415
Confindr,Salmonella enterica,SRR27755678,0.01,220,4,0.3157894736842105,0.9333333333333332,0.4719101123595505
Confindr,Salmonella enterica,SRR27755678,0.01,220,5,0.2957746478873239,0.9333333333333332,0.4491978609625668
Confindr,Salmonella enterica,SRR27755678,0.01,220,6,0.2857142857142857,0.9333333333333332,0.4374999999999999
Confindr,Salmonella enterica,SRR27755678,0.01,220,7,0.28,0.9333333333333332,0.4307692307692308
Confindr,Salmonella enterica,SRR27755678,0.01,220,8,0.2727272727272727,0.9333333333333332,0.422110552763819
Confindr,Salmonella enterica,SRR27755678,0.01,220,9,0.2628205128205128,0.9111111111111112,0.4079601990049751
Confindr,Salmonella enterica,SRR28399428,0.01,220,10,0.1583011583011583,0.9111111111111112,0.2697368421052631
Confindr,Salmonella enterica,SRR28399428,0.01,220,1,0.0779816513761468,0.3777777777777777,0.1292775665399239
Confindr,Salmonella enterica,SRR28399428,0.01,220,2,0.141025641025641,0.7333333333333333,0.2365591397849462
Confindr,Salmonella enterica,SRR28399428,0.01,220,3,0.1604938271604938,0.8666666666666667,0.2708333333333333
Confindr,Salmonella enterica,SRR28399428,0.01,220,4,0.1659919028340081,0.9111111111111112,0.2808219178082192
Confindr,Salmonella enterica,SRR28399428,0.01,220,5,0.164,0.9111111111111112,0.2779661016949152
Confindr,Salmonella enterica,SRR28399428,0.01,220,6,0.16015625,0.9111111111111112,0.2724252491694352
Confindr,Salmonella enterica,SRR28399428,0.01,220,7,0.1576923076923077,0.9111111111111112,0.2688524590163934
Confindr,Salmonella enterica,SRR28399428,0.01,220,8,0.1564885496183206,0.9111111111111112,0.267100977198697
Confindr,Salmonella enterica,SRR28399428,0.01,220,9,0.159533073929961,0.9111111111111112,0.271523178807947
Confindr,Escherichia coli,ERR12533301,0.01,220,10,0.1809523809523809,0.926829268292683,0.302788844621514
Confindr,Escherichia coli,ERR12533301,0.01,220,1,0.1050228310502283,0.5609756097560976,0.1769230769230769
Confindr,Escherichia coli,ERR12533301,0.01,220,2,0.1594827586206896,0.902439024390244,0.2710622710622711
Confindr,Escherichia coli,ERR12533301,0.01,220,3,0.1594827586206896,0.902439024390244,0.2710622710622711
Confindr,Escherichia coli,ERR12533301,0.01,220,4,0.1652173913043478,0.926829268292683,0.2804428044280442
Confindr,Escherichia coli,ERR12533301,0.01,220,5,0.168141592920354,0.926829268292683,0.2846441947565543
Confindr,Escherichia coli,ERR12533301,0.01,220,6,0.1704035874439461,0.926829268292683,0.2878787878787878
Confindr,Escherichia coli,ERR12533301,0.01,220,7,0.171945701357466,0.926829268292683,0.2900763358778626
Confindr,Escherichia coli,ERR12533301,0.01,220,8,0.1727272727272727,0.926829268292683,0.2911877394636015
Confindr,Escherichia coli,ERR12533301,0.01,220,9,0.1784037558685446,0.926829268292683,0.2992125984251968
Confindr,Escherichia coli,SRR25689478,0.01,220,10,0.2452830188679245,0.951219512195122,0.39
Confindr,Escherichia coli,SRR25689478,0.01,220,1,0.0446428571428571,0.1219512195121951,0.065359477124183
Confindr,Escherichia coli,SRR25689478,0.01,220,2,0.1484375,0.4634146341463415,0.2248520710059171
Confindr,Escherichia coli,SRR25689478,0.01,220,3,0.2137931034482758,0.7560975609756098,0.3333333333333333
Confindr,Escherichia coli,SRR25689478,0.01,220,4,0.2413793103448276,0.8536585365853658,0.3763440860215054
Confindr,Escherichia coli,SRR25689478,0.01,220,5,0.2466666666666666,0.902439024390244,0.387434554973822
Confindr,Escherichia coli,SRR25689478,0.01,220,6,0.2466666666666666,0.902439024390244,0.387434554973822
Confindr,Escherichia coli,SRR25689478,0.01,220,7,0.2450331125827814,0.902439024390244,0.3854166666666667
Confindr,Escherichia coli,SRR25689478,0.01,220,8,0.2402597402597402,0.902439024390244,0.3794871794871794
Confindr,Escherichia coli,SRR25689478,0.01,220,9,0.2422360248447205,0.951219512195122,0.3861386138613861
Confindr,Escherichia coli,SRR26036455,0.01,220,10,0.2708333333333333,0.951219512195122,0.4216216216216216
Confindr,Escherichia coli,SRR26036455,0.01,220,1,0.0612244897959183,0.1463414634146341,0.0863309352517985
Confindr,Escherichia coli,SRR26036455,0.01,220,2,0.1779661016949152,0.5121951219512195,0.2641509433962264
Confindr,Escherichia coli,SRR26036455,0.01,220,3,0.25,0.8048780487804879,0.3815028901734104
Confindr,Escherichia coli,SRR26036455,0.01,220,4,0.2608695652173913,0.8780487804878049,0.4022346368715084
Confindr,Escherichia coli,SRR26036455,0.01,220,5,0.2661870503597122,0.902439024390244,0.4111111111111111
Confindr,Escherichia coli,SRR26036455,0.01,220,6,0.2550335570469799,0.926829268292683,0.4
Confindr,Escherichia coli,SRR26036455,0.01,220,7,0.2516556291390728,0.926829268292683,0.3958333333333333
Confindr,Escherichia coli,SRR26036455,0.01,220,8,0.2567567567567567,0.926829268292683,0.4021164021164021
Confindr,Escherichia coli,SRR26036455,0.01,220,9,0.26,0.951219512195122,0.4083769633507853
Confindr,Staphylococcus aureus,ERR8958843,0.02,220,10,0.4235294117647059,0.9,0.576
Confindr,Staphylococcus aureus,ERR8958843,0.02,220,1,0.032258064516129,0.05,0.0392156862745098
Confindr,Staphylococcus aureus,ERR8958843,0.02,220,2,0.1690140845070422,0.3,0.2162162162162162
Confindr,Staphylococcus aureus,ERR8958843,0.02,220,3,0.3095238095238095,0.65,0.4193548387096774
Confindr,Staphylococcus aureus,ERR8958843,0.02,220,4,0.3829787234042553,0.9,0.5373134328358209
Confindr,Staphylococcus aureus,ERR8958843,0.02,220,5,0.3870967741935484,0.9,0.5413533834586466
Confindr,Staphylococcus aureus,ERR8958843,0.02,220,6,0.3870967741935484,0.9,0.5413533834586466
Confindr,Staphylococcus aureus,ERR8958843,0.02,220,7,0.4,0.9,0.5538461538461539
Confindr,Staphylococcus aureus,ERR8958843,0.02,220,8,0.4044943820224719,0.9,0.5581395348837209
Confindr,Staphylococcus aureus,ERR8958843,0.02,220,9,0.4137931034482758,0.9,0.5669291338582677
Confindr,Staphylococcus aureus,SRR28370694,0.02,220,10,0.578125,0.925,0.7115384615384616
Confindr,Staphylococcus aureus,SRR28370694,0.02,220,1,0.4166666666666667,0.375,0.3947368421052631
Confindr,Staphylococcus aureus,SRR28370694,0.02,220,2,0.4615384615384615,0.45,0.4556962025316455
Confindr,Staphylococcus aureus,SRR28370694,0.02,220,3,0.5510204081632653,0.675,0.6067415730337078
Confindr,Staphylococcus aureus,SRR28370694,0.02,220,4,0.6346153846153846,0.825,0.717391304347826
Confindr,Staphylococcus aureus,SRR28370694,0.02,220,5,0.6140350877192983,0.875,0.7216494845360825
Confindr,Staphylococcus aureus,SRR28370694,0.02,220,6,0.631578947368421,0.9,0.7422680412371133
Confindr,Staphylococcus aureus,SRR28370694,0.02,220,7,0.6271186440677966,0.925,0.7474747474747475
Confindr,Staphylococcus aureus,SRR28370694,0.02,220,8,0.6166666666666667,0.925,0.74
Confindr,Staphylococcus aureus,SRR28370694,0.02,220,9,0.6166666666666667,0.925,0.74
Confindr,Salmonella enterica,SRR27136088,0.02,220,10,0.2949640287769784,0.9111111111111112,0.4456521739130434
Confindr,Salmonella enterica,SRR27136088,0.02,220,1,0.0964912280701754,0.2444444444444444,0.1383647798742138
Confindr,Salmonella enterica,SRR27136088,0.02,220,2,0.2137404580152671,0.6222222222222222,0.3181818181818182
Confindr,Salmonella enterica,SRR27136088,0.02,220,3,0.2676056338028169,0.8444444444444444,0.4064171122994652
Confindr,Salmonella enterica,SRR27136088,0.02,220,4,0.2867132867132867,0.9111111111111112,0.4361702127659574
Confindr,Salmonella enterica,SRR27136088,0.02,220,5,0.2867132867132867,0.9111111111111112,0.4361702127659574
Confindr,Salmonella enterica,SRR27136088,0.02,220,6,0.2827586206896552,0.9111111111111112,0.431578947368421
Confindr,Salmonella enterica,SRR27136088,0.02,220,7,0.2928571428571428,0.9111111111111112,0.4432432432432433
Confindr,Salmonella enterica,SRR27136088,0.02,220,8,0.2971014492753623,0.9111111111111112,0.448087431693989
Confindr,Salmonella enterica,SRR27136088,0.02,220,9,0.3037037037037037,0.9111111111111112,0.4555555555555555
Confindr,Salmonella enterica,SRR27755678,0.02,220,10,0.3727272727272727,0.9111111111111112,0.5290322580645161
Confindr,Salmonella enterica,SRR27755678,0.02,220,1,0.2783505154639175,0.6,0.380281690140845
Confindr,Salmonella enterica,SRR27755678,0.02,220,2,0.3495145631067961,0.8,0.4864864864864864
Confindr,Salmonella enterica,SRR27755678,0.02,220,3,0.3773584905660377,0.8888888888888888,0.5298013245033113
Confindr,Salmonella enterica,SRR27755678,0.02,220,4,0.3831775700934579,0.9111111111111112,0.5394736842105263
Confindr,Salmonella enterica,SRR27755678,0.02,220,5,0.3962264150943396,0.9333333333333332,0.5562913907284769
Confindr,Salmonella enterica,SRR27755678,0.02,220,6,0.3853211009174312,0.9333333333333332,0.5454545454545454
Confindr,Salmonella enterica,SRR27755678,0.02,220,7,0.3783783783783784,0.9333333333333332,0.5384615384615385
Confindr,Salmonella enterica,SRR27755678,0.02,220,8,0.3716814159292035,0.9333333333333332,0.5316455696202532
Confindr,Salmonella enterica,SRR27755678,0.02,220,9,0.3693693693693693,0.9111111111111112,0.5256410256410255
Confindr,Salmonella enterica,SRR28399428,0.02,220,10,0.2808219178082192,0.9111111111111112,0.4293193717277487
Confindr,Salmonella enterica,SRR28399428,0.02,220,1,0.073170731707317,0.2,0.1071428571428571
Confindr,Salmonella enterica,SRR28399428,0.02,220,2,0.1678832116788321,0.5111111111111111,0.2527472527472527
Confindr,Salmonella enterica,SRR28399428,0.02,220,3,0.2418300653594771,0.8222222222222222,0.3737373737373737
Confindr,Salmonella enterica,SRR28399428,0.02,220,4,0.2547770700636942,0.8888888888888888,0.396039603960396
Confindr,Salmonella enterica,SRR28399428,0.02,220,5,0.2594936708860759,0.9111111111111112,0.4039408866995074
Confindr,Salmonella enterica,SRR28399428,0.02,220,6,0.2594936708860759,0.9111111111111112,0.4039408866995074
Confindr,Salmonella enterica,SRR28399428,0.02,220,7,0.2662337662337662,0.9111111111111112,0.4120603015075376
Confindr,Salmonella enterica,SRR28399428,0.02,220,8,0.2751677852348993,0.9111111111111112,0.4226804123711339
Confindr,Salmonella enterica,SRR28399428,0.02,220,9,0.2808219178082192,0.9111111111111112,0.4293193717277487
Confindr,Escherichia coli,ERR12533301,0.02,220,10,0.2773722627737226,0.926829268292683,0.4269662921348315
Confindr,Escherichia coli,ERR12533301,0.02,220,1,0.1156462585034013,0.4146341463414634,0.1808510638297872
Confindr,Escherichia coli,ERR12533301,0.02,220,2,0.2215568862275449,0.902439024390244,0.3557692307692308
Confindr,Escherichia coli,ERR12533301,0.02,220,3,0.2356687898089172,0.902439024390244,0.3737373737373737
Confindr,Escherichia coli,ERR12533301,0.02,220,4,0.2375,0.926829268292683,0.3781094527363184
Confindr,Escherichia coli,ERR12533301,0.02,220,5,0.2389937106918239,0.926829268292683,0.38
Confindr,Escherichia coli,ERR12533301,0.02,220,6,0.2375,0.926829268292683,0.3781094527363184
Confindr,Escherichia coli,ERR12533301,0.02,220,7,0.2533333333333333,0.926829268292683,0.3979057591623037
Confindr,Escherichia coli,ERR12533301,0.02,220,8,0.2602739726027397,0.926829268292683,0.4064171122994652
Confindr,Escherichia coli,ERR12533301,0.02,220,9,0.2714285714285714,0.926829268292683,0.4198895027624309
Confindr,Escherichia coli,SRR25689478,0.02,220,10,0.3457943925233644,0.902439024390244,0.5
Confindr,Escherichia coli,SRR25689478,0.02,220,1,0.027027027027027,0.048780487804878,0.0347826086956521
Confindr,Escherichia coli,SRR25689478,0.02,220,2,0.1195652173913043,0.2682926829268293,0.1654135338345864
Confindr,Escherichia coli,SRR25689478,0.02,220,3,0.2432432432432432,0.6585365853658537,0.3552631578947368
Confindr,Escherichia coli,SRR25689478,0.02,220,4,0.2782608695652174,0.7804878048780488,0.4102564102564103
Confindr,Escherichia coli,SRR25689478,0.02,220,5,0.3,0.8780487804878049,0.4472049689440994
Confindr,Escherichia coli,SRR25689478,0.02,220,6,0.3189655172413793,0.902439024390244,0.4713375796178344
Confindr,Escherichia coli,SRR25689478,0.02,220,7,0.3457943925233644,0.902439024390244,0.5
Confindr,Escherichia coli,SRR25689478,0.02,220,8,0.3303571428571428,0.902439024390244,0.4836601307189542
Confindr,Escherichia coli,SRR25689478,0.02,220,9,0.3274336283185841,0.902439024390244,0.4805194805194805
Confindr,Escherichia coli,SRR26036455,0.02,220,10,0.3725490196078431,0.926829268292683,0.5314685314685316
Confindr,Escherichia coli,SRR26036455,0.02,220,1,0.0172413793103448,0.024390243902439,0.0202020202020202
Confindr,Escherichia coli,SRR26036455,0.02,220,2,0.1363636363636363,0.2195121951219512,0.1682242990654205
Confindr,Escherichia coli,SRR26036455,0.02,220,3,0.3209876543209876,0.6341463414634146,0.4262295081967213
Confindr,Escherichia coli,SRR26036455,0.02,220,4,0.3571428571428571,0.7317073170731707,0.48
Confindr,Escherichia coli,SRR26036455,0.02,220,5,0.391304347826087,0.8780487804878049,0.5413533834586466
Confindr,Escherichia coli,SRR26036455,0.02,220,6,0.3894736842105263,0.902439024390244,0.5441176470588235
Confindr,Escherichia coli,SRR26036455,0.02,220,7,0.3775510204081632,0.902439024390244,0.5323741007194245
Confindr,Escherichia coli,SRR26036455,0.02,220,8,0.3737373737373737,0.902439024390244,0.5285714285714286
Confindr,Escherichia coli,SRR26036455,0.02,220,9,0.38,0.926829268292683,0.5390070921985816
Confindr,Staphylococcus aureus,ERR8958843,0.03,220,10,0.6428571428571429,0.9,0.75
Confindr,Staphylococcus aureus,ERR8958843,0.03,220,1,0.0454545454545454,0.025,0.032258064516129
Confindr,Staphylococcus aureus,ERR8958843,0.03,220,2,0.0454545454545454,0.025,0.032258064516129
Confindr,Staphylococcus aureus,ERR8958843,0.03,220,3,0.2222222222222222,0.15,0.1791044776119403
Confindr,Staphylococcus aureus,ERR8958843,0.03,220,4,0.574468085106383,0.675,0.6206896551724138
Confindr,Staphylococcus aureus,ERR8958843,0.03,220,5,0.6296296296296297,0.85,0.723404255319149
Confindr,Staphylococcus aureus,ERR8958843,0.03,220,6,0.625,0.875,0.7291666666666666
Confindr,Staphylococcus aureus,ERR8958843,0.03,220,7,0.631578947368421,0.9,0.7422680412371133
Confindr,Staphylococcus aureus,ERR8958843,0.03,220,8,0.631578947368421,0.9,0.7422680412371133
Confindr,Staphylococcus aureus,ERR8958843,0.03,220,9,0.631578947368421,0.9,0.7422680412371133
Confindr,Staphylococcus aureus,SRR28370694,0.03,220,10,0.8604651162790697,0.925,0.891566265060241
Confindr,Staphylococcus aureus,SRR28370694,0.03,220,1,0.8571428571428571,0.15,0.2553191489361702
Confindr,Staphylococcus aureus,SRR28370694,0.03,220,2,0.9166666666666666,0.275,0.4230769230769231
Confindr,Staphylococcus aureus,SRR28370694,0.03,220,3,0.9230769230769232,0.6,0.7272727272727274
Confindr,Staphylococcus aureus,SRR28370694,0.03,220,4,0.935483870967742,0.725,0.8169014084507041
Confindr,Staphylococcus aureus,SRR28370694,0.03,220,5,0.9166666666666666,0.825,0.8684210526315789
Confindr,Staphylococcus aureus,SRR28370694,0.03,220,6,0.8947368421052632,0.85,0.8717948717948718
Confindr,Staphylococcus aureus,SRR28370694,0.03,220,7,0.8780487804878049,0.9,0.888888888888889
Confindr,Staphylococcus aureus,SRR28370694,0.03,220,8,0.8571428571428571,0.9,0.8780487804878048
Confindr,Staphylococcus aureus,SRR28370694,0.03,220,9,0.8571428571428571,0.9,0.8780487804878048
Confindr,Salmonella enterica,SRR27136088,0.03,220,10,0.431578947368421,0.9111111111111112,0.5857142857142857
Confindr,Salmonella enterica,SRR27136088,0.03,220,1,0.0806451612903225,0.1111111111111111,0.0934579439252336
Confindr,Salmonella enterica,SRR27136088,0.03,220,2,0.1940298507462686,0.2888888888888888,0.2321428571428571
Confindr,Salmonella enterica,SRR27136088,0.03,220,3,0.345679012345679,0.6222222222222222,0.4444444444444444
Confindr,Salmonella enterica,SRR27136088,0.03,220,4,0.4235294117647059,0.8,0.5538461538461539
Confindr,Salmonella enterica,SRR27136088,0.03,220,5,0.4239130434782608,0.8666666666666667,0.5693430656934306
Confindr,Salmonella enterica,SRR27136088,0.03,220,6,0.4210526315789473,0.8888888888888888,0.5714285714285714
Confindr,Salmonella enterica,SRR27136088,0.03,220,7,0.4408602150537634,0.9111111111111112,0.5942028985507247
Confindr,Salmonella enterica,SRR27136088,0.03,220,8,0.422680412371134,0.9111111111111112,0.5774647887323944
Confindr,Salmonella enterica,SRR27136088,0.03,220,9,0.422680412371134,0.9111111111111112,0.5774647887323944
Confindr,Salmonella enterica,SRR27755678,0.03,220,10,0.6307692307692307,0.9111111111111112,0.7454545454545455
Confindr,Salmonella enterica,SRR27755678,0.03,220,1,0.3703703703703703,0.2222222222222222,0.2777777777777777
Confindr,Salmonella enterica,SRR27755678,0.03,220,2,0.6326530612244898,0.6888888888888889,0.6595744680851063
Confindr,Salmonella enterica,SRR27755678,0.03,220,3,0.6666666666666666,0.8,0.7272727272727272
Confindr,Salmonella enterica,SRR27755678,0.03,220,4,0.6610169491525424,0.8666666666666667,0.7500000000000001
Confindr,Salmonella enterica,SRR27755678,0.03,220,5,0.6774193548387096,0.9333333333333332,0.7850467289719625
Confindr,Salmonella enterica,SRR27755678,0.03,220,6,0.6666666666666666,0.9333333333333332,0.7777777777777778
Confindr,Salmonella enterica,SRR27755678,0.03,220,7,0.65625,0.9333333333333332,0.7706422018348624
Confindr,Salmonella enterica,SRR27755678,0.03,220,8,0.6666666666666666,0.9333333333333332,0.7777777777777778
Confindr,Salmonella enterica,SRR27755678,0.03,220,9,0.6212121212121212,0.9111111111111112,0.7387387387387386
Confindr,Salmonella enterica,SRR28399428,0.03,220,10,0.4361702127659574,0.9111111111111112,0.5899280575539569
Confindr,Salmonella enterica,SRR28399428,0.03,220,1,0.032258064516129,0.0444444444444444,0.0373831775700934
Confindr,Salmonella enterica,SRR28399428,0.03,220,2,0.1666666666666666,0.2666666666666666,0.2051282051282051
Confindr,Salmonella enterica,SRR28399428,0.03,220,3,0.2823529411764706,0.5333333333333333,0.3692307692307692
Confindr,Salmonella enterica,SRR28399428,0.03,220,4,0.351063829787234,0.7333333333333333,0.4748201438848921
Confindr,Salmonella enterica,SRR28399428,0.03,220,5,0.4130434782608695,0.8444444444444444,0.5547445255474454
Confindr,Salmonella enterica,SRR28399428,0.03,220,6,0.4020618556701031,0.8666666666666667,0.5492957746478874
Confindr,Salmonella enterica,SRR28399428,0.03,220,7,0.4210526315789473,0.8888888888888888,0.5714285714285714
Confindr,Salmonella enterica,SRR28399428,0.03,220,8,0.4123711340206185,0.8888888888888888,0.5633802816901409
Confindr,Salmonella enterica,SRR28399428,0.03,220,9,0.431578947368421,0.9111111111111112,0.5857142857142857
Confindr,Escherichia coli,ERR12533301,0.03,220,10,0.4578313253012048,0.926829268292683,0.6129032258064516
Confindr,Escherichia coli,ERR12533301,0.03,220,1,0.1159420289855072,0.1951219512195122,0.1454545454545454
Confindr,Escherichia coli,ERR12533301,0.03,220,2,0.367816091954023,0.7804878048780488,0.5
Confindr,Escherichia coli,ERR12533301,0.03,220,3,0.4065934065934066,0.902439024390244,0.5606060606060607
Confindr,Escherichia coli,ERR12533301,0.03,220,4,0.4021739130434782,0.902439024390244,0.556390977443609
Confindr,Escherichia coli,ERR12533301,0.03,220,5,0.4130434782608695,0.926829268292683,0.5714285714285715
Confindr,Escherichia coli,ERR12533301,0.03,220,6,0.4418604651162791,0.926829268292683,0.5984251968503937
Confindr,Escherichia coli,ERR12533301,0.03,220,7,0.4418604651162791,0.926829268292683,0.5984251968503937
Confindr,Escherichia coli,ERR12533301,0.03,220,8,0.4318181818181818,0.926829268292683,0.5891472868217055
Confindr,Escherichia coli,ERR12533301,0.03,220,9,0.4470588235294118,0.926829268292683,0.6031746031746031
Confindr,Escherichia coli,SRR25689478,0.03,220,10,0.5138888888888888,0.902439024390244,0.6548672566371682
Confindr,Escherichia coli,SRR25689478,0.03,220,1,0.0,0.0,0.0
Confindr,Escherichia coli,SRR25689478,0.03,220,2,0.0,0.0,0.0
Confindr,Escherichia coli,SRR25689478,0.03,220,3,0.2888888888888888,0.3170731707317073,0.3023255813953488
Confindr,Escherichia coli,SRR25689478,0.03,220,4,0.4259259259259259,0.5609756097560976,0.4842105263157895
Confindr,Escherichia coli,SRR25689478,0.03,220,5,0.4590163934426229,0.6829268292682927,0.5490196078431373
Confindr,Escherichia coli,SRR25689478,0.03,220,6,0.4927536231884058,0.8292682926829268,0.6181818181818182
Confindr,Escherichia coli,SRR25689478,0.03,220,7,0.5,0.8292682926829268,0.6238532110091743
Confindr,Escherichia coli,SRR25689478,0.03,220,8,0.5070422535211268,0.8780487804878049,0.6428571428571428
Confindr,Escherichia coli,SRR25689478,0.03,220,9,0.4931506849315068,0.8780487804878049,0.631578947368421
Confindr,Escherichia coli,SRR26036455,0.03,220,10,0.5606060606060606,0.902439024390244,0.6915887850467289
Confindr,Escherichia coli,SRR26036455,0.03,220,1,0.0,0.0,0.0
Confindr,Escherichia coli,SRR26036455,0.03,220,2,0.0416666666666666,0.024390243902439,0.0307692307692307
Confindr,Escherichia coli,SRR26036455,0.03,220,3,0.3243243243243243,0.2926829268292683,0.3076923076923076
Confindr,Escherichia coli,SRR26036455,0.03,220,4,0.4285714285714285,0.4390243902439024,0.4337349397590361
Confindr,Escherichia coli,SRR26036455,0.03,220,5,0.56,0.6829268292682927,0.6153846153846154
Confindr,Escherichia coli,SRR26036455,0.03,220,6,0.5714285714285714,0.7804878048780488,0.6597938144329897
Confindr,Escherichia coli,SRR26036455,0.03,220,7,0.5614035087719298,0.7804878048780488,0.653061224489796
Confindr,Escherichia coli,SRR26036455,0.03,220,8,0.5901639344262295,0.8780487804878049,0.7058823529411764
Confindr,Escherichia coli,SRR26036455,0.03,220,9,0.6166666666666667,0.902439024390244,0.7326732673267328
Confindr,Staphylococcus aureus,ERR8958843,0.04,220,10,0.6666666666666666,0.9,0.7659574468085106
Confindr,Staphylococcus aureus,ERR8958843,0.04,220,1,0.0,0.0,0.0
Confindr,Staphylococcus aureus,ERR8958843,0.04,220,2,0.0,0.0,0.0
Confindr,Staphylococcus aureus,ERR8958843,0.04,220,3,0.1666666666666666,0.075,0.1034482758620689
Confindr,Staphylococcus aureus,ERR8958843,0.04,220,4,0.2727272727272727,0.15,0.1935483870967741
Confindr,Staphylococcus aureus,ERR8958843,0.04,220,5,0.5555555555555556,0.5,0.5263157894736842
Confindr,Staphylococcus aureus,ERR8958843,0.04,220,6,0.6470588235294118,0.825,0.7252747252747253
Confindr,Staphylococcus aureus,ERR8958843,0.04,220,7,0.6470588235294118,0.825,0.7252747252747253
Confindr,Staphylococcus aureus,ERR8958843,0.04,220,8,0.6538461538461539,0.85,0.7391304347826088
Confindr,Staphylococcus aureus,ERR8958843,0.04,220,9,0.660377358490566,0.875,0.7526881720430108
Confindr,Staphylococcus aureus,SRR28370694,0.04,220,10,0.9230769230769232,0.9,0.9113924050632912
Confindr,Staphylococcus aureus,SRR28370694,0.04,220,1,1.0,0.05,0.0952380952380952
Confindr,Staphylococcus aureus,SRR28370694,0.04,220,2,1.0,0.125,0.2222222222222222
Confindr,Staphylococcus aureus,SRR28370694,0.04,220,3,0.9444444444444444,0.425,0.5862068965517241
Confindr,Staphylococcus aureus,SRR28370694,0.04,220,4,0.9629629629629628,0.65,0.7761194029850746
Confindr,Staphylococcus aureus,SRR28370694,0.04,220,5,0.935483870967742,0.725,0.8169014084507041
Confindr,Staphylococcus aureus,SRR28370694,0.04,220,6,0.9375,0.75,0.8333333333333334
Confindr,Staphylococcus aureus,SRR28370694,0.04,220,7,0.9230769230769232,0.9,0.9113924050632912
Confindr,Staphylococcus aureus,SRR28370694,0.04,220,8,0.9230769230769232,0.9,0.9113924050632912
Confindr,Staphylococcus aureus,SRR28370694,0.04,220,9,0.9230769230769232,0.9,0.9113924050632912
Confindr,Salmonella enterica,SRR27136088,0.04,220,10,0.5466666666666666,0.9111111111111112,0.6833333333333332
Confindr,Salmonella enterica,SRR27136088,0.04,220,1,0.0277777777777777,0.0222222222222222,0.0246913580246913
Confindr,Salmonella enterica,SRR27136088,0.04,220,2,0.1632653061224489,0.1777777777777777,0.1702127659574468
Confindr,Salmonella enterica,SRR27136088,0.04,220,3,0.2962962962962963,0.3555555555555555,0.3232323232323232
Confindr,Salmonella enterica,SRR27136088,0.04,220,4,0.3833333333333333,0.5111111111111111,0.4380952380952381
Confindr,Salmonella enterica,SRR27136088,0.04,220,5,0.4927536231884058,0.7555555555555555,0.5964912280701755
Confindr,Salmonella enterica,SRR27136088,0.04,220,6,0.5070422535211268,0.8,0.6206896551724138
Confindr,Salmonella enterica,SRR27136088,0.04,220,7,0.5277777777777778,0.8444444444444444,0.6495726495726496
Confindr,Salmonella enterica,SRR27136088,0.04,220,8,0.5466666666666666,0.9111111111111112,0.6833333333333332
Confindr,Salmonella enterica,SRR27136088,0.04,220,9,0.5540540540540541,0.9111111111111112,0.6890756302521008
Confindr,Salmonella enterica,SRR27755678,0.04,220,10,0.7884615384615384,0.9111111111111112,0.845360824742268
Confindr,Salmonella enterica,SRR27755678,0.04,220,1,0.3,0.0666666666666666,0.1090909090909091
Confindr,Salmonella enterica,SRR27755678,0.04,220,2,0.7666666666666667,0.5111111111111111,0.6133333333333334
Confindr,Salmonella enterica,SRR27755678,0.04,220,3,0.8333333333333334,0.6666666666666666,0.7407407407407408
Confindr,Salmonella enterica,SRR27755678,0.04,220,4,0.85,0.7555555555555555,0.7999999999999998
Confindr,Salmonella enterica,SRR27755678,0.04,220,5,0.8367346938775511,0.9111111111111112,0.8723404255319148
Confindr,Salmonella enterica,SRR27755678,0.04,220,6,0.82,0.9111111111111112,0.8631578947368421
Confindr,Salmonella enterica,SRR27755678,0.04,220,7,0.82,0.9111111111111112,0.8631578947368421
Confindr,Salmonella enterica,SRR27755678,0.04,220,8,0.82,0.9111111111111112,0.8631578947368421
Confindr,Salmonella enterica,SRR27755678,0.04,220,9,0.7884615384615384,0.9111111111111112,0.845360824742268
Confindr,Salmonella enterica,SRR28399428,0.04,220,10,0.5394736842105263,0.9111111111111112,0.6776859504132231
Confindr,Salmonella enterica,SRR28399428,0.04,220,1,0.0,0.0,0.0
Confindr,Salmonella enterica,SRR28399428,0.04,220,2,0.081081081081081,0.0666666666666666,0.073170731707317
Confindr,Salmonella enterica,SRR28399428,0.04,220,3,0.3333333333333333,0.3777777777777777,0.3541666666666667
Confindr,Salmonella enterica,SRR28399428,0.04,220,4,0.4166666666666667,0.5555555555555556,0.4761904761904762
Confindr,Salmonella enterica,SRR28399428,0.04,220,5,0.4571428571428571,0.7111111111111111,0.5565217391304348
Confindr,Salmonella enterica,SRR28399428,0.04,220,6,0.5211267605633803,0.8222222222222222,0.6379310344827586
Confindr,Salmonella enterica,SRR28399428,0.04,220,7,0.5416666666666666,0.8666666666666667,0.6666666666666667
Confindr,Salmonella enterica,SRR28399428,0.04,220,8,0.5555555555555556,0.8888888888888888,0.6837606837606838
Confindr,Salmonella enterica,SRR28399428,0.04,220,9,0.5394736842105263,0.9111111111111112,0.6776859504132231
Confindr,Escherichia coli,ERR12533301,0.04,220,10,0.5352112676056338,0.926829268292683,0.6785714285714285
Confindr,Escherichia coli,ERR12533301,0.04,220,1,0.0857142857142857,0.073170731707317,0.0789473684210526
Confindr,Escherichia coli,ERR12533301,0.04,220,2,0.4561403508771929,0.6341463414634146,0.5306122448979592
Confindr,Escherichia coli,ERR12533301,0.04,220,3,0.5230769230769231,0.8292682926829268,0.6415094339622641
Confindr,Escherichia coli,ERR12533301,0.04,220,4,0.5294117647058824,0.8780487804878049,0.6605504587155964
Confindr,Escherichia coli,ERR12533301,0.04,220,5,0.5285714285714286,0.902439024390244,0.6666666666666666
Confindr,Escherichia coli,ERR12533301,0.04,220,6,0.5362318840579711,0.902439024390244,0.6727272727272728
Confindr,Escherichia coli,ERR12533301,0.04,220,7,0.5362318840579711,0.902439024390244,0.6727272727272728
Confindr,Escherichia coli,ERR12533301,0.04,220,8,0.5352112676056338,0.926829268292683,0.6785714285714285
Confindr,Escherichia coli,ERR12533301,0.04,220,9,0.5352112676056338,0.926829268292683,0.6785714285714285
Confindr,Escherichia coli,SRR25689478,0.04,220,10,0.6851851851851852,0.902439024390244,0.7789473684210526
Confindr,Escherichia coli,SRR25689478,0.04,220,1,0.0,0.0,0.0
Confindr,Escherichia coli,SRR25689478,0.04,220,2,0.0,0.0,0.0
Confindr,Escherichia coli,SRR25689478,0.04,220,3,0.2608695652173913,0.1463414634146341,0.1875
Confindr,Escherichia coli,SRR25689478,0.04,220,4,0.4,0.2926829268292683,0.3380281690140845
Confindr,Escherichia coli,SRR25689478,0.04,220,5,0.5609756097560976,0.5609756097560976,0.5609756097560976
Confindr,Escherichia coli,SRR25689478,0.04,220,6,0.6363636363636364,0.6829268292682927,0.6588235294117647
Confindr,Escherichia coli,SRR25689478,0.04,220,7,0.6363636363636364,0.6829268292682927,0.6588235294117647
Confindr,Escherichia coli,SRR25689478,0.04,220,8,0.6956521739130435,0.7804878048780488,0.7356321839080461
Confindr,Escherichia coli,SRR25689478,0.04,220,9,0.7,0.8536585365853658,0.7692307692307692
Confindr,Escherichia coli,SRR26036455,0.04,220,10,0.7551020408163265,0.902439024390244,0.8222222222222222
Confindr,Escherichia coli,SRR26036455,0.04,220,1,0.0,0.0,0.0
Confindr,Escherichia coli,SRR26036455,0.04,220,2,0.0,0.0,0.0
Confindr,Escherichia coli,SRR26036455,0.04,220,3,0.3,0.1463414634146341,0.1967213114754098
Confindr,Escherichia coli,SRR26036455,0.04,220,4,0.4615384615384615,0.2926829268292683,0.3582089552238806
Confindr,Escherichia coli,SRR26036455,0.04,220,5,0.6,0.5121951219512195,0.5526315789473684
Confindr,Escherichia coli,SRR26036455,0.04,220,6,0.65,0.6341463414634146,0.6419753086419754
Confindr,Escherichia coli,SRR26036455,0.04,220,7,0.6585365853658537,0.6585365853658537,0.6585365853658537
Confindr,Escherichia coli,SRR26036455,0.04,220,8,0.6888888888888889,0.7560975609756098,0.7209302325581395
Confindr,Escherichia coli,SRR26036455,0.04,220,9,0.7291666666666666,0.8536585365853658,0.7865168539325843
Confindr,Staphylococcus aureus,ERR8958843,0.05,220,10,0.7446808510638298,0.875,0.8045977011494252
Confindr,Staphylococcus aureus,ERR8958843,0.05,220,1,0.0,0.0,0.0
Confindr,Staphylococcus aureus,ERR8958843,0.05,220,2,0.0,0.0,0.0
Confindr,Staphylococcus aureus,ERR8958843,0.05,220,3,0.0714285714285714,0.025,0.037037037037037
Confindr,Staphylococcus aureus,ERR8958843,0.05,220,4,0.1875,0.075,0.1071428571428571
Confindr,Staphylococcus aureus,ERR8958843,0.05,220,5,0.35,0.175,0.2333333333333333
Confindr,Staphylococcus aureus,ERR8958843,0.05,220,6,0.5,0.325,0.393939393939394
Confindr,Staphylococcus aureus,ERR8958843,0.05,220,7,0.59375,0.475,0.5277777777777778
Confindr,Staphylococcus aureus,ERR8958843,0.05,220,8,0.6904761904761905,0.725,0.7073170731707318
Confindr,Staphylococcus aureus,ERR8958843,0.05,220,9,0.723404255319149,0.85,0.7816091954022989
Confindr,Staphylococcus aureus,SRR28370694,0.05,220,10,0.9473684210526316,0.9,0.9230769230769232
Confindr,Staphylococcus aureus,SRR28370694,0.05,220,1,1.0,0.05,0.0952380952380952
Confindr,Staphylococcus aureus,SRR28370694,0.05,220,2,1.0,0.05,0.0952380952380952
Confindr,Staphylococcus aureus,SRR28370694,0.05,220,3,1.0,0.325,0.4905660377358491
Confindr,Staphylococcus aureus,SRR28370694,0.05,220,4,1.0,0.525,0.6885245901639345
Confindr,Staphylococcus aureus,SRR28370694,0.05,220,5,0.96,0.6,0.7384615384615384
Confindr,Staphylococcus aureus,SRR28370694,0.05,220,6,0.9629629629629628,0.65,0.7761194029850746
Confindr,Staphylococcus aureus,SRR28370694,0.05,220,7,0.9444444444444444,0.85,0.8947368421052632
Confindr,Staphylococcus aureus,SRR28370694,0.05,220,8,0.945945945945946,0.875,0.9090909090909092
Confindr,Staphylococcus aureus,SRR28370694,0.05,220,9,0.9473684210526316,0.9,0.9230769230769232
Confindr,Salmonella enterica,SRR27136088,0.05,220,10,0.6212121212121212,0.9111111111111112,0.7387387387387386
Confindr,Salmonella enterica,SRR27136088,0.05,220,1,0.0,0.0,0.0
Confindr,Salmonella enterica,SRR27136088,0.05,220,2,0.15625,0.1111111111111111,0.1298701298701298
Confindr,Salmonella enterica,SRR27136088,0.05,220,3,0.2972972972972973,0.2444444444444444,0.2682926829268293
Confindr,Salmonella enterica,SRR27136088,0.05,220,4,0.3720930232558139,0.3555555555555555,0.3636363636363636
Confindr,Salmonella enterica,SRR27136088,0.05,220,5,0.4807692307692308,0.5555555555555556,0.5154639175257731
Confindr,Salmonella enterica,SRR27136088,0.05,220,6,0.5263157894736842,0.6666666666666666,0.5882352941176471
Confindr,Salmonella enterica,SRR27136088,0.05,220,7,0.5901639344262295,0.8,0.6792452830188679
Confindr,Salmonella enterica,SRR27136088,0.05,220,8,0.6129032258064516,0.8444444444444444,0.7102803738317757
Confindr,Salmonella enterica,SRR27136088,0.05,220,9,0.609375,0.8666666666666667,0.7155963302752294
Confindr,Salmonella enterica,SRR27755678,0.05,220,10,0.8367346938775511,0.9111111111111112,0.8723404255319148
Confindr,Salmonella enterica,SRR27755678,0.05,220,1,0.0,0.0,0.0
Confindr,Salmonella enterica,SRR27755678,0.05,220,2,0.7222222222222222,0.2888888888888888,0.4126984126984127
Confindr,Salmonella enterica,SRR27755678,0.05,220,3,0.8214285714285714,0.5111111111111111,0.6301369863013698
Confindr,Salmonella enterica,SRR27755678,0.05,220,4,0.8529411764705882,0.6444444444444445,0.7341772151898734
Confindr,Salmonella enterica,SRR27755678,0.05,220,5,0.9,0.8,0.8470588235294118
Confindr,Salmonella enterica,SRR27755678,0.05,220,6,0.8666666666666667,0.8666666666666667,0.8666666666666667
Confindr,Salmonella enterica,SRR27755678,0.05,220,7,0.8541666666666666,0.9111111111111112,0.8817204301075269
Confindr,Salmonella enterica,SRR27755678,0.05,220,8,0.8541666666666666,0.9111111111111112,0.8817204301075269
Confindr,Salmonella enterica,SRR27755678,0.05,220,9,0.8367346938775511,0.9111111111111112,0.8723404255319148
Confindr,Salmonella enterica,SRR28399428,0.05,220,10,0.640625,0.9111111111111112,0.7522935779816514
Confindr,Salmonella enterica,SRR28399428,0.05,220,1,0.0,0.0,0.0
Confindr,Salmonella enterica,SRR28399428,0.05,220,2,0.1034482758620689,0.0666666666666666,0.081081081081081
Confindr,Salmonella enterica,SRR28399428,0.05,220,3,0.2121212121212121,0.1555555555555555,0.1794871794871794
Confindr,Salmonella enterica,SRR28399428,0.05,220,4,0.3333333333333333,0.2888888888888888,0.3095238095238095
Confindr,Salmonella enterica,SRR28399428,0.05,220,5,0.5102040816326531,0.5555555555555556,0.5319148936170212
Confindr,Salmonella enterica,SRR28399428,0.05,220,6,0.5471698113207547,0.6444444444444445,0.5918367346938775
Confindr,Salmonella enterica,SRR28399428,0.05,220,7,0.5862068965517241,0.7555555555555555,0.6601941747572815
Confindr,Salmonella enterica,SRR28399428,0.05,220,8,0.6129032258064516,0.8444444444444444,0.7102803738317757
Confindr,Salmonella enterica,SRR28399428,0.05,220,9,0.6290322580645161,0.8666666666666667,0.7289719626168225
Confindr,Escherichia coli,ERR12533301,0.05,220,10,0.6666666666666666,0.926829268292683,0.7755102040816327
Confindr,Escherichia coli,ERR12533301,0.05,220,1,0.08,0.048780487804878,0.0606060606060606
Confindr,Escherichia coli,ERR12533301,0.05,220,2,0.425,0.4146341463414634,0.419753086419753
Confindr,Escherichia coli,ERR12533301,0.05,220,3,0.5882352941176471,0.7317073170731707,0.6521739130434783
Confindr,Escherichia coli,ERR12533301,0.05,220,4,0.625,0.8536585365853658,0.7216494845360826
Confindr,Escherichia coli,ERR12533301,0.05,220,5,0.6101694915254238,0.8780487804878049,0.7200000000000001
Confindr,Escherichia coli,ERR12533301,0.05,220,6,0.6379310344827587,0.902439024390244,0.7474747474747474
Confindr,Escherichia coli,ERR12533301,0.05,220,7,0.6607142857142857,0.902439024390244,0.7628865979381443
Confindr,Escherichia coli,ERR12533301,0.05,220,8,0.6607142857142857,0.902439024390244,0.7628865979381443
Confindr,Escherichia coli,ERR12533301,0.05,220,9,0.6785714285714286,0.926829268292683,0.7835051546391752
Confindr,Escherichia coli,SRR25689478,0.05,220,10,0.7954545454545454,0.8536585365853658,0.8235294117647058
Confindr,Escherichia coli,SRR25689478,0.05,220,1,0.0,0.0,0.0
Confindr,Escherichia coli,SRR25689478,0.05,220,2,0.0,0.0,0.0
Confindr,Escherichia coli,SRR25689478,0.05,220,3,0.0833333333333333,0.024390243902439,0.0377358490566037
Confindr,Escherichia coli,SRR25689478,0.05,220,4,0.3684210526315789,0.1707317073170731,0.2333333333333333
Confindr,Escherichia coli,SRR25689478,0.05,220,5,0.5,0.3170731707317073,0.3880597014925372
Confindr,Escherichia coli,SRR25689478,0.05,220,6,0.5806451612903226,0.4390243902439024,0.5
Confindr,Escherichia coli,SRR25689478,0.05,220,7,0.6129032258064516,0.4634146341463415,0.5277777777777778
Confindr,Escherichia coli,SRR25689478,0.05,220,8,0.6829268292682927,0.6829268292682927,0.6829268292682927
Confindr,Escherichia coli,SRR25689478,0.05,220,9,0.75,0.8048780487804879,0.7764705882352942
Confindr,Escherichia coli,SRR26036455,0.05,220,10,0.813953488372093,0.8536585365853658,0.8333333333333333
Confindr,Escherichia coli,SRR26036455,0.05,220,1,0.0,0.0,0.0
Confindr,Escherichia coli,SRR26036455,0.05,220,2,0.0,0.0,0.0
Confindr,Escherichia coli,SRR26036455,0.05,220,3,0.1666666666666666,0.048780487804878,0.0754716981132075
Confindr,Escherichia coli,SRR26036455,0.05,220,4,0.4444444444444444,0.1951219512195122,0.2711864406779661
Confindr,Escherichia coli,SRR26036455,0.05,220,5,0.5454545454545454,0.2926829268292683,0.3809523809523809
Confindr,Escherichia coli,SRR26036455,0.05,220,6,0.625,0.3658536585365853,0.4615384615384615
Confindr,Escherichia coli,SRR26036455,0.05,220,7,0.6538461538461539,0.4146341463414634,0.5074626865671641
Confindr,Escherichia coli,SRR26036455,0.05,220,8,0.75,0.6585365853658537,0.7012987012987012
Confindr,Escherichia coli,SRR26036455,0.05,220,9,0.8095238095238095,0.8292682926829268,0.8192771084337348
NanoMGT,Escherichia coli,SRR26036455,0.01,220,1,0.0208333333333333,0.024390243902439,0.0224719101123595
NanoMGT,Escherichia coli,SRR26036455,0.01,220,2,0.0714285714285714,0.0975609756097561,0.0824742268041237
NanoMGT,Escherichia coli,SRR26036455,0.01,220,3,0.2608695652173913,0.4390243902439024,0.3272727272727272
NanoMGT,Escherichia coli,SRR26036455,0.01,220,4,0.2933333333333333,0.5365853658536586,0.3793103448275862
NanoMGT,Escherichia coli,SRR26036455,0.01,220,5,0.3452380952380952,0.7073170731707317,0.4640000000000001
NanoMGT,Escherichia coli,SRR26036455,0.01,220,6,0.3563218390804598,0.7560975609756098,0.484375
NanoMGT,Escherichia coli,SRR26036455,0.01,220,7,0.348314606741573,0.7560975609756098,0.4769230769230769
NanoMGT,Escherichia coli,SRR26036455,0.01,220,8,0.4146341463414634,0.8292682926829268,0.5528455284552845
NanoMGT,Escherichia coli,SRR26036455,0.01,220,9,0.4382022471910112,0.951219512195122,0.6
NanoMGT,Escherichia coli,SRR26036455,0.01,220,10,0.4105263157894737,0.951219512195122,0.573529411764706
NanoMGT,Salmonella enterica,SRR27755678,0.01,220,1,0.2636363636363636,0.6444444444444445,0.3741935483870967
NanoMGT,Salmonella enterica,SRR27755678,0.01,220,2,0.2888888888888888,0.8666666666666667,0.4333333333333333
NanoMGT,Salmonella enterica,SRR27755678,0.01,220,3,0.3559322033898305,0.9333333333333332,0.5153374233128835
NanoMGT,Salmonella enterica,SRR27755678,0.01,220,4,0.3611111111111111,0.8666666666666667,0.5098039215686274
NanoMGT,Salmonella enterica,SRR27755678,0.01,220,5,0.3260869565217391,1.0,0.4918032786885246
NanoMGT,Salmonella enterica,SRR27755678,0.01,220,6,0.3823529411764705,0.8666666666666667,0.5306122448979592
NanoMGT,Salmonella enterica,SRR27755678,0.01,220,7,0.3809523809523809,0.8888888888888888,0.5333333333333333
NanoMGT,Salmonella enterica,SRR27755678,0.01,220,8,0.391304347826087,1.0,0.5625
NanoMGT,Salmonella enterica,SRR27755678,0.01,220,9,0.3629032258064516,1.0,0.5325443786982249
NanoMGT,Salmonella enterica,SRR27755678,0.01,220,10,0.3629032258064516,1.0,0.5325443786982249
NanoMGT,Staphylococcus aureus,SRR28370694,0.01,220,1,0.2409638554216867,0.5,0.3252032520325203
NanoMGT,Staphylococcus aureus,SRR28370694,0.01,220,2,0.3058823529411765,0.65,0.416
NanoMGT,Staphylococcus aureus,SRR28370694,0.01,220,3,0.3229166666666667,0.775,0.4558823529411765
NanoMGT,Staphylococcus aureus,SRR28370694,0.01,220,4,0.3711340206185567,0.9,0.5255474452554746
NanoMGT,Staphylococcus aureus,SRR28370694,0.01,220,5,0.3936170212765957,0.925,0.5522388059701493
NanoMGT,Staphylococcus aureus,SRR28370694,0.01,220,6,0.4065934065934066,0.925,0.564885496183206
NanoMGT,Staphylococcus aureus,SRR28370694,0.01,220,7,0.3979591836734694,0.975,0.5652173913043478
NanoMGT,Staphylococcus aureus,SRR28370694,0.01,220,8,0.4148936170212766,0.975,0.582089552238806
NanoMGT,Staphylococcus aureus,SRR28370694,0.01,220,9,0.40625,0.975,0.5735294117647058
NanoMGT,Staphylococcus aureus,SRR28370694,0.01,220,10,0.4105263157894737,0.975,0.5777777777777777
NanoMGT,Salmonella enterica,SRR27136088,0.01,220,1,0.0655737704918032,0.1777777777777777,0.0958083832335329
NanoMGT,Salmonella enterica,SRR27136088,0.01,220,2,0.1666666666666666,0.3555555555555555,0.226950354609929
NanoMGT,Salmonella enterica,SRR27136088,0.01,220,3,0.2014925373134328,0.6,0.3016759776536313
NanoMGT,Salmonella enterica,SRR27136088,0.01,220,4,0.2761904761904762,0.6444444444444445,0.3866666666666666
NanoMGT,Salmonella enterica,SRR27136088,0.01,220,5,0.3113207547169811,0.7333333333333333,0.4370860927152318
NanoMGT,Salmonella enterica,SRR27136088,0.01,220,6,0.2837837837837837,0.9333333333333332,0.4352331606217617
NanoMGT,Salmonella enterica,SRR27136088,0.01,220,7,0.3,0.9333333333333332,0.4540540540540539
NanoMGT,Salmonella enterica,SRR27136088,0.01,220,8,0.3161764705882353,0.9555555555555556,0.4751381215469613
NanoMGT,Salmonella enterica,SRR27136088,0.01,220,9,0.3138686131386861,0.9555555555555556,0.4725274725274725
NanoMGT,Salmonella enterica,SRR27136088,0.01,220,10,0.3211678832116788,0.9777777777777776,0.4835164835164835
NanoMGT,Escherichia coli,SRR25689478,0.01,220,1,0.0138888888888888,0.024390243902439,0.0176991150442477
NanoMGT,Escherichia coli,SRR25689478,0.01,220,2,0.0694444444444444,0.1219512195121951,0.0884955752212389
NanoMGT,Escherichia coli,SRR25689478,0.01,220,3,0.2023809523809523,0.4146341463414634,0.2719999999999999
NanoMGT,Escherichia coli,SRR25689478,0.01,220,4,0.2842105263157894,0.6585365853658537,0.3970588235294118
NanoMGT,Escherichia coli,SRR25689478,0.01,220,5,0.3186813186813186,0.7073170731707317,0.4393939393939393
NanoMGT,Escherichia coli,SRR25689478,0.01,220,6,0.37,0.902439024390244,0.524822695035461
NanoMGT,Escherichia coli,SRR25689478,0.01,220,7,0.4042553191489361,0.926829268292683,0.562962962962963
NanoMGT,Escherichia coli,SRR25689478,0.01,220,8,0.4193548387096774,0.951219512195122,0.582089552238806
NanoMGT,Escherichia coli,SRR25689478,0.01,220,9,0.4105263157894737,0.951219512195122,0.573529411764706
NanoMGT,Escherichia coli,SRR25689478,0.01,220,10,0.3846153846153846,0.975609756097561,0.5517241379310346
NanoMGT,Salmonella enterica,SRR28399428,0.01,220,1,0.0549450549450549,0.1111111111111111,0.0735294117647058
NanoMGT,Salmonella enterica,SRR28399428,0.01,220,2,0.1397849462365591,0.2888888888888888,0.1884057971014492
NanoMGT,Salmonella enterica,SRR28399428,0.01,220,3,0.1788617886178861,0.4888888888888889,0.2619047619047618
NanoMGT,Salmonella enterica,SRR28399428,0.01,220,4,0.224,0.6222222222222222,0.3294117647058824
NanoMGT,Salmonella enterica,SRR28399428,0.01,220,5,0.2708333333333333,0.5777777777777777,0.3687943262411347
NanoMGT,Salmonella enterica,SRR28399428,0.01,220,6,0.2764227642276423,0.7555555555555555,0.4047619047619048
NanoMGT,Salmonella enterica,SRR28399428,0.01,220,7,0.3008130081300813,0.8222222222222222,0.4404761904761905
NanoMGT,Salmonella enterica,SRR28399428,0.01,220,8,0.34375,0.7333333333333333,0.4680851063829787
NanoMGT,Salmonella enterica,SRR28399428,0.01,220,9,0.3548387096774194,0.7333333333333333,0.4782608695652173
NanoMGT,Salmonella enterica,SRR28399428,0.01,220,10,0.36,0.8,0.4965517241379309
NanoMGT,Escherichia coli,ERR12533301,0.01,220,1,0.1057692307692307,0.2682926829268293,0.1517241379310344
NanoMGT,Escherichia coli,ERR12533301,0.01,220,2,0.2421052631578947,0.5609756097560976,0.3382352941176471
NanoMGT,Escherichia coli,ERR12533301,0.01,220,3,0.3135593220338983,0.902439024390244,0.4654088050314465
NanoMGT,Escherichia coli,ERR12533301,0.01,220,4,0.314516129032258,0.951219512195122,0.4727272727272727
NanoMGT,Escherichia coli,ERR12533301,0.01,220,5,0.3577981651376147,0.951219512195122,0.52
NanoMGT,Escherichia coli,ERR12533301,0.01,220,6,0.3545454545454545,0.951219512195122,0.5165562913907285
NanoMGT,Escherichia coli,ERR12533301,0.01,220,7,0.3584905660377358,0.926829268292683,0.5170068027210885
NanoMGT,Escherichia coli,ERR12533301,0.01,220,8,0.3762376237623762,0.926829268292683,0.5352112676056339
NanoMGT,Escherichia coli,ERR12533301,0.01,220,9,0.3565217391304348,1.0,0.5256410256410257
NanoMGT,Escherichia coli,ERR12533301,0.01,220,10,0.3883495145631068,0.975609756097561,0.5555555555555556
NanoMGT,Staphylococcus aureus,ERR8958843,0.01,220,1,0.0434782608695652,0.075,0.055045871559633
NanoMGT,Staphylococcus aureus,ERR8958843,0.01,220,2,0.0704225352112676,0.125,0.09009009009009
NanoMGT,Staphylococcus aureus,ERR8958843,0.01,220,3,0.141025641025641,0.275,0.1864406779661017
NanoMGT,Staphylococcus aureus,ERR8958843,0.01,220,4,0.2235294117647059,0.475,0.304
NanoMGT,Staphylococcus aureus,ERR8958843,0.01,220,5,0.2674418604651162,0.575,0.365079365079365
NanoMGT,Staphylococcus aureus,ERR8958843,0.01,220,6,0.2888888888888888,0.65,0.3999999999999999
NanoMGT,Staphylococcus aureus,ERR8958843,0.01,220,7,0.3297872340425531,0.775,0.462686567164179
NanoMGT,Staphylococcus aureus,ERR8958843,0.01,220,8,0.3146067415730337,0.7,0.4341085271317829
NanoMGT,Staphylococcus aureus,ERR8958843,0.01,220,9,0.3473684210526316,0.825,0.4888888888888889
NanoMGT,Staphylococcus aureus,ERR8958843,0.01,220,10,0.35,0.875,0.4999999999999999
NanoMGT,Escherichia coli,SRR26036455,0.02,220,1,0.0,0.0,0.0
NanoMGT,Escherichia coli,SRR26036455,0.02,220,2,0.0,0.0,0.0
NanoMGT,Escherichia coli,SRR26036455,0.02,220,3,0.2727272727272727,0.1463414634146341,0.1904761904761904
NanoMGT,Escherichia coli,SRR26036455,0.02,220,4,0.4545454545454545,0.3658536585365853,0.4054054054054054
NanoMGT,Escherichia coli,SRR26036455,0.02,220,5,0.4651162790697674,0.4878048780487805,0.4761904761904762
NanoMGT,Escherichia coli,SRR26036455,0.02,220,6,0.5116279069767442,0.5365853658536586,0.5238095238095238
NanoMGT,Escherichia coli,SRR26036455,0.02,220,7,0.5333333333333333,0.5853658536585366,0.5581395348837209
NanoMGT,Escherichia coli,SRR26036455,0.02,220,8,0.5714285714285714,0.6829268292682927,0.6222222222222223
NanoMGT,Escherichia coli,SRR26036455,0.02,220,9,0.6226415094339622,0.8048780487804879,0.7021276595744681
NanoMGT,Escherichia coli,SRR26036455,0.02,220,10,0.6842105263157895,0.951219512195122,0.7959183673469389
NanoMGT,Salmonella enterica,SRR27755678,0.02,220,1,0.3375,0.6,0.432
NanoMGT,Salmonella enterica,SRR27755678,0.02,220,2,0.4047619047619047,0.7555555555555555,0.5271317829457365
NanoMGT,Salmonella enterica,SRR27755678,0.02,220,3,0.4659090909090909,0.9111111111111112,0.6165413533834586
NanoMGT,Salmonella enterica,SRR27755678,0.02,220,4,0.4555555555555555,0.9111111111111112,0.6074074074074074
NanoMGT,Salmonella enterica,SRR27755678,0.02,220,5,0.4942528735632184,0.9555555555555556,0.6515151515151515
NanoMGT,Salmonella enterica,SRR27755678,0.02,220,6,0.4888888888888889,0.9777777777777776,0.6518518518518519
NanoMGT,Salmonella enterica,SRR27755678,0.02,220,7,0.5116279069767442,0.9777777777777776,0.6717557251908397
NanoMGT,Salmonella enterica,SRR27755678,0.02,220,8,0.5116279069767442,0.9777777777777776,0.6717557251908397
NanoMGT,Salmonella enterica,SRR27755678,0.02,220,9,0.5357142857142857,1.0,0.6976744186046512
NanoMGT,Salmonella enterica,SRR27755678,0.02,220,10,0.5555555555555556,1.0,0.7142857142857143
NanoMGT,Staphylococcus aureus,SRR28370694,0.02,220,1,0.4705882352941176,0.4,0.4324324324324324
NanoMGT,Staphylococcus aureus,SRR28370694,0.02,220,2,0.5263157894736842,0.5,0.5128205128205129
NanoMGT,Staphylococcus aureus,SRR28370694,0.02,220,3,0.6444444444444445,0.725,0.6823529411764706
NanoMGT,Staphylococcus aureus,SRR28370694,0.02,220,4,0.7058823529411765,0.9,0.7912087912087913
NanoMGT,Staphylococcus aureus,SRR28370694,0.02,220,5,0.6851851851851852,0.925,0.7872340425531915
NanoMGT,Staphylococcus aureus,SRR28370694,0.02,220,6,0.6851851851851852,0.925,0.7872340425531915
NanoMGT,Staphylococcus aureus,SRR28370694,0.02,220,7,0.6727272727272727,0.925,0.7789473684210527
NanoMGT,Staphylococcus aureus,SRR28370694,0.02,220,8,0.6851851851851852,0.925,0.7872340425531915
NanoMGT,Staphylococcus aureus,SRR28370694,0.02,220,9,0.7115384615384616,0.925,0.8043478260869567
NanoMGT,Staphylococcus aureus,SRR28370694,0.02,220,10,0.6727272727272727,0.925,0.7789473684210527
NanoMGT,Salmonella enterica,SRR27136088,0.02,220,1,0.0606060606060606,0.0888888888888888,0.072072072072072
NanoMGT,Salmonella enterica,SRR27136088,0.02,220,2,0.1973684210526315,0.3333333333333333,0.2479338842975206
NanoMGT,Salmonella enterica,SRR27136088,0.02,220,3,0.2875,0.5111111111111111,0.368
NanoMGT,Salmonella enterica,SRR27136088,0.02,220,4,0.3370786516853932,0.6666666666666666,0.4477611940298507
NanoMGT,Salmonella enterica,SRR27136088,0.02,220,5,0.3440860215053763,0.7111111111111111,0.463768115942029
NanoMGT,Salmonella enterica,SRR27136088,0.02,220,6,0.3979591836734694,0.8666666666666667,0.5454545454545454
NanoMGT,Salmonella enterica,SRR27136088,0.02,220,7,0.4329896907216495,0.9333333333333332,0.5915492957746479
NanoMGT,Salmonella enterica,SRR27136088,0.02,220,8,0.4468085106382978,0.9333333333333332,0.6043165467625898
NanoMGT,Salmonella enterica,SRR27136088,0.02,220,9,0.4565217391304347,0.9333333333333332,0.6131386861313868
NanoMGT,Salmonella enterica,SRR27136088,0.02,220,10,0.4623655913978494,0.9555555555555556,0.6231884057971014
NanoMGT,Escherichia coli,SRR25689478,0.02,220,1,0.0,0.0,0.0
NanoMGT,Escherichia coli,SRR25689478,0.02,220,2,0.0714285714285714,0.048780487804878,0.0579710144927536
NanoMGT,Escherichia coli,SRR25689478,0.02,220,3,0.375,0.2926829268292683,0.3287671232876711
NanoMGT,Escherichia coli,SRR25689478,0.02,220,4,0.4571428571428571,0.3902439024390244,0.4210526315789473
NanoMGT,Escherichia coli,SRR25689478,0.02,220,5,0.6,0.5853658536585366,0.5925925925925926
NanoMGT,Escherichia coli,SRR25689478,0.02,220,6,0.6170212765957447,0.7073170731707317,0.6590909090909092
NanoMGT,Escherichia coli,SRR25689478,0.02,220,7,0.7272727272727273,0.7804878048780488,0.7529411764705882
NanoMGT,Escherichia coli,SRR25689478,0.02,220,8,0.68,0.8292682926829268,0.7472527472527474
NanoMGT,Escherichia coli,SRR25689478,0.02,220,9,0.7058823529411765,0.8780487804878049,0.782608695652174
NanoMGT,Escherichia coli,SRR25689478,0.02,220,10,0.7090909090909091,0.951219512195122,0.8125
NanoMGT,Salmonella enterica,SRR28399428,0.02,220,1,0.0178571428571428,0.0222222222222222,0.0198019801980198
NanoMGT,Salmonella enterica,SRR28399428,0.02,220,2,0.1016949152542373,0.1333333333333333,0.1153846153846153
NanoMGT,Salmonella enterica,SRR28399428,0.02,220,3,0.2205882352941176,0.3333333333333333,0.2654867256637168
NanoMGT,Salmonella enterica,SRR28399428,0.02,220,4,0.2714285714285714,0.4222222222222222,0.3304347826086956
NanoMGT,Salmonella enterica,SRR28399428,0.02,220,5,0.3246753246753247,0.5555555555555556,0.4098360655737705
NanoMGT,Salmonella enterica,SRR28399428,0.02,220,6,0.3896103896103896,0.6666666666666666,0.4918032786885245
NanoMGT,Salmonella enterica,SRR28399428,0.02,220,7,0.4177215189873418,0.7333333333333333,0.5322580645161289
NanoMGT,Salmonella enterica,SRR28399428,0.02,220,8,0.4216867469879518,0.7777777777777778,0.546875
NanoMGT,Salmonella enterica,SRR28399428,0.02,220,9,0.4367816091954023,0.8444444444444444,0.5757575757575758
NanoMGT,Salmonella enterica,SRR28399428,0.02,220,10,0.4505494505494505,0.9111111111111112,0.6029411764705882
NanoMGT,Escherichia coli,ERR12533301,0.02,220,1,0.1521739130434782,0.1707317073170731,0.160919540229885
NanoMGT,Escherichia coli,ERR12533301,0.02,220,2,0.3272727272727272,0.4390243902439024,0.3749999999999999
NanoMGT,Escherichia coli,ERR12533301,0.02,220,3,0.4571428571428571,0.7804878048780488,0.5765765765765766
NanoMGT,Escherichia coli,ERR12533301,0.02,220,4,0.4736842105263157,0.8780487804878049,0.6153846153846154
NanoMGT,Escherichia coli,ERR12533301,0.02,220,5,0.5,0.951219512195122,0.6554621848739496
NanoMGT,Escherichia coli,ERR12533301,0.02,220,6,0.52,0.951219512195122,0.6724137931034483
NanoMGT,Escherichia coli,ERR12533301,0.02,220,7,0.5652173913043478,0.951219512195122,0.7090909090909091
NanoMGT,Escherichia coli,ERR12533301,0.02,220,8,0.5571428571428572,0.951219512195122,0.7027027027027027
NanoMGT,Escherichia coli,ERR12533301,0.02,220,9,0.5492957746478874,0.951219512195122,0.6964285714285714
NanoMGT,Escherichia coli,ERR12533301,0.02,220,10,0.5652173913043478,0.951219512195122,0.7090909090909091
NanoMGT,Staphylococcus aureus,ERR8958843,0.02,220,1,0.074074074074074,0.05,0.0597014925373134
NanoMGT,Staphylococcus aureus,ERR8958843,0.02,220,2,0.074074074074074,0.05,0.0597014925373134
NanoMGT,Staphylococcus aureus,ERR8958843,0.02,220,3,0.2,0.15,0.1714285714285714
NanoMGT,Staphylococcus aureus,ERR8958843,0.02,220,4,0.3142857142857143,0.275,0.2933333333333333
NanoMGT,Staphylococcus aureus,ERR8958843,0.02,220,5,0.4285714285714285,0.45,0.4390243902439024
NanoMGT,Staphylococcus aureus,ERR8958843,0.02,220,6,0.4666666666666667,0.525,0.4941176470588235
NanoMGT,Staphylococcus aureus,ERR8958843,0.02,220,7,0.5094339622641509,0.675,0.5806451612903226
NanoMGT,Staphylococcus aureus,ERR8958843,0.02,220,8,0.5454545454545454,0.75,0.631578947368421
NanoMGT,Staphylococcus aureus,ERR8958843,0.02,220,9,0.5555555555555556,0.75,0.6382978723404256
NanoMGT,Staphylococcus aureus,ERR8958843,0.02,220,10,0.5535714285714286,0.775,0.6458333333333333
NanoMGT,Escherichia coli,SRR26036455,0.03,220,1,0.0,0.0,0.0
NanoMGT,Escherichia coli,SRR26036455,0.03,220,2,0.0,0.0,0.0
NanoMGT,Escherichia coli,SRR26036455,0.03,220,3,0.2142857142857142,0.073170731707317,0.1090909090909091
NanoMGT,Escherichia coli,SRR26036455,0.03,220,4,0.5,0.3414634146341463,0.4057971014492753
NanoMGT,Escherichia coli,SRR26036455,0.03,220,5,0.53125,0.4146341463414634,0.4657534246575343
NanoMGT,Escherichia coli,SRR26036455,0.03,220,6,0.6388888888888888,0.5609756097560976,0.5974025974025975
NanoMGT,Escherichia coli,SRR26036455,0.03,220,7,0.6410256410256411,0.6097560975609756,0.625
NanoMGT,Escherichia coli,SRR26036455,0.03,220,8,0.6363636363636364,0.6829268292682927,0.6588235294117647
NanoMGT,Escherichia coli,SRR26036455,0.03,220,9,0.68,0.8292682926829268,0.7472527472527474
NanoMGT,Escherichia coli,SRR26036455,0.03,220,10,0.7115384615384616,0.902439024390244,0.7956989247311829
NanoMGT,Salmonella enterica,SRR27755678,0.03,220,1,0.4285714285714285,0.4666666666666667,0.4468085106382978
NanoMGT,Salmonella enterica,SRR27755678,0.03,220,2,0.5396825396825397,0.7555555555555555,0.6296296296296297
NanoMGT,Salmonella enterica,SRR27755678,0.03,220,3,0.5616438356164384,0.9111111111111112,0.6949152542372882
NanoMGT,Salmonella enterica,SRR27755678,0.03,220,4,0.5753424657534246,0.9333333333333332,0.7118644067796611
NanoMGT,Salmonella enterica,SRR27755678,0.03,220,5,0.5915492957746479,0.9333333333333332,0.7241379310344829
NanoMGT,Salmonella enterica,SRR27755678,0.03,220,6,0.581081081081081,0.9555555555555556,0.7226890756302521
NanoMGT,Salmonella enterica,SRR27755678,0.03,220,7,0.5733333333333334,0.9555555555555556,0.7166666666666667
NanoMGT,Salmonella enterica,SRR27755678,0.03,220,8,0.581081081081081,0.9555555555555556,0.7226890756302521
NanoMGT,Salmonella enterica,SRR27755678,0.03,220,9,0.5844155844155844,1.0,0.7377049180327869
NanoMGT,Salmonella enterica,SRR27755678,0.03,220,10,0.5921052631578947,1.0,0.743801652892562
NanoMGT,Staphylococcus aureus,SRR28370694,0.03,220,1,0.55,0.275,0.3666666666666667
NanoMGT,Staphylococcus aureus,SRR28370694,0.03,220,2,0.7083333333333334,0.425,0.53125
NanoMGT,Staphylococcus aureus,SRR28370694,0.03,220,3,0.7575757575757576,0.625,0.6849315068493151
NanoMGT,Staphylococcus aureus,SRR28370694,0.03,220,4,0.8292682926829268,0.85,0.8395061728395061
NanoMGT,Staphylococcus aureus,SRR28370694,0.03,220,5,0.8043478260869565,0.925,0.8604651162790697
NanoMGT,Staphylococcus aureus,SRR28370694,0.03,220,6,0.7872340425531915,0.925,0.8505747126436781
NanoMGT,Staphylococcus aureus,SRR28370694,0.03,220,7,0.7872340425531915,0.925,0.8505747126436781
NanoMGT,Staphylococcus aureus,SRR28370694,0.03,220,8,0.7872340425531915,0.925,0.8505747126436781
NanoMGT,Staphylococcus aureus,SRR28370694,0.03,220,9,0.7872340425531915,0.925,0.8505747126436781
NanoMGT,Staphylococcus aureus,SRR28370694,0.03,220,10,0.7872340425531915,0.925,0.8505747126436781
NanoMGT,Salmonella enterica,SRR27136088,0.03,220,1,0.0508474576271186,0.0666666666666666,0.0576923076923076
NanoMGT,Salmonella enterica,SRR27136088,0.03,220,2,0.2142857142857142,0.3333333333333333,0.2608695652173913
NanoMGT,Salmonella enterica,SRR27136088,0.03,220,3,0.28,0.4666666666666667,0.35
NanoMGT,Salmonella enterica,SRR27136088,0.03,220,4,0.3372093023255814,0.6444444444444445,0.4427480916030534
NanoMGT,Salmonella enterica,SRR27136088,0.03,220,5,0.3617021276595745,0.7555555555555555,0.4892086330935252
NanoMGT,Salmonella enterica,SRR27136088,0.03,220,6,0.4141414141414141,0.9111111111111112,0.5694444444444444
NanoMGT,Salmonella enterica,SRR27136088,0.03,220,7,0.4565217391304347,0.9333333333333332,0.6131386861313868
NanoMGT,Salmonella enterica,SRR27136088,0.03,220,8,0.4574468085106383,0.9555555555555556,0.6187050359712231
NanoMGT,Salmonella enterica,SRR27136088,0.03,220,9,0.4673913043478261,0.9555555555555556,0.6277372262773723
NanoMGT,Salmonella enterica,SRR27136088,0.03,220,10,0.4835164835164835,0.9777777777777776,0.6470588235294118
NanoMGT,Escherichia coli,SRR25689478,0.03,220,1,0.0,0.0,0.0
NanoMGT,Escherichia coli,SRR25689478,0.03,220,2,0.0,0.0,0.0
NanoMGT,Escherichia coli,SRR25689478,0.03,220,3,0.3478260869565217,0.1951219512195122,0.25
NanoMGT,Escherichia coli,SRR25689478,0.03,220,4,0.5294117647058824,0.4390243902439024,0.48
NanoMGT,Escherichia coli,SRR25689478,0.03,220,5,0.6388888888888888,0.5609756097560976,0.5974025974025975
NanoMGT,Escherichia coli,SRR25689478,0.03,220,6,0.6976744186046512,0.7317073170731707,0.7142857142857143
NanoMGT,Escherichia coli,SRR25689478,0.03,220,7,0.7142857142857143,0.7317073170731707,0.7228915662650603
NanoMGT,Escherichia coli,SRR25689478,0.03,220,8,0.7555555555555555,0.8292682926829268,0.7906976744186047
NanoMGT,Escherichia coli,SRR25689478,0.03,220,9,0.7659574468085106,0.8780487804878049,0.8181818181818182
NanoMGT,Escherichia coli,SRR25689478,0.03,220,10,0.7647058823529411,0.951219512195122,0.8478260869565216
NanoMGT,Salmonella enterica,SRR28399428,0.03,220,1,0.0181818181818181,0.0222222222222222,0.02
NanoMGT,Salmonella enterica,SRR28399428,0.03,220,2,0.0862068965517241,0.1111111111111111,0.0970873786407767
NanoMGT,Salmonella enterica,SRR28399428,0.03,220,3,0.2153846153846154,0.3111111111111111,0.2545454545454546
NanoMGT,Salmonella enterica,SRR28399428,0.03,220,4,0.2916666666666667,0.4666666666666667,0.358974358974359
NanoMGT,Salmonella enterica,SRR28399428,0.03,220,5,0.345679012345679,0.6222222222222222,0.4444444444444444
NanoMGT,Salmonella enterica,SRR28399428,0.03,220,6,0.3734939759036144,0.6888888888888889,0.484375
NanoMGT,Salmonella enterica,SRR28399428,0.03,220,7,0.425287356321839,0.8222222222222222,0.5606060606060606
NanoMGT,Salmonella enterica,SRR28399428,0.03,220,8,0.4431818181818182,0.8666666666666667,0.5864661654135338
NanoMGT,Salmonella enterica,SRR28399428,0.03,220,9,0.4555555555555555,0.9111111111111112,0.6074074074074074
NanoMGT,Salmonella enterica,SRR28399428,0.03,220,10,0.4673913043478261,0.9555555555555556,0.6277372262773723
NanoMGT,Escherichia coli,ERR12533301,0.03,220,1,0.1538461538461538,0.1463414634146341,0.15
NanoMGT,Escherichia coli,ERR12533301,0.03,220,2,0.3962264150943396,0.5121951219512195,0.4468085106382978
NanoMGT,Escherichia coli,ERR12533301,0.03,220,3,0.5,0.8292682926829268,0.6238532110091743
NanoMGT,Escherichia coli,ERR12533301,0.03,220,4,0.5066666666666667,0.926829268292683,0.6551724137931035
NanoMGT,Escherichia coli,ERR12533301,0.03,220,5,0.5342465753424658,0.951219512195122,0.6842105263157895
NanoMGT,Escherichia coli,ERR12533301,0.03,220,6,0.5571428571428572,0.951219512195122,0.7027027027027027
NanoMGT,Escherichia coli,ERR12533301,0.03,220,7,0.5652173913043478,0.951219512195122,0.7090909090909091
NanoMGT,Escherichia coli,ERR12533301,0.03,220,8,0.5735294117647058,0.951219512195122,0.7155963302752294
NanoMGT,Escherichia coli,ERR12533301,0.03,220,9,0.6060606060606061,0.975609756097561,0.7476635514018692
NanoMGT,Escherichia coli,ERR12533301,0.03,220,10,0.6153846153846154,0.975609756097561,0.7547169811320755
NanoMGT,Staphylococcus aureus,ERR8958843,0.03,220,1,0.0833333333333333,0.05,0.0625
NanoMGT,Staphylococcus aureus,ERR8958843,0.03,220,2,0.0833333333333333,0.05,0.0625
NanoMGT,Staphylococcus aureus,ERR8958843,0.03,220,3,0.1923076923076923,0.125,0.1515151515151515
NanoMGT,Staphylococcus aureus,ERR8958843,0.03,220,4,0.3636363636363636,0.3,0.3287671232876712
NanoMGT,Staphylococcus aureus,ERR8958843,0.03,220,5,0.4634146341463415,0.475,0.4691358024691358
NanoMGT,Staphylococcus aureus,ERR8958843,0.03,220,6,0.5106382978723404,0.6,0.5517241379310344
NanoMGT,Staphylococcus aureus,ERR8958843,0.03,220,7,0.5882352941176471,0.75,0.6593406593406592
NanoMGT,Staphylococcus aureus,ERR8958843,0.03,220,8,0.58,0.725,0.6444444444444445
NanoMGT,Staphylococcus aureus,ERR8958843,0.03,220,9,0.6078431372549019,0.775,0.6813186813186813
NanoMGT,Staphylococcus aureus,ERR8958843,0.03,220,10,0.6037735849056604,0.8,0.6881720430107526
NanoMGT,Escherichia coli,SRR26036455,0.04,220,1,0.0,0.0,0.0
NanoMGT,Escherichia coli,SRR26036455,0.04,220,2,0.0625,0.024390243902439,0.0350877192982456
NanoMGT,Escherichia coli,SRR26036455,0.04,220,3,0.25,0.1219512195121951,0.1639344262295081
NanoMGT,Escherichia coli,SRR26036455,0.04,220,4,0.5151515151515151,0.4146341463414634,0.4594594594594595
NanoMGT,Escherichia coli,SRR26036455,0.04,220,5,0.5853658536585366,0.5853658536585366,0.5853658536585366
NanoMGT,Escherichia coli,SRR26036455,0.04,220,6,0.6046511627906976,0.6341463414634146,0.6190476190476191
NanoMGT,Escherichia coli,SRR26036455,0.04,220,7,0.625,0.7317073170731707,0.6741573033707865
NanoMGT,Escherichia coli,SRR26036455,0.04,220,8,0.6274509803921569,0.7804878048780488,0.6956521739130435
NanoMGT,Escherichia coli,SRR26036455,0.04,220,9,0.6666666666666666,0.8780487804878049,0.7578947368421053
NanoMGT,Escherichia coli,SRR26036455,0.04,220,10,0.6724137931034483,0.951219512195122,0.7878787878787878
NanoMGT,Salmonella enterica,SRR27755678,0.04,220,1,0.5128205128205128,0.4444444444444444,0.4761904761904761
NanoMGT,Salmonella enterica,SRR27755678,0.04,220,2,0.6481481481481481,0.7777777777777778,0.707070707070707
NanoMGT,Salmonella enterica,SRR27755678,0.04,220,3,0.6721311475409836,0.9111111111111112,0.7735849056603773
NanoMGT,Salmonella enterica,SRR27755678,0.04,220,4,0.6461538461538462,0.9333333333333332,0.7636363636363636
NanoMGT,Salmonella enterica,SRR27755678,0.04,220,5,0.6666666666666666,0.9333333333333332,0.7777777777777778
NanoMGT,Salmonella enterica,SRR27755678,0.04,220,6,0.6056338028169014,0.9555555555555556,0.7413793103448275
NanoMGT,Salmonella enterica,SRR27755678,0.04,220,7,0.5945945945945946,0.9777777777777776,0.7394957983193278
NanoMGT,Salmonella enterica,SRR27755678,0.04,220,8,0.5789473684210527,0.9777777777777776,0.7272727272727273
NanoMGT,Salmonella enterica,SRR27755678,0.04,220,9,0.5625,1.0,0.72
NanoMGT,Salmonella enterica,SRR27755678,0.04,220,10,0.5625,1.0,0.72
NanoMGT,Staphylococcus aureus,SRR28370694,0.04,220,1,0.6666666666666666,0.3,0.4137931034482758
NanoMGT,Staphylococcus aureus,SRR28370694,0.04,220,2,0.7083333333333334,0.425,0.53125
NanoMGT,Staphylococcus aureus,SRR28370694,0.04,220,3,0.7741935483870968,0.6,0.676056338028169
NanoMGT,Staphylococcus aureus,SRR28370694,0.04,220,4,0.8205128205128205,0.8,0.810126582278481
NanoMGT,Staphylococcus aureus,SRR28370694,0.04,220,5,0.7906976744186046,0.85,0.8192771084337349
NanoMGT,Staphylococcus aureus,SRR28370694,0.04,220,6,0.8,0.9,0.8470588235294118
NanoMGT,Staphylococcus aureus,SRR28370694,0.04,220,7,0.8043478260869565,0.925,0.8604651162790697
NanoMGT,Staphylococcus aureus,SRR28370694,0.04,220,8,0.8043478260869565,0.925,0.8604651162790697
NanoMGT,Staphylococcus aureus,SRR28370694,0.04,220,9,0.8043478260869565,0.925,0.8604651162790697
NanoMGT,Staphylococcus aureus,SRR28370694,0.04,220,10,0.8043478260869565,0.925,0.8604651162790697
NanoMGT,Salmonella enterica,SRR27136088,0.04,220,1,0.0441176470588235,0.0666666666666666,0.0530973451327433
NanoMGT,Salmonella enterica,SRR27136088,0.04,220,2,0.2098765432098765,0.3777777777777777,0.2698412698412697
NanoMGT,Salmonella enterica,SRR27136088,0.04,220,3,0.3076923076923077,0.6222222222222222,0.411764705882353
NanoMGT,Salmonella enterica,SRR27136088,0.04,220,4,0.3571428571428571,0.7777777777777778,0.4895104895104895
NanoMGT,Salmonella enterica,SRR27136088,0.04,220,5,0.3738317757009345,0.8888888888888888,0.5263157894736842
NanoMGT,Salmonella enterica,SRR27136088,0.04,220,6,0.3962264150943396,0.9333333333333332,0.5562913907284769
NanoMGT,Salmonella enterica,SRR27136088,0.04,220,7,0.4095238095238095,0.9555555555555556,0.5733333333333334
NanoMGT,Salmonella enterica,SRR27136088,0.04,220,8,0.4166666666666667,1.0,0.5882352941176471
NanoMGT,Salmonella enterica,SRR27136088,0.04,220,9,0.4285714285714285,1.0,0.6
NanoMGT,Salmonella enterica,SRR27136088,0.04,220,10,0.4285714285714285,1.0,0.6
NanoMGT,Escherichia coli,SRR25689478,0.04,220,1,0.0,0.0,0.0
NanoMGT,Escherichia coli,SRR25689478,0.04,220,2,0.0,0.0,0.0
NanoMGT,Escherichia coli,SRR25689478,0.04,220,3,0.2916666666666667,0.1707317073170731,0.2153846153846154
NanoMGT,Escherichia coli,SRR25689478,0.04,220,4,0.4545454545454545,0.3658536585365853,0.4054054054054054
NanoMGT,Escherichia coli,SRR25689478,0.04,220,5,0.6,0.6585365853658537,0.627906976744186
NanoMGT,Escherichia coli,SRR25689478,0.04,220,6,0.6458333333333334,0.7560975609756098,0.6966292134831461
NanoMGT,Escherichia coli,SRR25689478,0.04,220,7,0.64,0.7804878048780488,0.7032967032967035
NanoMGT,Escherichia coli,SRR25689478,0.04,220,8,0.6545454545454545,0.8780487804878049,0.7499999999999999
NanoMGT,Escherichia coli,SRR25689478,0.04,220,9,0.6727272727272727,0.902439024390244,0.7708333333333333
NanoMGT,Escherichia coli,SRR25689478,0.04,220,10,0.7169811320754716,0.926829268292683,0.8085106382978724
NanoMGT,Salmonella enterica,SRR28399428,0.04,220,1,0.015625,0.0222222222222222,0.018348623853211
NanoMGT,Salmonella enterica,SRR28399428,0.04,220,2,0.072463768115942,0.1111111111111111,0.087719298245614
NanoMGT,Salmonella enterica,SRR28399428,0.04,220,3,0.225,0.4,0.288
NanoMGT,Salmonella enterica,SRR28399428,0.04,220,4,0.3033707865168539,0.6,0.4029850746268657
NanoMGT,Salmonella enterica,SRR28399428,0.04,220,5,0.3505154639175257,0.7555555555555555,0.4788732394366196
NanoMGT,Salmonella enterica,SRR28399428,0.04,220,6,0.3939393939393939,0.8666666666666667,0.5416666666666666
NanoMGT,Salmonella enterica,SRR28399428,0.04,220,7,0.4081632653061224,0.8888888888888888,0.5594405594405595
NanoMGT,Salmonella enterica,SRR28399428,0.04,220,8,0.44,0.9777777777777776,0.6068965517241379
NanoMGT,Salmonella enterica,SRR28399428,0.04,220,9,0.4545454545454545,1.0,0.625
NanoMGT,Salmonella enterica,SRR28399428,0.04,220,10,0.4545454545454545,1.0,0.625
NanoMGT,Escherichia coli,ERR12533301,0.04,220,1,0.1538461538461538,0.1951219512195122,0.1720430107526881
NanoMGT,Escherichia coli,ERR12533301,0.04,220,2,0.391304347826087,0.6585365853658537,0.4909090909090909
NanoMGT,Escherichia coli,ERR12533301,0.04,220,3,0.4736842105263157,0.8780487804878049,0.6153846153846154
NanoMGT,Escherichia coli,ERR12533301,0.04,220,4,0.4936708860759494,0.951219512195122,0.65
NanoMGT,Escherichia coli,ERR12533301,0.04,220,5,0.5131578947368421,0.951219512195122,0.6666666666666667
NanoMGT,Escherichia coli,ERR12533301,0.04,220,6,0.527027027027027,0.951219512195122,0.6782608695652174
NanoMGT,Escherichia coli,ERR12533301,0.04,220,7,0.527027027027027,0.951219512195122,0.6782608695652174
NanoMGT,Escherichia coli,ERR12533301,0.04,220,8,0.5194805194805194,0.975609756097561,0.6779661016949152
NanoMGT,Escherichia coli,ERR12533301,0.04,220,9,0.5263157894736842,0.975609756097561,0.6837606837606838
NanoMGT,Escherichia coli,ERR12533301,0.04,220,10,0.547945205479452,0.975609756097561,0.7017543859649124
NanoMGT,Staphylococcus aureus,ERR8958843,0.04,220,1,0.0,0.0,0.0
NanoMGT,Staphylococcus aureus,ERR8958843,0.04,220,2,0.0,0.0,0.0
NanoMGT,Staphylococcus aureus,ERR8958843,0.04,220,3,0.1666666666666666,0.15,0.1578947368421052
NanoMGT,Staphylococcus aureus,ERR8958843,0.04,220,4,0.3617021276595745,0.425,0.3908045977011494
NanoMGT,Staphylococcus aureus,ERR8958843,0.04,220,5,0.4528301886792453,0.6,0.5161290322580645
NanoMGT,Staphylococcus aureus,ERR8958843,0.04,220,6,0.4736842105263157,0.675,0.5567010309278351
NanoMGT,Staphylococcus aureus,ERR8958843,0.04,220,7,0.5,0.75,0.6
NanoMGT,Staphylococcus aureus,ERR8958843,0.04,220,8,0.515625,0.825,0.6346153846153846
NanoMGT,Staphylococcus aureus,ERR8958843,0.04,220,9,0.546875,0.875,0.6730769230769231
NanoMGT,Staphylococcus aureus,ERR8958843,0.04,220,10,0.5454545454545454,0.9,0.679245283018868
NanoMGT,Escherichia coli,SRR26036455,0.05,220,1,0.0,0.0,0.0
NanoMGT,Escherichia coli,SRR26036455,0.05,220,2,0.0,0.0,0.0
NanoMGT,Escherichia coli,SRR26036455,0.05,220,3,0.4375,0.1707317073170731,0.2456140350877193
NanoMGT,Escherichia coli,SRR26036455,0.05,220,4,0.5909090909090909,0.3170731707317073,0.4126984126984127
NanoMGT,Escherichia coli,SRR26036455,0.05,220,5,0.6551724137931034,0.4634146341463415,0.5428571428571429
NanoMGT,Escherichia coli,SRR26036455,0.05,220,6,0.6764705882352942,0.5609756097560976,0.6133333333333334
NanoMGT,Escherichia coli,SRR26036455,0.05,220,7,0.7222222222222222,0.6341463414634146,0.6753246753246753
NanoMGT,Escherichia coli,SRR26036455,0.05,220,8,0.7619047619047619,0.7804878048780488,0.7710843373493976
NanoMGT,Escherichia coli,SRR26036455,0.05,220,9,0.7659574468085106,0.8780487804878049,0.8181818181818182
NanoMGT,Escherichia coli,SRR26036455,0.05,220,10,0.8222222222222222,0.902439024390244,0.8604651162790697
NanoMGT,Salmonella enterica,SRR27755678,0.05,220,1,0.5142857142857142,0.4,0.45
NanoMGT,Salmonella enterica,SRR27755678,0.05,220,2,0.6,0.6666666666666666,0.631578947368421
NanoMGT,Salmonella enterica,SRR27755678,0.05,220,3,0.6842105263157895,0.8666666666666667,0.7647058823529413
NanoMGT,Salmonella enterica,SRR27755678,0.05,220,4,0.7192982456140351,0.9111111111111112,0.803921568627451
NanoMGT,Salmonella enterica,SRR27755678,0.05,220,5,0.711864406779661,0.9333333333333332,0.8076923076923076
NanoMGT,Salmonella enterica,SRR27755678,0.05,220,6,0.6885245901639344,0.9333333333333332,0.7924528301886792
NanoMGT,Salmonella enterica,SRR27755678,0.05,220,7,0.6666666666666666,0.9777777777777776,0.7927927927927928
NanoMGT,Salmonella enterica,SRR27755678,0.05,220,8,0.6470588235294118,0.9777777777777776,0.7787610619469026
NanoMGT,Salmonella enterica,SRR27755678,0.05,220,9,0.6428571428571429,1.0,0.782608695652174
NanoMGT,Salmonella enterica,SRR27755678,0.05,220,10,0.625,1.0,0.7692307692307693
NanoMGT,Staphylococcus aureus,SRR28370694,0.05,220,1,0.6875,0.275,0.3928571428571429
NanoMGT,Staphylococcus aureus,SRR28370694,0.05,220,2,0.7647058823529411,0.325,0.456140350877193
NanoMGT,Staphylococcus aureus,SRR28370694,0.05,220,3,0.8461538461538461,0.55,0.6666666666666667
NanoMGT,Staphylococcus aureus,SRR28370694,0.05,220,4,0.8787878787878788,0.725,0.7945205479452054
NanoMGT,Staphylococcus aureus,SRR28370694,0.05,220,5,0.875,0.875,0.875
NanoMGT,Staphylococcus aureus,SRR28370694,0.05,220,6,0.875,0.875,0.875
NanoMGT,Staphylococcus aureus,SRR28370694,0.05,220,7,0.8809523809523809,0.925,0.902439024390244
NanoMGT,Staphylococcus aureus,SRR28370694,0.05,220,8,0.8809523809523809,0.925,0.902439024390244
NanoMGT,Staphylococcus aureus,SRR28370694,0.05,220,9,0.8809523809523809,0.925,0.902439024390244
NanoMGT,Staphylococcus aureus,SRR28370694,0.05,220,10,0.8809523809523809,0.925,0.902439024390244
NanoMGT,Salmonella enterica,SRR27136088,0.05,220,1,0.0,0.0,0.0
NanoMGT,Salmonella enterica,SRR27136088,0.05,220,2,0.2096774193548387,0.2888888888888888,0.2429906542056074
NanoMGT,Salmonella enterica,SRR27136088,0.05,220,3,0.296875,0.4222222222222222,0.3486238532110091
NanoMGT,Salmonella enterica,SRR27136088,0.05,220,4,0.3974358974358974,0.6888888888888889,0.5040650406504065
NanoMGT,Salmonella enterica,SRR27136088,0.05,220,5,0.4204545454545454,0.8222222222222222,0.556390977443609
NanoMGT,Salmonella enterica,SRR27136088,0.05,220,6,0.4431818181818182,0.8666666666666667,0.5864661654135338
NanoMGT,Salmonella enterica,SRR27136088,0.05,220,7,0.4444444444444444,0.8888888888888888,0.5925925925925926
NanoMGT,Salmonella enterica,SRR27136088,0.05,220,8,0.4835164835164835,0.9777777777777776,0.6470588235294118
NanoMGT,Salmonella enterica,SRR27136088,0.05,220,9,0.4943820224719101,0.9777777777777776,0.6567164179104478
NanoMGT,Salmonella enterica,SRR27136088,0.05,220,10,0.4891304347826087,1.0,0.6569343065693432
NanoMGT,Escherichia coli,SRR25689478,0.05,220,1,0.0,0.0,0.0
NanoMGT,Escherichia coli,SRR25689478,0.05,220,2,0.0,0.0,0.0
NanoMGT,Escherichia coli,SRR25689478,0.05,220,3,0.3157894736842105,0.1463414634146341,0.1999999999999999
NanoMGT,Escherichia coli,SRR25689478,0.05,220,4,0.4285714285714285,0.2926829268292683,0.3478260869565217
NanoMGT,Escherichia coli,SRR25689478,0.05,220,5,0.6470588235294118,0.5365853658536586,0.5866666666666668
NanoMGT,Escherichia coli,SRR25689478,0.05,220,6,0.6842105263157895,0.6341463414634146,0.6582278481012659
NanoMGT,Escherichia coli,SRR25689478,0.05,220,7,0.6666666666666666,0.7317073170731707,0.6976744186046511
NanoMGT,Escherichia coli,SRR25689478,0.05,220,8,0.6862745098039216,0.8536585365853658,0.7608695652173912
NanoMGT,Escherichia coli,SRR25689478,0.05,220,9,0.74,0.902439024390244,0.8131868131868132
NanoMGT,Escherichia coli,SRR25689478,0.05,220,10,0.7307692307692307,0.926829268292683,0.8172043010752689
NanoMGT,Salmonella enterica,SRR28399428,0.05,220,1,0.0188679245283018,0.0222222222222222,0.0204081632653061
NanoMGT,Salmonella enterica,SRR28399428,0.05,220,2,0.0727272727272727,0.0888888888888888,0.08
NanoMGT,Salmonella enterica,SRR28399428,0.05,220,3,0.21875,0.3111111111111111,0.2568807339449541
NanoMGT,Salmonella enterica,SRR28399428,0.05,220,4,0.2957746478873239,0.4666666666666667,0.3620689655172414
NanoMGT,Salmonella enterica,SRR28399428,0.05,220,5,0.3580246913580246,0.6444444444444445,0.4603174603174603
NanoMGT,Salmonella enterica,SRR28399428,0.05,220,6,0.3950617283950617,0.7111111111111111,0.5079365079365079
NanoMGT,Salmonella enterica,SRR28399428,0.05,220,7,0.4352941176470588,0.8222222222222222,0.5692307692307692
NanoMGT,Salmonella enterica,SRR28399428,0.05,220,8,0.4555555555555555,0.9111111111111112,0.6074074074074074
NanoMGT,Salmonella enterica,SRR28399428,0.05,220,9,0.4782608695652174,0.9777777777777776,0.6423357664233577
NanoMGT,Salmonella enterica,SRR28399428,0.05,220,10,0.4891304347826087,1.0,0.6569343065693432
NanoMGT,Escherichia coli,ERR12533301,0.05,220,1,0.1388888888888889,0.1219512195121951,0.1298701298701298
NanoMGT,Escherichia coli,ERR12533301,0.05,220,2,0.4629629629629629,0.6097560975609756,0.5263157894736843
NanoMGT,Escherichia coli,ERR12533301,0.05,220,3,0.532258064516129,0.8048780487804879,0.6407766990291263
NanoMGT,Escherichia coli,ERR12533301,0.05,220,4,0.5492957746478874,0.951219512195122,0.6964285714285714
NanoMGT,Escherichia coli,ERR12533301,0.05,220,5,0.582089552238806,0.951219512195122,0.7222222222222221
NanoMGT,Escherichia coli,ERR12533301,0.05,220,6,0.5735294117647058,0.951219512195122,0.7155963302752294
NanoMGT,Escherichia coli,ERR12533301,0.05,220,7,0.5735294117647058,0.951219512195122,0.7155963302752294
NanoMGT,Escherichia coli,ERR12533301,0.05,220,8,0.5571428571428572,0.951219512195122,0.7027027027027027
NanoMGT,Escherichia coli,ERR12533301,0.05,220,9,0.5714285714285714,0.975609756097561,0.7207207207207207
NanoMGT,Escherichia coli,ERR12533301,0.05,220,10,0.6153846153846154,0.975609756097561,0.7547169811320755
NanoMGT,Staphylococcus aureus,ERR8958843,0.05,220,1,0.0,0.0,0.0
NanoMGT,Staphylococcus aureus,ERR8958843,0.05,220,2,0.0,0.0,0.0
NanoMGT,Staphylococcus aureus,ERR8958843,0.05,220,3,0.2,0.1,0.1333333333333333
NanoMGT,Staphylococcus aureus,ERR8958843,0.05,220,4,0.4333333333333333,0.325,0.3714285714285714
NanoMGT,Staphylococcus aureus,ERR8958843,0.05,220,5,0.5555555555555556,0.5,0.5263157894736842
NanoMGT,Staphylococcus aureus,ERR8958843,0.05,220,6,0.625,0.625,0.625
NanoMGT,Staphylococcus aureus,ERR8958843,0.05,220,7,0.6190476190476191,0.65,0.6341463414634146
NanoMGT,Staphylococcus aureus,ERR8958843,0.05,220,8,0.6341463414634146,0.65,0.6419753086419754
NanoMGT,Staphylococcus aureus,ERR8958843,0.05,220,9,0.6875,0.825,0.75
NanoMGT,Staphylococcus aureus,ERR8958843,0.05,220,10,0.7142857142857143,0.875,0.7865168539325842
