tool,specie,mrd,depth,batch,precision,recall,f1score
NanoMGT,ecoli,0.01,220,1,0.04683048433048433,0.10569105691056911,0.06396505436254728
NanoMGT,ecoli,0.01,220,2,0.1276594263436369,0.2601626016260163,0.1697350320476699
NanoMGT,ecoli,0.01,220,3,0.25893661321074735,0.5853658536585366,0.3548938441013913
NanoMGT,ecoli,0.01,220,4,0.2973533295604603,0.7154471544715447,0.41636548036142357
NanoMGT,ecoli,0.01,220,5,0.34057252635234286,0.7886178861788617,0.4744646464646465
NanoMGT,ecoli,0.01,220,6,0.3602890978753048,0.8699186991869919,0.5085846621420632
NanoMGT,ecoli,0.01,220,7,0.37035349730941497,0.8699186991869919,0.5189642808690428
NanoMGT,ecoli,0.01,220,8,0.40340886960450567,0.9024390243902438,0.5567154494332415
NanoMGT,ecoli,0.01,220,9,0.4017501007036399,0.9674796747967479,0.5663901458019106
NanoMGT,ecoli,0.01,220,10,0.39449707165598835,0.9674796747967479,0.560269701750432
NanoMGT,klebsiella,0.01,220,1,0.06904761904761905,0.1,0.0789272030651341
NanoMGT,klebsiella,0.01,220,2,0.19166666666666665,0.26666666666666666,0.21792114695340503
NanoMGT,klebsiella,0.01,220,3,0.23853989813242782,0.3666666666666667,0.28516624040920713
NanoMGT,klebsiella,0.01,220,4,0.33860342555994727,0.6,0.42982456140350866
NanoMGT,klebsiella,0.01,220,5,0.4117647058823529,0.7333333333333333,0.5217870932156646
NanoMGT,klebsiella,0.01,220,6,0.4343629343629344,0.7666666666666666,0.5448717948717949
NanoMGT,klebsiella,0.01,220,7,0.46212121212121215,0.8333333333333334,0.5866454689984102
NanoMGT,klebsiella,0.01,220,8,0.4701086956521739,0.8333333333333334,0.597424412094065
NanoMGT,klebsiella,0.01,220,9,0.5112443778110944,0.8666666666666667,0.6411483253588517
NanoMGT,klebsiella,0.01,220,10,0.5427536231884058,0.9333333333333333,0.683625730994152
NanoMGT,salmonella,0.01,220,1,0.12805172969107395,0.3111111111111111,0.18117711446177853
NanoMGT,salmonella,0.01,220,2,0.19844683393070486,0.5037037037037037,0.2828964950149039
NanoMGT,salmonella,0.01,220,3,0.24542884310704982,0.674074074074074,0.3596393876237589
NanoMGT,salmonella,0.01,220,4,0.2871005291005291,0.7111111111111111,0.4086274509803922
NanoMGT,salmonella,0.01,220,5,0.30274701485735117,0.7703703703703703,0.43256123254829704
NanoMGT,salmonella,0.01,220,6,0.3141864963959655,0.8518518518518517,0.4568691034272086
NanoMGT,salmonella,0.01,220,7,0.3272551296941541,0.8814814814814814,0.4759545259545259
NanoMGT,salmonella,0.01,220,8,0.35041027280477405,0.8962962962962964,0.5019077426433133
NanoMGT,salmonella,0.01,220,9,0.34387018287418575,0.8962962962962964,0.49444424026363826
NanoMGT,salmonella,0.01,220,10,0.3480237030060434,0.9259259259259259,0.5042041954508798
NanoMGT,campylobacter,0.01,220,1,0.2290305010893246,0.1640625,0.19000000000000003
NanoMGT,campylobacter,0.01,220,2,0.402520083187212,0.3385416666666667,0.366232723518954
NanoMGT,campylobacter,0.01,220,3,0.4836860670194003,0.4453125,0.46303216335246233
NanoMGT,campylobacter,0.01,220,4,0.5628302459763135,0.671875,0.6075830862849119
NanoMGT,campylobacter,0.01,220,5,0.584529956850817,0.6276041666666667,0.6052128123046616
NanoMGT,campylobacter,0.01,220,6,0.5932053144224196,0.6692708333333333,0.6287586322654901
NanoMGT,campylobacter,0.01,220,7,0.6483095942734681,0.8880208333333333,0.7479377473371147
NanoMGT,campylobacter,0.01,220,8,0.6492809796652061,0.7890625,0.7102589807852966
NanoMGT,campylobacter,0.01,220,9,0.634265988372093,0.671875,0.6520078316953317
NanoMGT,campylobacter,0.01,220,10,0.648064916668124,0.8177083333333333,0.7203104148690437
NanoMGT,ecoli,0.01,120,1,0.02775757575757576,0.07317073170731707,0.03976817331932709
NanoMGT,ecoli,0.01,120,2,0.09975530041319515,0.3008130081300813,0.14768528494018693
NanoMGT,ecoli,0.01,120,3,0.1499088630667578,0.4471544715447155,0.22106469613800991
NanoMGT,ecoli,0.01,120,4,0.21888955293258294,0.6097560975609756,0.31872000335516815
NanoMGT,ecoli,0.01,120,5,0.23253138974888202,0.6666666666666666,0.3411993576611662
NanoMGT,ecoli,0.01,120,6,0.28323411146070804,0.8211382113821138,0.4192239858906525
NanoMGT,ecoli,0.01,120,7,0.2706235688468046,0.8455284552845529,0.4074038809689489
NanoMGT,ecoli,0.01,120,8,0.29883201328976905,0.8699186991869919,0.443092831416289
NanoMGT,ecoli,0.01,120,9,0.2989203778677463,0.9024390243902438,0.44697525009808303
NanoMGT,ecoli,0.01,120,10,0.30312284334023465,0.9186991869918698,0.45443087066123705
NanoMGT,salmonella,0.01,120,1,0.0724036899512648,0.14814814814814814,0.09630357602263957
NanoMGT,salmonella,0.01,120,2,0.2146136576438543,0.4962962962962963,0.29751994412185184
NanoMGT,salmonella,0.01,120,3,0.2634998443821973,0.6296296296296297,0.36713920653275656
NanoMGT,salmonella,0.01,120,4,0.2863834422657952,0.7037037037037036,0.4026018793974595
NanoMGT,salmonella,0.01,120,5,0.2828268988754922,0.8148148148148148,0.4195221849872697
NanoMGT,salmonella,0.01,120,6,0.30223348080490936,0.8148148148148149,0.438254058155316
NanoMGT,salmonella,0.01,120,7,0.2799547355173954,0.8592592592592592,0.4223036549818544
NanoMGT,salmonella,0.01,120,8,0.2834142742901867,0.8814814814814814,0.42889897145216294
NanoMGT,salmonella,0.01,120,9,0.2788262103958581,0.8962962962962964,0.4251798555517972
NanoMGT,salmonella,0.01,120,10,0.2692741935483871,0.8962962962962964,0.41406186406186407
NanoMGT,staph,0.01,220,1,0.14222105814562597,0.2875,0.19012456179607667
NanoMGT,staph,0.01,220,2,0.18815244407622206,0.3875,0.25304504504504505
NanoMGT,staph,0.01,220,3,0.23197115384615385,0.525,0.32116151545363913
NanoMGT,staph,0.01,220,4,0.2973317161916313,0.6875,0.41477372262773726
NanoMGT,staph,0.01,220,5,0.330529440870856,0.75,0.45865908552475715
NanoMGT,staph,0.01,220,6,0.3477411477411477,0.7875000000000001,0.48244274809160304
NanoMGT,staph,0.01,220,7,0.3638732088580113,0.875,0.5139519792342634
NanoMGT,staph,0.01,220,8,0.36475017929715514,0.8374999999999999,0.5080990396852945
NanoMGT,staph,0.01,220,9,0.3768092105263158,0.8999999999999999,0.5312091503267974
NanoMGT,staph,0.01,220,10,0.38026315789473686,0.925,0.5388888888888888
NanoMGT,campylobacter,0.01,170,1,0.2038210491209681,0.15625,0.1768296442444047
NanoMGT,campylobacter,0.01,170,2,0.34962459523894246,0.3098958333333333,0.3282308327991412
NanoMGT,campylobacter,0.01,170,3,0.4418146503884573,0.45052083333333337,0.4448744598216728
NanoMGT,campylobacter,0.01,170,4,0.49979323262545916,0.53125,0.5147346480679814
NanoMGT,campylobacter,0.01,170,5,0.5323193521594685,0.609375,0.5681877244377244
NanoMGT,campylobacter,0.01,170,6,0.5321547271052737,0.6197916666666667,0.5726218473765307
NanoMGT,campylobacter,0.01,170,7,0.5670296306014206,0.6822916666666666,0.6193321223976527
NanoMGT,campylobacter,0.01,170,8,0.573956442831216,0.6875,0.6256064690026955
NanoMGT,campylobacter,0.01,170,9,0.5720442410373761,0.6822916666666667,0.6223200180546153
NanoMGT,campylobacter,0.01,170,10,0.5705895640388525,0.6848958333333333,0.6225210084033613
NanoMGT,klebsiella,0.01,120,1,0.05952380952380952,0.13333333333333333,0.08040935672514618
NanoMGT,klebsiella,0.01,120,2,0.11931818181818182,0.26666666666666666,0.16166883963494133
NanoMGT,klebsiella,0.01,120,3,0.22202797202797203,0.4666666666666667,0.2968168664737495
NanoMGT,klebsiella,0.01,120,4,0.24523809523809526,0.5333333333333333,0.3325581395348837
NanoMGT,klebsiella,0.01,120,5,0.27211394302848574,0.6000000000000001,0.3710879284649776
NanoMGT,klebsiella,0.01,120,6,0.3100303951367781,0.7,0.4242310577644411
NanoMGT,klebsiella,0.01,120,7,0.28918918918918923,0.7666666666666666,0.4192307692307693
NanoMGT,klebsiella,0.01,120,8,0.3099472990777339,0.7666666666666666,0.439207650273224
NanoMGT,klebsiella,0.01,120,9,0.32535460992907805,0.8666666666666667,0.4715370018975332
NanoMGT,klebsiella,0.01,120,10,0.3084795321637427,0.8333333333333333,0.449685534591195
NanoMGT,campylobacter,0.01,120,1,0.13624688667496887,0.109375,0.12112490352456906
NanoMGT,campylobacter,0.01,120,2,0.30177400119260583,0.2838541666666667,0.292266519010705
NanoMGT,campylobacter,0.01,120,3,0.3953467998297915,0.4088541666666667,0.40186830713146504
NanoMGT,campylobacter,0.01,120,4,0.43663464866735896,0.48958333333333337,0.4615932579928524
NanoMGT,campylobacter,0.01,120,5,0.4846541456710948,0.5755208333333333,0.5260734118921848
NanoMGT,campylobacter,0.01,120,6,0.5075853018372704,0.6302083333333333,0.5617801722747362
NanoMGT,campylobacter,0.01,120,7,0.5331211962567894,0.6848958333333333,0.5992343079760449
NanoMGT,campylobacter,0.01,120,8,0.531399300595971,0.6822916666666667,0.5972246016789446
NanoMGT,campylobacter,0.01,120,9,0.5332995951417003,0.703125,0.6064517104440905
NanoMGT,campylobacter,0.01,120,10,0.5472585600709512,0.7161458333333333,0.6201483350459349
NanoMGT,ecoli,0.01,170,1,0.06438287450945679,0.14634146341463417,0.08863381725428497
NanoMGT,ecoli,0.01,170,2,0.14016239786458015,0.3658536585365854,0.20040220540136433
NanoMGT,ecoli,0.01,170,3,0.19091801669121256,0.5365853658536585,0.2798195745589452
NanoMGT,ecoli,0.01,170,4,0.265072013910238,0.7479674796747968,0.3860426520620696
NanoMGT,ecoli,0.01,170,5,0.29896640826873383,0.7967479674796748,0.43361913209158703
NanoMGT,ecoli,0.01,170,6,0.29366747502000806,0.8861788617886179,0.43893619842345916
NanoMGT,ecoli,0.01,170,7,0.31818902491123363,0.8780487804878049,0.4651110571343751
NanoMGT,ecoli,0.01,170,8,0.3398923932345739,0.959349593495935,0.500392445425558
NanoMGT,ecoli,0.01,170,9,0.32463950166045974,0.9512195121951219,0.4799013622543034
NanoMGT,ecoli,0.01,170,10,0.3172878323620318,0.959349593495935,0.4734379605069261
NanoMGT,salmonella,0.01,170,1,0.11414881267822445,0.26666666666666666,0.1598095060333459
NanoMGT,salmonella,0.01,170,2,0.20677506775067753,0.5037037037037037,0.2925324675324675
NanoMGT,salmonella,0.01,170,3,0.2431293033026024,0.7259259259259259,0.3617104316327402
NanoMGT,salmonella,0.01,170,4,0.2703144078144078,0.7111111111111111,0.39089824754564645
NanoMGT,salmonella,0.01,170,5,0.28604885057471263,0.8074074074074075,0.41843230732404796
NanoMGT,salmonella,0.01,170,6,0.29266872973769525,0.8444444444444444,0.43112634640445613
NanoMGT,salmonella,0.01,170,7,0.29668597291810433,0.8888888888888888,0.4412075004510065
NanoMGT,salmonella,0.01,170,8,0.31071598288147123,0.8518518518518517,0.454395719886236
NanoMGT,salmonella,0.01,170,9,0.28837234082253554,0.8962962962962964,0.43617049824095155
NanoMGT,salmonella,0.01,170,10,0.29084208586696153,0.9037037037037038,0.4398382912349392
NanoMGT,klebsiella,0.01,170,1,0.05625,0.13333333333333333,0.0761904761904762
NanoMGT,klebsiella,0.01,170,2,0.16,0.33333333333333337,0.2065934065934066
NanoMGT,klebsiella,0.01,170,3,0.18896321070234112,0.4,0.25269892043182723
NanoMGT,klebsiella,0.01,170,4,0.28055555555555556,0.6,0.38169934640522873
NanoMGT,klebsiella,0.01,170,5,0.3385964912280702,0.8666666666666667,0.47777777777777786
NanoMGT,klebsiella,0.01,170,6,0.3310696095076401,0.8666666666666667,0.47101449275362317
NanoMGT,klebsiella,0.01,170,7,0.35388513513513514,0.8,0.4901800327332242
NanoMGT,klebsiella,0.01,170,8,0.3324915824915825,0.9,0.4800724637681159
NanoMGT,klebsiella,0.01,170,9,0.34375,0.9333333333333333,0.49505543901708116
NanoMGT,klebsiella,0.01,170,10,0.32844129554655865,0.9666666666666667,0.4880315404111517
NanoMGT,staph,0.01,120,1,0.13589743589743591,0.22499999999999998,0.1677777777777778
NanoMGT,staph,0.01,120,2,0.22898799313893653,0.425,0.29490824502455415
NanoMGT,staph,0.01,120,3,0.2259182259182259,0.5,0.3093500954091368
NanoMGT,staph,0.01,120,4,0.2923486867148839,0.6,0.38947556828351537
NanoMGT,staph,0.01,120,5,0.3477871148459384,0.8,0.47951873120043753
NanoMGT,staph,0.01,120,6,0.33819272125723737,0.8125,0.472405952873088
NanoMGT,staph,0.01,120,7,0.33636363636363636,0.8374999999999999,0.4769689440993789
NanoMGT,staph,0.01,120,8,0.37114404817044927,0.9375,0.5275688622754491
NanoMGT,staph,0.01,120,9,0.35901580459770116,0.925,0.5134983127109112
NanoMGT,staph,0.01,120,10,0.34942528735632183,0.95,0.5046180038306023
NanoMGT,staph,0.01,170,1,0.17598684210526316,0.35000000000000003,0.23377281947261666
NanoMGT,staph,0.01,170,2,0.2072135785007072,0.4375,0.28023276959447174
NanoMGT,staph,0.01,170,3,0.2715056664867782,0.6375,0.3796510067114094
NanoMGT,staph,0.01,170,4,0.2918442464161178,0.7250000000000001,0.4147286821705427
NanoMGT,staph,0.01,170,5,0.31623529411764706,0.8,0.449939393939394
NanoMGT,staph,0.01,170,6,0.33472222222222225,0.8500000000000001,0.4783653846153846
NanoMGT,staph,0.01,170,7,0.32918613007545816,0.8500000000000001,0.472849614153962
NanoMGT,staph,0.01,170,8,0.32722179781003313,0.875,0.4755440930274648
NanoMGT,staph,0.01,170,9,0.3207045291157441,0.9375,0.4770708283313325
NanoMGT,staph,0.01,170,10,0.32626995645863566,0.95,0.48477034649476225
NanoMGT,ecoli,0.02,220,1,0.050724637681159424,0.05691056910569106,0.05363984674329502
NanoMGT,ecoli,0.02,220,2,0.13290043290043288,0.16260162601626016,0.14432367149758452
NanoMGT,ecoli,0.02,220,3,0.3682900432900433,0.4065040650406504,0.36527329678014603
NanoMGT,ecoli,0.02,220,4,0.46179084073820914,0.5447154471544716,0.48061421745632277
NanoMGT,ecoli,0.02,220,5,0.5217054263565891,0.6747967479674797,0.5747484178856728
NanoMGT,ecoli,0.02,220,6,0.5495497278574963,0.7317073170731708,0.6184380753346271
NanoMGT,ecoli,0.02,220,7,0.6086078173034695,0.7723577235772358,0.673390540148406
NanoMGT,ecoli,0.02,220,8,0.6028571428571429,0.8211382113821138,0.6907258907258909
NanoMGT,ecoli,0.02,220,9,0.6259398790076753,0.8780487804878049,0.7270549755517379
NanoMGT,ecoli,0.02,220,10,0.6528396089036822,0.9512195121951219,0.7725030921459494
NanoMGT,klebsiella,0.02,220,1,0.3125,0.06666666666666667,0.10230179028132994
NanoMGT,klebsiella,0.02,220,2,0.5151515151515151,0.2,0.2649572649572649
NanoMGT,klebsiella,0.02,220,3,0.5818181818181818,0.26666666666666666,0.3538461538461538
NanoMGT,klebsiella,0.02,220,4,0.6103896103896104,0.33333333333333337,0.42657342657342656
NanoMGT,klebsiella,0.02,220,5,0.7166666666666667,0.5666666666666667,0.6266666666666667
NanoMGT,klebsiella,0.02,220,6,0.7478070175438596,0.7333333333333333,0.7309368191721133
NanoMGT,klebsiella,0.02,220,7,0.7818627450980392,0.7333333333333333,0.7511574074074074
NanoMGT,klebsiella,0.02,220,8,0.8144796380090498,0.8,0.8035714285714286
NanoMGT,klebsiella,0.02,220,9,0.8172268907563025,0.8333333333333334,0.8232758620689655
NanoMGT,klebsiella,0.02,220,10,0.8253968253968254,0.8666666666666667,0.8422152560083593
NanoMGT,salmonella,0.02,220,1,0.13865440115440117,0.23703703703703705,0.17462468409003065
NanoMGT,salmonella,0.02,220,2,0.23460841368959118,0.4074074074074074,0.29681676087595754
NanoMGT,salmonella,0.02,220,3,0.3246657754010695,0.5851851851851851,0.4166760263490585
NanoMGT,salmonella,0.02,220,4,0.3546875928898401,0.6666666666666666,0.46186779468198463
NanoMGT,salmonella,0.02,220,5,0.3876714065813065,0.7407407407407408,0.508373111010317
NanoMGT,salmonella,0.02,220,6,0.42548615405758267,0.837037037037037,0.5630365586649739
NanoMGT,salmonella,0.02,220,7,0.4541130388952452,0.8814814814814814,0.5985210284938721
NanoMGT,salmonella,0.02,220,8,0.4600410548676646,0.8962962962962963,0.6076490906511433
NanoMGT,salmonella,0.02,220,9,0.47633921134670754,0.9259259259259259,0.6288568934978712
NanoMGT,salmonella,0.02,220,10,0.48949019916761854,0.9555555555555556,0.6468050988511346
NanoMGT,campylobacter,0.02,220,1,0.29554865424430643,0.09114583333333333,0.13807839669908636
NanoMGT,campylobacter,0.02,220,2,0.5551378446115288,0.2421875,0.33130501805200596
NanoMGT,campylobacter,0.02,220,3,0.644964155599953,0.3333333333333333,0.4303022234056717
NanoMGT,campylobacter,0.02,220,4,0.7269449715370019,0.5078125,0.5856935155568479
NanoMGT,campylobacter,0.02,220,5,0.7831516608016479,0.640625,0.6962298980559113
NanoMGT,campylobacter,0.02,220,6,0.8107890499194848,0.7213541666666666,0.7549378032236556
NanoMGT,campylobacter,0.02,220,7,0.8278409090909091,0.8177083333333333,0.8175750220653133
NanoMGT,campylobacter,0.02,220,8,0.8389185977421272,0.8984375,0.865808672323355
NanoMGT,campylobacter,0.02,220,9,0.8379592384017163,0.9244791666666667,0.8781376518218623
NanoMGT,campylobacter,0.02,220,10,0.8404320401662342,0.953125,0.8926711076979861
NanoMGT,ecoli,0.02,120,1,0.03287288122498803,0.06504065040650406,0.042565329407434675
NanoMGT,ecoli,0.02,120,2,0.12795563925507428,0.2682926829268293,0.16803266026701977
NanoMGT,ecoli,0.02,120,3,0.22256962190221366,0.4471544715447155,0.29079287165643836
NanoMGT,ecoli,0.02,120,4,0.30438596491228065,0.6666666666666666,0.41290293079442747
NanoMGT,ecoli,0.02,120,5,0.3332867991958901,0.7154471544715447,0.4490039695546087
NanoMGT,ecoli,0.02,120,6,0.3714019607843137,0.8536585365853658,0.5134851356099986
NanoMGT,ecoli,0.02,120,7,0.3928220255653884,0.8861788617886179,0.5421645021645022
NanoMGT,ecoli,0.02,120,8,0.3968412109978375,0.9105691056910569,0.5475743180635911
NanoMGT,ecoli,0.02,120,9,0.37878787878787884,0.9186991869918698,0.5325100442251746
NanoMGT,ecoli,0.02,120,10,0.39795995917746946,0.9349593495934959,0.5539694989106753
NanoMGT,salmonella,0.02,120,1,0.08984323336056327,0.13333333333333333,0.1047079964061096
NanoMGT,salmonella,0.02,120,2,0.23618693134822166,0.5111111111111111,0.319115381179171
NanoMGT,salmonella,0.02,120,3,0.2900880546865949,0.6962962962962963,0.4049252985003872
NanoMGT,salmonella,0.02,120,4,0.32576312576312577,0.7851851851851852,0.4557071102981738
NanoMGT,salmonella,0.02,120,5,0.3477043864140638,0.8814814814814814,0.4948088127575307
NanoMGT,salmonella,0.02,120,6,0.3480464194749909,0.9629629629629629,0.507533935215558
NanoMGT,salmonella,0.02,120,7,0.3486863711001642,0.9481481481481482,0.5071133859445204
NanoMGT,salmonella,0.02,120,8,0.34101237842617155,0.9777777777777779,0.5028267623110435
NanoMGT,salmonella,0.02,120,9,0.33516289825938245,0.9851851851851853,0.49801193233702185
NanoMGT,salmonella,0.02,120,10,0.3268398268398269,0.9851851851851853,0.48835575728102887
NanoMGT,staph,0.02,220,1,0.27233115468409586,0.225,0.24606696248487292
NanoMGT,staph,0.02,220,2,0.3001949317738791,0.275,0.2862610026789132
NanoMGT,staph,0.02,220,3,0.4222222222222223,0.4375,0.42689075630252105
NanoMGT,staph,0.02,220,4,0.5100840336134453,0.5875,0.5422710622710623
NanoMGT,staph,0.02,220,5,0.5568783068783069,0.6875,0.6131292163985469
NanoMGT,staph,0.02,220,6,0.575925925925926,0.7250000000000001,0.6406758448060075
NanoMGT,staph,0.02,220,7,0.5910806174957118,0.8,0.6797962648556877
NanoMGT,staph,0.02,220,8,0.6153198653198653,0.8375,0.7094064949608063
NanoMGT,staph,0.02,220,9,0.6335470085470085,0.8375,0.7213228492136912
NanoMGT,staph,0.02,220,10,0.6131493506493506,0.8500000000000001,0.7123903508771929
NanoMGT,campylobacter,0.02,170,1,0.2652571926765475,0.11979166666666666,0.16466165413533834
NanoMGT,campylobacter,0.02,170,2,0.4931790774796503,0.2994791666666667,0.3722005842259007
NanoMGT,campylobacter,0.02,170,3,0.581495589414595,0.45052083333333337,0.5032467532467533
NanoMGT,campylobacter,0.02,170,4,0.654936974789916,0.5625,0.6012819281736124
NanoMGT,campylobacter,0.02,170,5,0.7058741609336268,0.7135416666666667,0.7051025632274139
NanoMGT,campylobacter,0.02,170,6,0.7195675701110483,0.78125,0.7467494089834514
NanoMGT,campylobacter,0.02,170,7,0.7414788116171507,0.8489583333333333,0.7908424475317766
NanoMGT,campylobacter,0.02,170,8,0.7456596272385747,0.9114583333333334,0.8196879161026929
NanoMGT,campylobacter,0.02,170,9,0.7602051282051282,0.9583333333333333,0.847619654579058
NanoMGT,campylobacter,0.02,170,10,0.7683766713700195,0.9765625,0.8600361930012836
NanoMGT,klebsiella,0.02,120,1,0.08391608391608392,0.1,0.0872420262664165
NanoMGT,klebsiella,0.02,120,2,0.18888888888888888,0.23333333333333334,0.20476190476190476
NanoMGT,klebsiella,0.02,120,3,0.38629032258064516,0.6333333333333333,0.4745341614906832
NanoMGT,klebsiella,0.02,120,4,0.4327445652173913,0.7666666666666666,0.5498320268756999
NanoMGT,klebsiella,0.02,120,5,0.427536231884058,0.7666666666666666,0.5449561403508771
NanoMGT,klebsiella,0.02,120,6,0.46181818181818185,0.8666666666666667,0.6000000000000001
NanoMGT,klebsiella,0.02,120,7,0.5245098039215685,0.9,0.6541950113378685
NanoMGT,klebsiella,0.02,120,8,0.49006211180124226,0.9,0.628421052631579
NanoMGT,klebsiella,0.02,120,9,0.49006211180124226,0.9,0.628421052631579
NanoMGT,klebsiella,0.02,120,10,0.4916666666666667,0.9333333333333333,0.6389743589743591
NanoMGT,campylobacter,0.02,120,1,0.16389751552795032,0.09635416666666666,0.12135693468198182
NanoMGT,campylobacter,0.02,120,2,0.3738342898134863,0.2994791666666667,0.33190600164428613
NanoMGT,campylobacter,0.02,120,3,0.5017647058823529,0.4895833333333333,0.4948133949712481
NanoMGT,campylobacter,0.02,120,4,0.5620873822416734,0.6015625,0.5799322033898305
NanoMGT,campylobacter,0.02,120,5,0.6041152616559744,0.6822916666666667,0.6406634017366223
NanoMGT,campylobacter,0.02,120,6,0.6404255319148936,0.7838541666666667,0.7049180327868854
NanoMGT,campylobacter,0.02,120,7,0.6644778841769265,0.8880208333333333,0.7601491424310216
NanoMGT,campylobacter,0.02,120,8,0.6698520428939867,0.9479166666666667,0.7848782531775222
NanoMGT,campylobacter,0.02,120,9,0.6805085751587443,0.9192708333333334,0.7815176279224725
NanoMGT,campylobacter,0.02,120,10,0.6750468755979031,0.984375,0.8008779844063506
NanoMGT,ecoli,0.02,170,1,0.06795142841654468,0.08943089430894309,0.07615338970479157
NanoMGT,ecoli,0.02,170,2,0.1610658277324944,0.24390243902439024,0.18858789508601873
NanoMGT,ecoli,0.02,170,3,0.29658025507331526,0.47154471544715454,0.35595136242254544
NanoMGT,ecoli,0.02,170,4,0.3886899687411196,0.6504065040650406,0.47903011942253393
NanoMGT,ecoli,0.02,170,5,0.4215228219764084,0.7479674796747968,0.5332880865868227
NanoMGT,ecoli,0.02,170,6,0.45417700578990905,0.804878048780488,0.5763343021109875
NanoMGT,ecoli,0.02,170,7,0.46387458209090093,0.8617886178861789,0.600399523170987
NanoMGT,ecoli,0.02,170,8,0.48840062411395113,0.9268292682926829,0.637844611528822
NanoMGT,ecoli,0.02,170,9,0.4957644417228006,0.9430894308943089,0.6480767135229378
NanoMGT,ecoli,0.02,170,10,0.4738470967785388,0.9674796747967479,0.6352614634196119
NanoMGT,salmonella,0.02,170,1,0.11709072693293258,0.19259259259259257,0.145610837737683
NanoMGT,salmonella,0.02,170,2,0.22996860830805302,0.4444444444444444,0.3029353621010448
NanoMGT,salmonella,0.02,170,3,0.3196660842554844,0.6666666666666666,0.4313828376450686
NanoMGT,salmonella,0.02,170,4,0.35036252099037934,0.7555555555555555,0.47646717267894534
NanoMGT,salmonella,0.02,170,5,0.3752336373433705,0.8296296296296296,0.5147499575479708
NanoMGT,salmonella,0.02,170,6,0.3828777384811868,0.8740740740740741,0.5304007282068145
NanoMGT,salmonella,0.02,170,7,0.39359177077115853,0.9037037037037038,0.5466646699612306
NanoMGT,salmonella,0.02,170,8,0.39373350663673246,0.9481481481481482,0.5542062540554245
NanoMGT,salmonella,0.02,170,9,0.4013607950123299,0.9629629629629629,0.564696603076207
NanoMGT,salmonella,0.02,170,10,0.39429378531073445,0.9925925925925926,0.563326240163931
NanoMGT,klebsiella,0.02,170,1,0.14583333333333331,0.13333333333333333,0.13438735177865613
NanoMGT,klebsiella,0.02,170,2,0.3068181818181818,0.3,0.2967032967032967
NanoMGT,klebsiella,0.02,170,3,0.3068181818181818,0.3,0.2967032967032967
NanoMGT,klebsiella,0.02,170,4,0.39743589743589747,0.43333333333333335,0.4087301587301587
NanoMGT,klebsiella,0.02,170,5,0.5378787878787878,0.6333333333333333,0.5765765765765766
NanoMGT,klebsiella,0.02,170,6,0.5811111111111111,0.8,0.6689393939393938
NanoMGT,klebsiella,0.02,170,7,0.5821052631578947,0.8333333333333334,0.6823529411764706
NanoMGT,klebsiella,0.02,170,8,0.6,0.9,0.7170731707317073
NanoMGT,klebsiella,0.02,170,9,0.618421052631579,0.9,0.7288378766140602
NanoMGT,klebsiella,0.02,170,10,0.6388888888888888,0.9,0.7413155949741316
NanoMGT,staph,0.02,120,1,0.155,0.21250000000000002,0.17777777777777778
NanoMGT,staph,0.02,120,2,0.24794745484400654,0.425,0.311749866218179
NanoMGT,staph,0.02,120,3,0.2773664727657324,0.4875,0.35040571726345565
NanoMGT,staph,0.02,120,4,0.3158143939393939,0.5875,0.4080188679245283
NanoMGT,staph,0.02,120,5,0.3776098901098901,0.7875000000000001,0.5061868686868687
NanoMGT,staph,0.02,120,6,0.369281045751634,0.775,0.49698189134808846
NanoMGT,staph,0.02,120,7,0.3907335907335907,0.8500000000000001,0.529319686935581
NanoMGT,staph,0.02,120,8,0.4085996240601504,0.925,0.5623865698729583
NanoMGT,staph,0.02,120,9,0.4008438818565401,0.9375,0.5576776165011459
NanoMGT,staph,0.02,120,10,0.41505266734624535,0.9624999999999999,0.5773476066337567
NanoMGT,staph,0.02,170,1,0.21424223980523432,0.28750000000000003,0.24541429475015814
NanoMGT,staph,0.02,170,2,0.25965166908563136,0.36250000000000004,0.3019969278033794
NanoMGT,staph,0.02,170,3,0.35684210526315785,0.5625,0.4348722545943523
NanoMGT,staph,0.02,170,4,0.370253164556962,0.625,0.4635854341736695
NanoMGT,staph,0.02,170,5,0.41504126031507876,0.7375,0.5280112044817927
NanoMGT,staph,0.02,170,6,0.43472222222222223,0.8625,0.576510989010989
NanoMGT,staph,0.02,170,7,0.4409246575342466,0.875,0.5852461283185841
NanoMGT,staph,0.02,170,8,0.4398484848484848,0.8875,0.5873641304347825
NanoMGT,staph,0.02,170,9,0.42914862914862917,0.8875,0.5777777777777777
NanoMGT,staph,0.02,170,10,0.445699079401611,0.925,0.6011685924369747
NanoMGT,ecoli,0.03,220,1,0.05128205128205129,0.048780487804878044,0.049999999999999996
NanoMGT,ecoli,0.03,220,2,0.1320754716981132,0.17073170731707318,0.14893617021276595
NanoMGT,ecoli,0.03,220,3,0.3540372670807453,0.3658536585365854,0.3276480400333612
NanoMGT,ecoli,0.03,220,4,0.5120261437908497,0.5691056910569107,0.513656505080793
NanoMGT,ecoli,0.03,220,5,0.5681284880771181,0.6422764227642276,0.582455516125307
NanoMGT,ecoli,0.03,220,6,0.6312353882121323,0.7479674796747968,0.6714636714636715
NanoMGT,ecoli,0.03,220,7,0.640176248871901,0.7642276422764227,0.6856608251186564
NanoMGT,ecoli,0.03,220,8,0.6551495345612992,0.8211382113821138,0.7217058447018663
NanoMGT,ecoli,0.03,220,9,0.6840060176230388,0.8943089430894308,0.771032705612145
NanoMGT,ecoli,0.03,220,10,0.6972096530920061,0.9430894308943089,0.7994139976065933
NanoMGT,klebsiella,0.03,220,1,0.05,0.03333333333333333,0.04
NanoMGT,klebsiella,0.03,220,2,0.48717948717948717,0.2,0.25396825396825395
NanoMGT,klebsiella,0.03,220,3,0.6538461538461539,0.26666666666666666,0.3533834586466166
NanoMGT,klebsiella,0.03,220,4,0.6666666666666666,0.43333333333333335,0.5144927536231885
NanoMGT,klebsiella,0.03,220,5,0.75,0.7,0.7087912087912087
NanoMGT,klebsiella,0.03,220,6,0.6865384615384615,0.7,0.6857142857142857
NanoMGT,klebsiella,0.03,220,7,0.7261904761904763,0.8,0.7538314176245211
NanoMGT,klebsiella,0.03,220,8,0.7727272727272727,0.8333333333333334,0.7886100386100385
NanoMGT,klebsiella,0.03,220,9,0.7597402597402598,0.8666666666666667,0.799627213420317
NanoMGT,klebsiella,0.03,220,10,0.7710144927536232,0.9333333333333333,0.8350877192982455
NanoMGT,salmonella,0.03,220,1,0.1658669014601218,0.1851851851851852,0.17483360611020185
NanoMGT,salmonella,0.03,220,2,0.2800583835066594,0.39999999999999997,0.32919552449593253
NanoMGT,salmonella,0.03,220,3,0.35234281700035125,0.562962962962963,0.4331535695942476
NanoMGT,salmonella,0.03,220,4,0.40140614491522425,0.6814814814814816,0.5045289524523578
NanoMGT,salmonella,0.03,220,5,0.4329768119266338,0.7703703703703703,0.5525970028574841
NanoMGT,salmonella,0.03,220,6,0.4562388237087032,0.8518518518518517,0.5921695066915654
NanoMGT,salmonella,0.03,220,7,0.48504747626186906,0.9037037037037038,0.6301371378013713
NanoMGT,salmonella,0.03,220,8,0.4939032359245125,0.9259259259259259,0.6426200923383364
NanoMGT,salmonella,0.03,220,9,0.5024541481063219,0.9555555555555556,0.6576165172391889
NanoMGT,salmonella,0.03,220,10,0.5143376836740682,0.9777777777777779,0.672865900899782
NanoMGT,campylobacter,0.03,220,1,0.2628053585500394,0.0546875,0.08977665692287118
NanoMGT,campylobacter,0.03,220,2,0.5695115405260333,0.19270833333333334,0.2839905192846369
NanoMGT,campylobacter,0.03,220,3,0.6598602484472049,0.3046875,0.40668015130818536
NanoMGT,campylobacter,0.03,220,4,0.7777777777777777,0.5,0.5926615757124232
NanoMGT,campylobacter,0.03,220,5,0.8265950580859303,0.6536458333333334,0.7200510571222973
NanoMGT,campylobacter,0.03,220,6,0.8494604316546763,0.75,0.7901689376657006
NanoMGT,campylobacter,0.03,220,7,0.8678522571819425,0.8697916666666667,0.8658422360079818
NanoMGT,campylobacter,0.03,220,8,0.8801867461463233,0.9505208333333333,0.913417769139131
NanoMGT,campylobacter,0.03,220,9,0.8784288414549813,0.953125,0.9137795521177718
NanoMGT,campylobacter,0.03,220,10,0.8835830075121909,0.9817708333333333,0.9298064170732598
NanoMGT,ecoli,0.03,120,1,0.04053156146179402,0.06504065040650406,0.04820450075319532
NanoMGT,ecoli,0.03,120,2,0.13926645091693635,0.23577235772357727,0.1673082258288251
NanoMGT,ecoli,0.03,120,3,0.22672827566444587,0.39024390243902435,0.27426505934129525
NanoMGT,ecoli,0.03,120,4,0.3371725383920506,0.6504065040650406,0.431534206301619
NanoMGT,ecoli,0.03,120,5,0.35797727272727276,0.6829268292682927,0.45603126792885823
NanoMGT,ecoli,0.03,120,6,0.41400133266699984,0.7967479674796749,0.5359493144293095
NanoMGT,ecoli,0.03,120,7,0.43900880858611674,0.8536585365853658,0.5711770668373067
NanoMGT,ecoli,0.03,120,8,0.45891414521551505,0.8943089430894308,0.5995374426941691
NanoMGT,ecoli,0.03,120,9,0.44917116777342264,0.9105691056910569,0.5961793730773702
NanoMGT,ecoli,0.03,120,10,0.45922475270301355,0.9105691056910569,0.6045413356188994
NanoMGT,salmonella,0.03,120,1,0.099276278229118,0.11851851851851852,0.10612127193077792
NanoMGT,salmonella,0.03,120,2,0.2463316628290216,0.45925925925925926,0.31725146198830406
NanoMGT,salmonella,0.03,120,3,0.3101155974719193,0.6518518518518519,0.41711511987851585
NanoMGT,salmonella,0.03,120,4,0.3471277121224408,0.7555555555555555,0.47054903180129126
NanoMGT,salmonella,0.03,120,5,0.37418063930778067,0.8814814814814814,0.5202499084431106
NanoMGT,salmonella,0.03,120,6,0.38290324162065953,0.9333333333333332,0.5390658840047199
NanoMGT,salmonella,0.03,120,7,0.3870738636363636,0.9629629629629629,0.5480390503052969
NanoMGT,salmonella,0.03,120,8,0.3853395708234418,0.9777777777777779,0.5499575517028877
NanoMGT,salmonella,0.03,120,9,0.3795960988166292,0.9851851851851853,0.5457266993966571
NanoMGT,salmonella,0.03,120,10,0.3781401804302567,1.0,0.5468426226024121
NanoMGT,staph,0.03,220,1,0.3166666666666667,0.1625,0.21458333333333335
NanoMGT,staph,0.03,220,2,0.39583333333333337,0.2375,0.296875
NanoMGT,staph,0.03,220,3,0.47494172494172493,0.375,0.4182233291822333
NanoMGT,staph,0.03,220,4,0.5964523281596452,0.575,0.5841366480635887
NanoMGT,staph,0.03,220,5,0.633881230116649,0.7,0.6648004593741028
NanoMGT,staph,0.03,220,6,0.648936170212766,0.7625,0.7011494252873562
NanoMGT,staph,0.03,220,7,0.6877346683354193,0.8375,0.7549576859921687
NanoMGT,staph,0.03,220,8,0.6836170212765957,0.825,0.7475095785440613
NanoMGT,staph,0.03,220,9,0.6975385899040467,0.8500000000000001,0.7659466969811797
NanoMGT,staph,0.03,220,10,0.6955038137294259,0.8625,0.7693733778272154
NanoMGT,campylobacter,0.03,170,1,0.2469758064516129,0.07291666666666666,0.11230314960629922
NanoMGT,campylobacter,0.03,170,2,0.5414985943038748,0.2604166666666667,0.35079823475727917
NanoMGT,campylobacter,0.03,170,3,0.6404041125232043,0.4192708333333333,0.5009023234829687
NanoMGT,campylobacter,0.03,170,4,0.7234649122807018,0.5546875,0.6232517482517483
NanoMGT,campylobacter,0.03,170,5,0.779969286879739,0.7317708333333333,0.750498695718889
NanoMGT,campylobacter,0.03,170,6,0.8010855683269476,0.8151041666666666,0.8056894889103181
NanoMGT,campylobacter,0.03,170,7,0.8128520639024841,0.8828125,0.845629165522578
NanoMGT,campylobacter,0.03,170,8,0.815073815073815,0.9401041666666667,0.8724433048833315
NanoMGT,campylobacter,0.03,170,9,0.8268709852178624,0.9791666666666667,0.8962866953180071
NanoMGT,campylobacter,0.03,170,10,0.8219582324455206,0.984375,0.8957135154565061
NanoMGT,klebsiella,0.03,120,1,0.043478260869565216,0.06666666666666667,0.052631578947368425
NanoMGT,klebsiella,0.03,120,2,0.13392857142857142,0.13333333333333333,0.12237762237762238
NanoMGT,klebsiella,0.03,120,3,0.4536637931034483,0.6333333333333333,0.5175953079178885
NanoMGT,klebsiella,0.03,120,4,0.4882032667876588,0.7333333333333334,0.5802139037433155
NanoMGT,klebsiella,0.03,120,5,0.5083333333333333,0.8,0.6158730158730159
NanoMGT,klebsiella,0.03,120,6,0.5074728260869565,0.9,0.64501679731243
NanoMGT,klebsiella,0.03,120,7,0.553125,0.9,0.676595744680851
NanoMGT,klebsiella,0.03,120,8,0.5780984719864176,0.9,0.6943734015345269
NanoMGT,klebsiella,0.03,120,9,0.6008064516129032,0.9666666666666667,0.732919254658385
NanoMGT,klebsiella,0.03,120,10,0.6083333333333334,0.9666666666666667,0.7396825396825397
NanoMGT,campylobacter,0.03,120,1,0.14457831325301204,0.0625,0.08727272727272725
NanoMGT,campylobacter,0.03,120,2,0.4330669660546823,0.2838541666666667,0.34238157497737104
NanoMGT,campylobacter,0.03,120,3,0.563095825115056,0.46354166666666663,0.5077084157762828
NanoMGT,campylobacter,0.03,120,4,0.6183094859565448,0.6197916666666667,0.6140096618357488
NanoMGT,campylobacter,0.03,120,5,0.6552058289583436,0.703125,0.6757077742825961
NanoMGT,campylobacter,0.03,120,6,0.687058555479608,0.7890625,0.7340808734664521
NanoMGT,campylobacter,0.03,120,7,0.713991341991342,0.8958333333333333,0.7943369382668506
NanoMGT,campylobacter,0.03,120,8,0.7243149072417365,0.953125,0.8229808948151748
NanoMGT,campylobacter,0.03,120,9,0.7215929739551787,0.9661458333333333,0.8261240525417675
NanoMGT,campylobacter,0.03,120,10,0.724323386537127,0.9921875,0.837352191050313
NanoMGT,ecoli,0.03,170,1,0.04969696969696969,0.056910569105691054,0.05176767676767677
NanoMGT,ecoli,0.03,170,2,0.12527233115468409,0.17073170731707318,0.13950350782514842
NanoMGT,ecoli,0.03,170,3,0.296420792889426,0.3983739837398374,0.3210196371486694
NanoMGT,ecoli,0.03,170,4,0.4484914782702644,0.6178861788617885,0.503774267417278
NanoMGT,ecoli,0.03,170,5,0.49941077441077436,0.6991869918699187,0.5678066575467396
NanoMGT,ecoli,0.03,170,6,0.5018832516741244,0.7560975609756099,0.5939839440504334
NanoMGT,ecoli,0.03,170,7,0.5450744778054015,0.8373983739837398,0.6544594775932181
NanoMGT,ecoli,0.03,170,8,0.5739956108082275,0.8943089430894308,0.6954248366013073
NanoMGT,ecoli,0.03,170,9,0.5749490275806065,0.9186991869918698,0.7047440658386795
NanoMGT,ecoli,0.03,170,10,0.5725956024680979,0.9512195121951219,0.7124749064488153
NanoMGT,salmonella,0.03,170,1,0.14579502363513583,0.15555555555555556,0.1497003151700643
NanoMGT,salmonella,0.03,170,2,0.2748437300676107,0.39999999999999997,0.3248161053039102
NanoMGT,salmonella,0.03,170,3,0.39204962392221604,0.6592592592592593,0.48880447360216134
NanoMGT,salmonella,0.03,170,4,0.4150854544716438,0.7703703703703703,0.5354565901934323
NanoMGT,salmonella,0.03,170,5,0.4365079365079365,0.8296296296296296,0.5680515297906602
NanoMGT,salmonella,0.03,170,6,0.4531465912831701,0.8814814814814814,0.595488245226082
NanoMGT,salmonella,0.03,170,7,0.45017673752089804,0.9333333333333335,0.6051190064015205
NanoMGT,salmonella,0.03,170,8,0.4421281819655804,0.9481481481481482,0.6010050822868092
NanoMGT,salmonella,0.03,170,9,0.45922806229410007,0.9703703703703704,0.6209565857247977
NanoMGT,salmonella,0.03,170,10,0.4564444988973291,1.0,0.6247820233203997
NanoMGT,klebsiella,0.03,170,1,0.058823529411764705,0.06666666666666667,0.0625
NanoMGT,klebsiella,0.03,170,2,0.325,0.23333333333333334,0.24285714285714288
NanoMGT,klebsiella,0.03,170,3,0.375,0.3,0.31677018633540377
NanoMGT,klebsiella,0.03,170,4,0.4818181818181818,0.4666666666666667,0.4562162162162162
NanoMGT,klebsiella,0.03,170,5,0.578005115089514,0.7333333333333334,0.6430921052631579
NanoMGT,klebsiella,0.03,170,6,0.6533333333333333,0.8,0.7083333333333333
NanoMGT,klebsiella,0.03,170,7,0.6469907407407407,0.8666666666666667,0.728878648233487
NanoMGT,klebsiella,0.03,170,8,0.6383928571428572,0.8666666666666667,0.7216804201050262
NanoMGT,klebsiella,0.03,170,9,0.6617647058823529,0.9333333333333333,0.7630813953488371
NanoMGT,klebsiella,0.03,170,10,0.6875,0.9333333333333333,0.7771942985746436
NanoMGT,staph,0.03,120,1,0.17543436293436293,0.17500000000000002,0.17410714285714288
NanoMGT,staph,0.03,120,2,0.27603110209601084,0.36250000000000004,0.3131868131868132
NanoMGT,staph,0.03,120,3,0.3141998734977862,0.425,0.3605903900021547
NanoMGT,staph,0.03,120,4,0.3561079545454545,0.5125,0.4197368421052632
NanoMGT,staph,0.03,120,5,0.44784836065573774,0.775,0.5652640264026403
NanoMGT,staph,0.03,120,6,0.43817878028404345,0.75,0.5520589219953129
NanoMGT,staph,0.03,120,7,0.4725490196078431,0.8375,0.6000000000000001
NanoMGT,staph,0.03,120,8,0.48264114211550946,0.9375,0.6336731804021524
NanoMGT,staph,0.03,120,9,0.4741864831038798,0.9375,0.6261746821448313
NanoMGT,staph,0.03,120,10,0.4724170172978027,0.9375,0.6251638269986894
NanoMGT,staph,0.03,170,1,0.3263157894736842,0.25,0.28278388278388283
NanoMGT,staph,0.03,170,2,0.3705541770057899,0.3,0.33089677304332327
NanoMGT,staph,0.03,170,3,0.4983850129198966,0.475,0.485573874445149
NanoMGT,staph,0.03,170,4,0.5176282051282052,0.5375,0.5261795166858458
NanoMGT,staph,0.03,170,5,0.5976190476190476,0.7250000000000001,0.6502439024390243
NanoMGT,staph,0.03,170,6,0.5966160657811511,0.825,0.6909071320836027
NanoMGT,staph,0.03,170,7,0.6084615384615385,0.8500000000000001,0.7063492063492063
NanoMGT,staph,0.03,170,8,0.6351267779839208,0.8875,0.7364850540597838
NanoMGT,staph,0.03,170,9,0.654811051127342,0.9,0.7523901600601568
NanoMGT,staph,0.03,170,10,0.6540733830845771,0.9125000000000001,0.7569031435853866
NanoMGT,ecoli,0.04,220,1,0.05128205128205129,0.06504065040650407,0.057347670250896064
NanoMGT,ecoli,0.04,220,2,0.151268115942029,0.22764227642276424,0.1753322700691122
NanoMGT,ecoli,0.04,220,3,0.33845029239766083,0.39024390243902446,0.33156788566624634
NanoMGT,ecoli,0.04,220,4,0.4877892852576397,0.5772357723577236,0.5049549549549549
NanoMGT,ecoli,0.04,220,5,0.5661745827984596,0.7317073170731708,0.6266464990231297
NanoMGT,ecoli,0.04,220,6,0.5925038410503526,0.7804878048780487,0.6646459006986608
NanoMGT,ecoli,0.04,220,7,0.5973423423423424,0.8211382113821138,0.6852382920775691
NanoMGT,ecoli,0.04,220,8,0.600492318139377,0.8780487804878049,0.7078727585359862
NanoMGT,ecoli,0.04,220,9,0.6219032429558745,0.9186991869918698,0.7374962513120407
NanoMGT,ecoli,0.04,220,10,0.6457800435527906,0.9512195121951219,0.7660479373805242
NanoMGT,klebsiella,0.04,220,1,0.06666666666666667,0.06666666666666667,0.06666666666666667
NanoMGT,klebsiella,0.04,220,2,0.6176470588235294,0.2,0.2426470588235294
NanoMGT,klebsiella,0.04,220,3,0.6388888888888888,0.3,0.36204146730462516
NanoMGT,klebsiella,0.04,220,4,0.7045454545454546,0.6333333333333333,0.6432432432432433
NanoMGT,klebsiella,0.04,220,5,0.717391304347826,0.7666666666666666,0.7274436090225563
NanoMGT,klebsiella,0.04,220,6,0.7045454545454546,0.7333333333333334,0.7075289575289576
NanoMGT,klebsiella,0.04,220,7,0.7692307692307692,0.9333333333333333,0.8242220353238014
NanoMGT,klebsiella,0.04,220,8,0.7572115384615384,1.0,0.8497246262785209
NanoMGT,klebsiella,0.04,220,9,0.7604166666666667,0.9666666666666667,0.8428453267162945
NanoMGT,klebsiella,0.04,220,10,0.7604166666666667,0.9666666666666667,0.8428453267162945
NanoMGT,salmonella,0.04,220,1,0.1908543866264454,0.17777777777777778,0.18254548172547683
NanoMGT,salmonella,0.04,220,2,0.3101628198246556,0.4222222222222222,0.35487709171919696
NanoMGT,salmonella,0.04,220,3,0.4016078184110971,0.6444444444444444,0.4911165371809101
NanoMGT,salmonella,0.04,220,4,0.4355558299378524,0.7703703703703705,0.5520439759245729
NanoMGT,salmonella,0.04,220,5,0.4636713020950423,0.8592592592592592,0.5943222688960271
NanoMGT,salmonella,0.04,220,6,0.46526653728354495,0.9185185185185185,0.6131124559133236
NanoMGT,salmonella,0.04,220,7,0.4707605564748422,0.9407407407407407,0.6240898970310735
NanoMGT,salmonella,0.04,220,8,0.47853801169590643,0.9851851851851853,0.6408015243715041
NanoMGT,salmonella,0.04,220,9,0.4818722943722944,1.0,0.6483333333333333
NanoMGT,salmonella,0.04,220,10,0.4818722943722944,1.0,0.6483333333333333
NanoMGT,campylobacter,0.04,220,1,0.2157157157157157,0.0546875,0.08687471154187526
NanoMGT,campylobacter,0.04,220,2,0.5610230099502488,0.2421875,0.3361352423852424
NanoMGT,campylobacter,0.04,220,3,0.6541331802525832,0.3723958333333333,0.467280163599182
NanoMGT,campylobacter,0.04,220,4,0.7535359088410215,0.5859375,0.6473204436953433
NanoMGT,campylobacter,0.04,220,5,0.812789823286126,0.7630208333333334,0.7841769398114575
NanoMGT,campylobacter,0.04,220,6,0.8185215313437388,0.8515625,0.8322884627969374
NanoMGT,campylobacter,0.04,220,7,0.8391752795662487,0.9505208333333334,0.8909606205250596
NanoMGT,campylobacter,0.04,220,8,0.8468157837538777,0.9921875,0.9136841257699584
NanoMGT,campylobacter,0.04,220,9,0.8501802162595113,0.9895833333333333,0.9145445698264476
NanoMGT,campylobacter,0.04,220,10,0.8466743051302819,0.9921875,0.9136555769617851
NanoMGT,ecoli,0.04,120,1,0.02314814814814815,0.04065040650406504,0.029498525073746316
NanoMGT,ecoli,0.04,120,2,0.11254508376310379,0.19512195121951223,0.1365694598252738
NanoMGT,ecoli,0.04,120,3,0.20545634920634923,0.30894308943089427,0.2272592499884529
NanoMGT,ecoli,0.04,120,4,0.37779481609268845,0.6097560975609756,0.44677497125477544
NanoMGT,ecoli,0.04,120,5,0.38273809523809527,0.6097560975609756,0.44900440796473634
NanoMGT,ecoli,0.04,120,6,0.45348075348075345,0.7804878048780489,0.5607832713095872
NanoMGT,ecoli,0.04,120,7,0.4548570452771272,0.8373983739837398,0.5798941798941799
NanoMGT,ecoli,0.04,120,8,0.4648303765950825,0.8780487804878049,0.5996036303645585
NanoMGT,ecoli,0.04,120,9,0.46554136554136555,0.894308943089431,0.605207988524771
NanoMGT,ecoli,0.04,120,10,0.47602788447858874,0.9186991869918698,0.6205813048744905
NanoMGT,salmonella,0.04,120,1,0.08682882158491916,0.07407407407407407,0.07501682497465696
NanoMGT,salmonella,0.04,120,2,0.2843369879452354,0.45925925925925926,0.3442040972945679
NanoMGT,salmonella,0.04,120,3,0.33026428400260177,0.6148148148148148,0.4232032019829539
NanoMGT,salmonella,0.04,120,4,0.3673669467787115,0.7407407407407408,0.4835530777022237
NanoMGT,salmonella,0.04,120,5,0.4015415804801745,0.8740740740740741,0.5427261988005531
NanoMGT,salmonella,0.04,120,6,0.42383838383838385,0.9629629629629629,0.5804143126177025
NanoMGT,salmonella,0.04,120,7,0.4225921733844767,0.9851851851851853,0.5829019982866137
NanoMGT,salmonella,0.04,120,8,0.40429238638890946,0.9925925925925926,0.5677000476807971
NanoMGT,salmonella,0.04,120,9,0.40948931811530587,0.9925925925925926,0.5750569728223359
NanoMGT,salmonella,0.04,120,10,0.39762719747824943,0.9925925925925926,0.564712248535778
NanoMGT,staph,0.04,220,1,0.3333333333333333,0.15,0.20689655172413793
NanoMGT,staph,0.04,220,2,0.3541666666666667,0.2125,0.265625
NanoMGT,staph,0.04,220,3,0.4704301075268817,0.375,0.41697553743513716
NanoMGT,staph,0.04,220,4,0.5911074740861975,0.6125,0.6004655899898153
NanoMGT,staph,0.04,220,5,0.621763931548925,0.725,0.6677030703458997
NanoMGT,staph,0.04,220,6,0.6368421052631579,0.7875000000000001,0.7018799272286234
NanoMGT,staph,0.04,220,7,0.6521739130434783,0.8375,0.7302325581395348
NanoMGT,staph,0.04,220,8,0.6599864130434783,0.875,0.7475402504472272
NanoMGT,staph,0.04,220,9,0.6756114130434783,0.9,0.7667710196779964
NanoMGT,staph,0.04,220,10,0.674901185770751,0.9125000000000001,0.7698551996489689
NanoMGT,campylobacter,0.04,170,1,0.25777649769585254,0.08072916666666666,0.12290449580899163
NanoMGT,campylobacter,0.04,170,2,0.5441635455680399,0.2838541666666667,0.37234875444839854
NanoMGT,campylobacter,0.04,170,3,0.6311262376237624,0.4453125,0.5161146447409246
NanoMGT,campylobacter,0.04,170,4,0.72600561963916,0.6302083333333334,0.6726448252055481
NanoMGT,campylobacter,0.04,170,5,0.768699565487275,0.7942708333333333,0.7795703186935151
NanoMGT,campylobacter,0.04,170,6,0.7827015365649628,0.8723958333333334,0.8244153061348722
NanoMGT,campylobacter,0.04,170,7,0.8065921257975939,0.9453125,0.8704431089513184
NanoMGT,campylobacter,0.04,170,8,0.8107523019039156,0.9713541666666666,0.8837793064719921
NanoMGT,campylobacter,0.04,170,9,0.8172062904717854,0.9895833333333333,0.8951463422755475
NanoMGT,campylobacter,0.04,170,10,0.8093545201544123,0.9947916666666667,0.8925391548342367
NanoMGT,klebsiella,0.04,120,1,0.10597826086956522,0.1,0.09610983981693365
NanoMGT,klebsiella,0.04,120,2,0.125,0.13333333333333333,0.12040133779264214
NanoMGT,klebsiella,0.04,120,3,0.4722222222222222,0.6666666666666666,0.5476190476190476
NanoMGT,klebsiella,0.04,120,4,0.5009746588693957,0.7333333333333334,0.5910364145658263
NanoMGT,klebsiella,0.04,120,5,0.5185185185185185,0.8,0.626984126984127
NanoMGT,klebsiella,0.04,120,6,0.56875,0.9333333333333333,0.6978723404255319
NanoMGT,klebsiella,0.04,120,7,0.6103565365025467,0.9666666666666667,0.7378516624040921
NanoMGT,klebsiella,0.04,120,8,0.618421052631579,0.9666666666666667,0.7450980392156863
NanoMGT,klebsiella,0.04,120,9,0.599078341013825,1.0,0.7427536231884058
NanoMGT,klebsiella,0.04,120,10,0.5915178571428572,1.0,0.7358156028368794
NanoMGT,campylobacter,0.04,120,1,0.12642235609103078,0.049479166666666664,0.07106060606060605
NanoMGT,campylobacter,0.04,120,2,0.45845410628019323,0.3046875,0.3655679407106356
NanoMGT,campylobacter,0.04,120,3,0.5662092423176167,0.47916666666666663,0.5181826974225059
NanoMGT,campylobacter,0.04,120,4,0.6188858695652174,0.6354166666666666,0.6230047395946829
NanoMGT,campylobacter,0.04,120,5,0.6582491582491583,0.7265625,0.6890229146888553
NanoMGT,campylobacter,0.04,120,6,0.6940680732971474,0.8020833333333333,0.7439652247171291
NanoMGT,campylobacter,0.04,120,7,0.7215219421101774,0.921875,0.8093232767651373
NanoMGT,campylobacter,0.04,120,8,0.7419433902593295,0.9713541666666666,0.8412497457799472
NanoMGT,campylobacter,0.04,120,9,0.7386446886446887,0.984375,0.8439368572111934
NanoMGT,campylobacter,0.04,120,10,0.7457424242424242,0.9973958333333333,0.8532487893943002
NanoMGT,ecoli,0.04,170,1,0.030886196246139225,0.032520325203252036,0.03002450980392157
NanoMGT,ecoli,0.04,170,2,0.10631644777986242,0.19512195121951223,0.13461149536868505
NanoMGT,ecoli,0.04,170,3,0.26290491118077325,0.39024390243902435,0.2944030180671402
NanoMGT,ecoli,0.04,170,4,0.40642303433001103,0.5934959349593496,0.46681096681096684
NanoMGT,ecoli,0.04,170,5,0.4969987995198079,0.7479674796747968,0.5856975552627727
NanoMGT,ecoli,0.04,170,6,0.4995151585957123,0.7804878048780489,0.6027886331837699
NanoMGT,ecoli,0.04,170,7,0.5154254469987228,0.8699186991869919,0.6420423794469596
NanoMGT,ecoli,0.04,170,8,0.5248494800218938,0.9024390243902438,0.6595117845117845
NanoMGT,ecoli,0.04,170,9,0.5487571129080563,0.9024390243902438,0.6766903073286051
NanoMGT,ecoli,0.04,170,10,0.5502645502645502,0.9268292682926829,0.685917951525104
NanoMGT,salmonella,0.04,170,1,0.15833664546899842,0.13333333333333333,0.14086278115429599
NanoMGT,salmonella,0.04,170,2,0.2931124106562703,0.4148148148148148,0.34001083091992185
NanoMGT,salmonella,0.04,170,3,0.41229408095769715,0.6962962962962962,0.5101716469092146
NanoMGT,salmonella,0.04,170,4,0.43595679012345673,0.8148148148148148,0.5607842286718405
NanoMGT,salmonella,0.04,170,5,0.4422986682014627,0.8740740740740741,0.5799655995766101
NanoMGT,salmonella,0.04,170,6,0.4549076940717807,0.9259259259259259,0.6022086243079633
NanoMGT,salmonella,0.04,170,7,0.4568188132685849,0.9555555555555556,0.6126698931278822
NanoMGT,salmonella,0.04,170,8,0.44873072833599154,0.9777777777777779,0.6105418533090176
NanoMGT,salmonella,0.04,170,9,0.45070555505338117,0.9851851851851853,0.614123410464874
NanoMGT,salmonella,0.04,170,10,0.43639373112066143,0.9925925925925926,0.6020384977440193
NanoMGT,klebsiella,0.04,170,1,0.05555555555555555,0.06666666666666667,0.0606060606060606
NanoMGT,klebsiella,0.04,170,2,0.31363636363636366,0.23333333333333334,0.23513513513513512
NanoMGT,klebsiella,0.04,170,3,0.36904761904761907,0.23333333333333334,0.24415204678362573
NanoMGT,klebsiella,0.04,170,4,0.6105769230769231,0.6666666666666666,0.6236263736263735
NanoMGT,klebsiella,0.04,170,5,0.6416666666666667,0.7666666666666666,0.6897435897435897
NanoMGT,klebsiella,0.04,170,6,0.6782407407407407,0.9,0.761136712749616
NanoMGT,klebsiella,0.04,170,7,0.6788793103448276,0.9333333333333333,0.7697947214076246
NanoMGT,klebsiella,0.04,170,8,0.6997971602434077,1.0,0.8096590909090909
NanoMGT,klebsiella,0.04,170,9,0.7090336134453781,1.0,0.8175872093023255
NanoMGT,klebsiella,0.04,170,10,0.7366071428571428,1.0,0.832708177044261
NanoMGT,staph,0.04,120,1,0.20562770562770563,0.125,0.15342250196695514
NanoMGT,staph,0.04,120,2,0.34562951082598237,0.275,0.3041732145975205
NanoMGT,staph,0.04,120,3,0.40433673469387754,0.3625,0.3789013732833958
NanoMGT,staph,0.04,120,4,0.425422138836773,0.4625,0.44202898550724645
NanoMGT,staph,0.04,120,5,0.5409090909090909,0.7,0.6047619047619048
NanoMGT,staph,0.04,120,6,0.5589945280437756,0.7250000000000001,0.6234939759036144
NanoMGT,staph,0.04,120,7,0.5708333333333333,0.7875000000000001,0.6532563025210084
NanoMGT,staph,0.04,120,8,0.6063152533740769,0.925,0.7252747252747253
NanoMGT,staph,0.04,120,9,0.5828754578754579,0.95,0.717867231638418
NanoMGT,staph,0.04,120,10,0.5753672316384181,0.95,0.7142731664470795
NanoMGT,staph,0.04,170,1,0.3428030303030303,0.2125,0.2617722602739726
NanoMGT,staph,0.04,170,2,0.41025641025641024,0.2875,0.3365231259968102
NanoMGT,staph,0.04,170,3,0.46405228758169936,0.4,0.4295874822190611
NanoMGT,staph,0.04,170,4,0.5555555555555556,0.55,0.5502392344497606
NanoMGT,staph,0.04,170,5,0.6057611438183348,0.7125,0.6501637692113883
NanoMGT,staph,0.04,170,6,0.6640786749482401,0.875,0.750620907654098
NanoMGT,staph,0.04,170,7,0.6688405797101449,0.8625,0.7502325581395348
NanoMGT,staph,0.04,170,8,0.6596102150537635,0.8875,0.7537878787878788
NanoMGT,staph,0.04,170,9,0.6587685364281108,0.9,0.7554760355671221
NanoMGT,staph,0.04,170,10,0.6713947990543736,0.9,0.7650931815645575
NanoMGT,ecoli,0.05,220,1,0.0462962962962963,0.04065040650406504,0.043290043290043295
NanoMGT,ecoli,0.05,220,2,0.15432098765432098,0.2032520325203252,0.1754385964912281
NanoMGT,ecoli,0.05,220,3,0.4285158460667799,0.3739837398373984,0.36213024470561517
NanoMGT,ecoli,0.05,220,4,0.5229254313761356,0.5203252032520326,0.48565102369450197
NanoMGT,ecoli,0.05,220,5,0.6281069298537738,0.6504065040650406,0.6172486772486773
NanoMGT,ecoli,0.05,220,6,0.6447368421052632,0.7154471544715447,0.6623858372366095
NanoMGT,ecoli,0.05,220,7,0.6541394335511982,0.7723577235772358,0.6961984747348519
NanoMGT,ecoli,0.05,220,8,0.6684407096171802,0.8617886178861789,0.7448855350898306
NanoMGT,ecoli,0.05,220,9,0.6924620060790273,0.9186991869918698,0.784029784029784
NanoMGT,ecoli,0.05,220,10,0.7227920227920227,0.9349593495934959,0.8107954661621379
NanoMGT,klebsiella,0.05,220,1,0.1,0.06666666666666667,0.08
NanoMGT,klebsiella,0.05,220,2,0.16666666666666666,0.13333333333333333,0.14814814814814814
NanoMGT,klebsiella,0.05,220,3,0.6666666666666666,0.26666666666666666,0.3586744639376218
NanoMGT,klebsiella,0.05,220,4,0.7777777777777778,0.6666666666666666,0.703030303030303
NanoMGT,klebsiella,0.05,220,5,0.8125,0.6666666666666666,0.7225806451612904
NanoMGT,klebsiella,0.05,220,6,0.8235294117647058,0.8,0.8080357142857143
NanoMGT,klebsiella,0.05,220,7,0.8333333333333333,0.8333333333333334,0.827922077922078
NanoMGT,klebsiella,0.05,220,8,0.868421052631579,0.9333333333333333,0.8945233265720081
NanoMGT,klebsiella,0.05,220,9,0.84375,1.0,0.9124423963133641
NanoMGT,klebsiella,0.05,220,10,0.84375,1.0,0.9124423963133641
NanoMGT,salmonella,0.05,220,1,0.17771787960467203,0.14074074074074075,0.15680272108843538
NanoMGT,salmonella,0.05,220,2,0.2941348973607038,0.3481481481481481,0.31818986719134285
NanoMGT,salmonella,0.05,220,3,0.3999451754385965,0.5333333333333333,0.4567368231696349
NanoMGT,salmonella,0.05,220,4,0.47083626364575215,0.688888888888889,0.5566851915983664
NanoMGT,salmonella,0.05,220,5,0.49678121453074375,0.7999999999999999,0.6081335818177923
NanoMGT,salmonella,0.05,220,6,0.5089227122469381,0.837037037037037,0.6289518345129069
NanoMGT,salmonella,0.05,220,7,0.5154684095860567,0.8962962962962964,0.6515387182053848
NanoMGT,salmonella,0.05,220,8,0.5287102875338169,0.9555555555555556,0.6777424309612406
NanoMGT,salmonella,0.05,220,9,0.5385000116314235,0.9851851851851853,0.6938869599953265
NanoMGT,salmonella,0.05,220,10,0.5344202898550724,1.0,0.6943664607898187
NanoMGT,campylobacter,0.05,220,1,0.24428684003152087,0.05208333333333333,0.08521044687720908
NanoMGT,campylobacter,0.05,220,2,0.5935294117647059,0.21354166666666666,0.31012620461258467
NanoMGT,campylobacter,0.05,220,3,0.6976190476190476,0.3489583333333333,0.452680443246481
NanoMGT,campylobacter,0.05,220,4,0.7872870793518902,0.5364583333333334,0.6188971684053651
NanoMGT,campylobacter,0.05,220,5,0.837617604219974,0.7083333333333333,0.7614380397670215
NanoMGT,campylobacter,0.05,220,6,0.8624401913875599,0.8098958333333333,0.8301049701328075
NanoMGT,campylobacter,0.05,220,7,0.8763919268244185,0.9166666666666666,0.895138708841068
NanoMGT,campylobacter,0.05,220,8,0.8882389162561577,0.96875,0.9265264333581533
NanoMGT,campylobacter,0.05,220,9,0.883311489733508,0.984375,0.9310277878898192
NanoMGT,campylobacter,0.05,220,10,0.8768313531995932,0.9817708333333333,0.9262586561856634
NanoMGT,ecoli,0.05,120,1,0.021739130434782608,0.024390243902439022,0.022988505747126436
NanoMGT,ecoli,0.05,120,2,0.08333333333333333,0.12195121951219512,0.099009900990099
NanoMGT,ecoli,0.05,120,3,0.11574074074074074,0.2032520325203252,0.14749262536873156
NanoMGT,ecoli,0.05,120,4,0.4488861080212582,0.5365853658536586,0.45945110350076107
NanoMGT,ecoli,0.05,120,5,0.4594781974092319,0.5853658536585366,0.49077594554568243
NanoMGT,ecoli,0.05,120,6,0.5209671465485419,0.7073170731707318,0.581720557256288
NanoMGT,ecoli,0.05,120,7,0.5631460674157304,0.8292682926829268,0.6593406593406593
NanoMGT,ecoli,0.05,120,8,0.562407068664891,0.8536585365853658,0.6658961439232595
NanoMGT,ecoli,0.05,120,9,0.5577089577089577,0.8617886178861789,0.6675219941348974
NanoMGT,ecoli,0.05,120,10,0.5641878790699116,0.8699186991869919,0.6765507278180088
NanoMGT,salmonella,0.05,120,1,0.09722222222222222,0.059259259259259255,0.06837606837606837
NanoMGT,salmonella,0.05,120,2,0.30727666348697635,0.39259259259259255,0.3352626074174581
NanoMGT,salmonella,0.05,120,3,0.361999111999112,0.5481481481481482,0.4306277549779602
NanoMGT,salmonella,0.05,120,4,0.41401266630216876,0.7037037037037036,0.5147003012405418
NanoMGT,salmonella,0.05,120,5,0.4663570127504553,0.8518518518518517,0.5942730855083304
NanoMGT,salmonella,0.05,120,6,0.4814814814814814,0.9481481481481482,0.6302773361596891
NanoMGT,salmonella,0.05,120,7,0.46943465204334767,0.9703703703703703,0.6246176338281603
NanoMGT,salmonella,0.05,120,8,0.4713060929199308,0.9925925925925926,0.6317278377781869
NanoMGT,salmonella,0.05,120,9,0.4657580523285296,0.9925925925925926,0.6281009253968103
NanoMGT,salmonella,0.05,120,10,0.46976817042606517,0.9925925925925926,0.6335070449720132
NanoMGT,staph,0.05,220,1,0.34375,0.1375,0.19642857142857145
NanoMGT,staph,0.05,220,2,0.38235294117647056,0.1625,0.2280701754385965
NanoMGT,staph,0.05,220,3,0.5230769230769231,0.325,0.4
NanoMGT,staph,0.05,220,4,0.656060606060606,0.525,0.5829745596868885
NanoMGT,staph,0.05,220,5,0.7152777777777778,0.6875,0.700657894736842
NanoMGT,staph,0.05,220,6,0.75,0.75,0.75
NanoMGT,staph,0.05,220,7,0.75,0.7875000000000001,0.7682926829268293
NanoMGT,staph,0.05,220,8,0.7575493612078978,0.7875000000000001,0.7722071665161097
NanoMGT,staph,0.05,220,9,0.7842261904761905,0.875,0.8262195121951219
NanoMGT,staph,0.05,220,10,0.7976190476190477,0.9,0.8444779391614141
NanoMGT,campylobacter,0.05,170,1,0.2651821862348178,0.06510416666666667,0.10420527441197434
NanoMGT,campylobacter,0.05,170,2,0.5816326530612245,0.24739583333333334,0.3431855500821018
NanoMGT,campylobacter,0.05,170,3,0.6831266197704553,0.40885416666666663,0.4983906770255272
NanoMGT,campylobacter,0.05,170,4,0.7779411764705882,0.5755208333333333,0.6547688281477173
NanoMGT,campylobacter,0.05,170,5,0.8111166417786626,0.7447916666666667,0.7712563993966548
NanoMGT,campylobacter,0.05,170,6,0.8350448290241868,0.8567708333333333,0.8433589607635206
NanoMGT,campylobacter,0.05,170,7,0.8461971197119712,0.9296875,0.885577349563846
NanoMGT,campylobacter,0.05,170,8,0.853015873015873,0.9661458333333333,0.9057947671713376
NanoMGT,campylobacter,0.05,170,9,0.8598463901689708,0.9895833333333333,0.9200893563877504
NanoMGT,campylobacter,0.05,170,10,0.8536073059360731,0.9869791666666667,0.9154194892261374
NanoMGT,klebsiella,0.05,120,1,0.0,0.0,0.0
NanoMGT,klebsiella,0.05,120,2,0.08333333333333333,0.1,0.0909090909090909
NanoMGT,klebsiella,0.05,120,3,0.5357142857142857,0.6,0.5603448275862069
NanoMGT,klebsiella,0.05,120,4,0.5672268907563025,0.7,0.625
NanoMGT,klebsiella,0.05,120,5,0.5753968253968254,0.7333333333333334,0.6439393939393938
NanoMGT,klebsiella,0.05,120,6,0.5956937799043062,0.8,0.6820349761526232
NanoMGT,klebsiella,0.05,120,7,0.6581196581196581,0.9333333333333333,0.7657058388765705
NanoMGT,klebsiella,0.05,120,8,0.6581196581196581,0.9333333333333333,0.7657058388765705
NanoMGT,klebsiella,0.05,120,9,0.672514619883041,1.0,0.7983193277310925
NanoMGT,klebsiella,0.05,120,10,0.672514619883041,1.0,0.7983193277310925
NanoMGT,campylobacter,0.05,120,1,0.12035714285714286,0.033854166666666664,0.052819248200479875
NanoMGT,campylobacter,0.05,120,2,0.5100840336134453,0.27864583333333337,0.35825971885265884
NanoMGT,campylobacter,0.05,120,3,0.625956937799043,0.43489583333333337,0.5101262898506083
NanoMGT,campylobacter,0.05,120,4,0.6785773127934756,0.5833333333333334,0.6186733347451414
NanoMGT,campylobacter,0.05,120,5,0.7344218281718282,0.6979166666666666,0.7117485549132949
NanoMGT,campylobacter,0.05,120,6,0.7603908188585609,0.78125,0.7700793650793651
NanoMGT,campylobacter,0.05,120,7,0.7854609929078015,0.9114583333333333,0.8431204632574831
NanoMGT,campylobacter,0.05,120,8,0.8042129944784813,0.9635416666666667,0.8766313992407395
NanoMGT,campylobacter,0.05,120,9,0.8025333573746845,0.984375,0.8842007923132482
NanoMGT,campylobacter,0.05,120,10,0.8054959593792462,0.9921875,0.889146678866305
NanoMGT,ecoli,0.05,170,1,0.04786324786324786,0.032520325203252036,0.03560149296583406
NanoMGT,ecoli,0.05,170,2,0.13146113146113145,0.17073170731707318,0.14055080721747387
NanoMGT,ecoli,0.05,170,3,0.3390302066772655,0.3739837398373984,0.3219082766309153
NanoMGT,ecoli,0.05,170,4,0.46345453780274815,0.5203252032520326,0.46658615136875997
NanoMGT,ecoli,0.05,170,5,0.5569336987822225,0.6829268292682927,0.5993503094084326
NanoMGT,ecoli,0.05,170,6,0.5926309783311267,0.7723577235772359,0.6611518915866742
NanoMGT,ecoli,0.05,170,7,0.594731879285264,0.8617886178861789,0.699103313840156
NanoMGT,ecoli,0.05,170,8,0.5932503784661964,0.9024390243902438,0.7129143097788115
NanoMGT,ecoli,0.05,170,9,0.5997592391958588,0.9024390243902438,0.7171764522051642
NanoMGT,ecoli,0.05,170,10,0.6196683711045178,0.9105691056910569,0.7326595885614792
NanoMGT,salmonella,0.05,170,1,0.14021761874869218,0.09629629629629628,0.1117012617012617
NanoMGT,salmonella,0.05,170,2,0.30552869455539206,0.38518518518518513,0.33860513352346383
NanoMGT,salmonella,0.05,170,3,0.4125842131724484,0.6074074074074075,0.48535113225834864
NanoMGT,salmonella,0.05,170,4,0.48012477718360075,0.762962962962963,0.5822710622710622
NanoMGT,salmonella,0.05,170,5,0.4911877394636015,0.8148148148148148,0.6061129090255304
NanoMGT,salmonella,0.05,170,6,0.4992629204089285,0.8814814814814814,0.6331824860800239
NanoMGT,salmonella,0.05,170,7,0.5080112765101569,0.9407407407407408,0.6549438183233492
NanoMGT,salmonella,0.05,170,8,0.5228571428571428,0.9851851851851853,0.6795935365650507
NanoMGT,salmonella,0.05,170,9,0.5097906602254428,0.9777777777777777,0.6671230234280826
NanoMGT,salmonella,0.05,170,10,0.512807230373709,0.9925925925925926,0.673257438568648
NanoMGT,klebsiella,0.05,170,1,0.1,0.06666666666666667,0.08
NanoMGT,klebsiella,0.05,170,2,0.19230769230769232,0.16666666666666666,0.17857142857142855
NanoMGT,klebsiella,0.05,170,3,0.3484848484848485,0.16666666666666666,0.20940170940170938
NanoMGT,klebsiella,0.05,170,4,0.7628205128205128,0.6333333333333333,0.6917989417989419
NanoMGT,klebsiella,0.05,170,5,0.8571428571428572,0.7333333333333334,0.789272030651341
NanoMGT,klebsiella,0.05,170,6,0.8666666666666667,0.8333333333333333,0.8494252873563218
NanoMGT,klebsiella,0.05,170,7,0.868421052631579,0.9333333333333333,0.8945233265720081
NanoMGT,klebsiella,0.05,170,8,0.805921052631579,0.9333333333333333,0.8633776091081593
NanoMGT,klebsiella,0.05,170,9,0.875,1.0,0.9285714285714286
NanoMGT,klebsiella,0.05,170,10,0.8258928571428572,1.0,0.9005376344086021
NanoMGT,staph,0.05,120,1,0.28846153846153844,0.11249999999999999,0.15993265993265993
NanoMGT,staph,0.05,120,2,0.3733133433283359,0.22499999999999998,0.2801932367149758
NanoMGT,staph,0.05,120,3,0.41481481481481486,0.2875,0.3394456289978678
NanoMGT,staph,0.05,120,4,0.468018018018018,0.4125,0.43766233766233764
NanoMGT,staph,0.05,120,5,0.6,0.6625,0.6277777777777778
NanoMGT,staph,0.05,120,6,0.6157842652152399,0.6875,0.6493560448691316
NanoMGT,staph,0.05,120,7,0.6314935064935066,0.775,0.693452380952381
NanoMGT,staph,0.05,120,8,0.631631299734748,0.8625,0.7287045252883763
NanoMGT,staph,0.05,120,9,0.6732786885245902,0.925,0.7774477447744774
NanoMGT,staph,0.05,120,10,0.6693285528031291,0.925,0.7759112867808521
NanoMGT,staph,0.05,170,1,0.3357142857142857,0.175,0.23005464480874313
NanoMGT,staph,0.05,170,2,0.35434782608695653,0.19999999999999998,0.25555555555555554
NanoMGT,staph,0.05,170,3,0.5714285714285714,0.4,0.4705882352941176
NanoMGT,staph,0.05,170,4,0.6176470588235294,0.525,0.5675675675675675
NanoMGT,staph,0.05,170,5,0.6792149292149292,0.6625,0.6700981944884383
NanoMGT,staph,0.05,170,6,0.7000462534690102,0.8125,0.7520716385993049
NanoMGT,staph,0.05,170,7,0.7042572463768115,0.825,0.7597780126849893
NanoMGT,staph,0.05,170,8,0.7355072463768115,0.8875,0.8038589317659085
NanoMGT,staph,0.05,170,9,0.7444444444444445,0.9125000000000001,0.8182728410513141
NanoMGT,staph,0.05,170,10,0.7542483660130719,0.9,0.8199095022624434
