batch,mrd,ii,average_f1
1,0.01,0.01,0.14086989057916213
1,0.01,0.02,0.1413473472860968
1,0.01,0.04,0.1407827352112261
1,0.01,0.06,0.13778969249471
1,0.01,0.08,0.13847887165214243
1,0.01,0.1,0.13940989485461067
1,0.01,0.12,0.1403628232060607
1,0.01,0.14,0.139798201649789
1,0.01,0.16,0.14077052310306923
1,0.01,0.18,0.14118563872742146
1,0.01,0.2,0.13797231991284795
1,0.01,0.22,0.1382984863312953
1,0.01,0.24,0.14046353839929873
1,0.01,0.26,0.1409635380503827
1,0.01,0.28,0.14208538255020167
1,0.01,0.3,0.14303184729487553
1,0.01,0.32,0.1427175769901738
1,0.01,0.34,0.14259717259523555
1,0.01,0.36,0.1396589532071514
1,0.01,0.38,0.14060393799309345
1,0.01,0.4,0.14120428556484177
1,0.01,0.42,0.14016410456609454
1,0.01,0.44,0.14055821244733682
1,0.01,0.46,0.14033306278884025
1,0.01,0.48,0.13773397682353414
1,0.01,0.5,0.13565315664592023
1,0.01,0.52,0.1363384009979584
1,0.01,0.54,0.1376262587824066
1,0.01,0.56,0.13732197833235435
1,0.01,0.58,0.1375527779587084
1,0.02,0.01,0.13811165570050557
1,0.02,0.02,0.13816146641977234
1,0.02,0.04,0.13542814108525295
1,0.02,0.06,0.13569517203157147
1,0.02,0.08,0.13581360705566686
1,0.02,0.1,0.13640558836026928
1,0.02,0.12,0.13572549688671273
1,0.02,0.14,0.13486610418082237
1,0.02,0.16,0.13190871069711307
1,0.02,0.18,0.13126630412414483
1,0.02,0.2,0.13213714808511753
1,0.02,0.22,0.1336249435241304
1,0.02,0.24,0.1338861765439841
1,0.02,0.26,0.13415348475034605
1,0.02,0.28,0.13470288895906385
1,0.02,0.3,0.13379412419924144
1,0.02,0.32,0.13063864514014792
1,0.02,0.34,0.13063864514014792
1,0.02,0.36,0.13093354489569894
1,0.02,0.38,0.13104899019386848
1,0.02,0.4,0.13198241207334224
1,0.02,0.42,0.13222797978832249
1,0.02,0.44,0.1324860776073959
1,0.02,0.46,0.13379774557117327
1,0.02,0.48,0.13261740853180543
1,0.02,0.5,0.13288865627140758
1,0.02,0.52,0.13306570144845278
1,0.02,0.54,0.13399999430073334
1,0.02,0.56,0.13453717310694654
1,0.02,0.58,0.13195371399484188
1,0.03,0.01,0.09502509680456184
1,0.03,0.02,0.09525960921417684
1,0.03,0.04,0.09783481651228597
1,0.03,0.06,0.09789075665633183
1,0.03,0.08,0.0987707739352099
1,0.03,0.1,0.0987991186064117
1,0.03,0.12,0.0988277174899113
1,0.03,0.14,0.0988277174899113
1,0.03,0.16,0.09934255154454953
1,0.03,0.18,0.09934255154454953
1,0.03,0.2,0.10741764623222028
1,0.03,0.22,0.10741764623222028
1,0.03,0.24,0.10741764623222028
1,0.03,0.26,0.10744702861454383
1,0.03,0.28,0.10772855792364353
1,0.03,0.3,0.10365973266579387
1,0.03,0.32,0.10365973266579387
1,0.03,0.34,0.10503506196999347
1,0.03,0.36,0.10503506196999347
1,0.03,0.38,0.10587207266177594
1,0.03,0.4,0.1067064319894788
1,0.03,0.42,0.1067064319894788
1,0.03,0.44,0.1131408565631326
1,0.03,0.46,0.1131408565631326
1,0.03,0.48,0.11317077930261925
1,0.03,0.5,0.11317077930261925
1,0.03,0.52,0.11748709978457612
1,0.03,0.54,0.11414376667996798
1,0.03,0.56,0.11519705656509356
1,0.03,0.58,0.11519705656509356
1,0.04,0.01,0.09470006898531184
1,0.04,0.02,0.09580296907811094
1,0.04,0.04,0.10979651063622366
1,0.04,0.06,0.10979651063622366
1,0.04,0.08,0.10951115304749529
1,0.04,0.1,0.11196707098351331
1,0.04,0.12,0.11208000332763993
1,0.04,0.14,0.11621254098088629
1,0.04,0.16,0.12046511980931955
1,0.04,0.18,0.12153484793292801
1,0.04,0.2,0.12225558245897228
1,0.04,0.22,0.12563564433527477
1,0.04,0.24,0.12563564433527477
1,0.04,0.26,0.1255309203739771
1,0.04,0.28,0.1252579014674178
1,0.04,0.3,0.1255309203739771
1,0.04,0.32,0.12428249005638652
1,0.04,0.34,0.12529706911635694
1,0.04,0.36,0.12529706911635694
1,0.04,0.38,0.12730254056563706
1,0.04,0.4,0.1267623741268531
1,0.04,0.42,0.12681205780742016
1,0.04,0.44,0.12681205780742016
1,0.04,0.46,0.12556849862423655
1,0.04,0.48,0.12561468501872813
1,0.04,0.5,0.12763173442290587
1,0.04,0.52,0.12763173442290587
1,0.04,0.54,0.12763173442290587
1,0.04,0.56,0.12889578238117405
1,0.04,0.58,0.13093997509091113
1,0.05,0.01,0.09902116664024153
1,0.05,0.02,0.09902116664024153
1,0.05,0.04,0.10155958980719008
1,0.05,0.06,0.10197463600824944
1,0.05,0.08,0.10972433891021385
1,0.05,0.1,0.10976709725504323
1,0.05,0.12,0.1098023561138315
1,0.05,0.14,0.11612554112554109
1,0.05,0.16,0.12338925734500061
1,0.05,0.18,0.12338925734500061
1,0.05,0.2,0.12327181328902496
1,0.05,0.22,0.12528941823126433
1,0.05,0.24,0.12528941823126433
1,0.05,0.26,0.126793227138441
1,0.05,0.28,0.13097272025685308
1,0.05,0.3,0.12910060044118488
1,0.05,0.32,0.13270756257111976
1,0.05,0.34,0.13270756257111976
1,0.05,0.36,0.13201642408352512
1,0.05,0.38,0.13349438727339918
1,0.05,0.4,0.1332207894621817
1,0.05,0.42,0.1344181808198007
1,0.05,0.44,0.13605556371319136
1,0.05,0.46,0.13739925248214027
1,0.05,0.48,0.13831362124826152
1,0.05,0.5,0.14034124851270968
1,0.05,0.52,0.14006765070149219
1,0.05,0.54,0.1413686190228152
1,0.05,0.56,0.14180743781709754
1,0.05,0.58,0.14180743781709754
2,0.01,0.01,0.2550973473378742
2,0.01,0.02,0.25574744590961784
2,0.01,0.04,0.25369861727975845
2,0.01,0.06,0.25210276183993613
2,0.01,0.08,0.25309916498807483
2,0.01,0.1,0.25507926872903713
2,0.01,0.12,0.25538787184227213
2,0.01,0.14,0.25616816977236284
2,0.01,0.16,0.25803718125275293
2,0.01,0.18,0.25835931628257547
2,0.01,0.2,0.25703546933436505
2,0.01,0.22,0.2566608997686081
2,0.01,0.24,0.25623713872768494
2,0.01,0.26,0.2531404020767395
2,0.01,0.28,0.25403597671166767
2,0.01,0.3,0.25566805365673534
2,0.01,0.32,0.2525228428180767
2,0.01,0.34,0.2549348489263545
2,0.01,0.36,0.2546886935284317
2,0.01,0.38,0.25489101572809353
2,0.01,0.4,0.25253192699363514
2,0.01,0.42,0.25533740448365927
2,0.01,0.44,0.25801764340811373
2,0.01,0.46,0.25519657783552774
2,0.01,0.48,0.2531876182035939
2,0.01,0.5,0.2530760851627247
2,0.01,0.52,0.2513277436488178
2,0.01,0.54,0.2517526730797126
2,0.01,0.56,0.24650857497366324
2,0.01,0.58,0.24685886412130653
2,0.02,0.01,0.2469105942660777
2,0.02,0.02,0.24744967782402916
2,0.02,0.04,0.24749349570414572
2,0.02,0.06,0.24782981269722135
2,0.02,0.08,0.24758921365156228
2,0.02,0.1,0.2479162628750635
2,0.02,0.12,0.24587524381028647
2,0.02,0.14,0.24040158761386382
2,0.02,0.16,0.24052951279968618
2,0.02,0.18,0.2385890787955931
2,0.02,0.2,0.2400534645878535
2,0.02,0.22,0.2410048941107116
2,0.02,0.24,0.24038799702000505
2,0.02,0.26,0.24038799702000505
2,0.02,0.28,0.2408615750850235
2,0.02,0.3,0.23889024904423276
2,0.02,0.32,0.23889024904423276
2,0.02,0.34,0.23956338602797797
2,0.02,0.36,0.23758109449897044
2,0.02,0.38,0.23931772868919884
2,0.02,0.4,0.23723634298020477
2,0.02,0.42,0.23791881230119682
2,0.02,0.44,0.23883055163460254
2,0.02,0.46,0.23923859099859013
2,0.02,0.48,0.24005249450040458
2,0.02,0.5,0.2416683765540431
2,0.02,0.52,0.24043649519462126
2,0.02,0.54,0.2416110517752444
2,0.02,0.56,0.24210166601287994
2,0.02,0.58,0.24299545571906211
2,0.03,0.01,0.22333558319210942
2,0.03,0.02,0.22343677728237457
2,0.03,0.04,0.22413012392796347
2,0.03,0.06,0.22493936791152488
2,0.03,0.08,0.22305736372126408
2,0.03,0.1,0.22504502100757978
2,0.03,0.12,0.2261308946875957
2,0.03,0.14,0.2261308946875957
2,0.03,0.16,0.22631427738363502
2,0.03,0.18,0.2274781572232702
2,0.03,0.2,0.2269852634335136
2,0.03,0.22,0.23086404453643253
2,0.03,0.24,0.2276939763081897
2,0.03,0.26,0.2276939763081897
2,0.03,0.28,0.2276939763081897
2,0.03,0.3,0.2276939763081897
2,0.03,0.32,0.2276939763081897
2,0.03,0.34,0.2313506148330117
2,0.03,0.36,0.22982694984691676
2,0.03,0.38,0.23099483849483846
2,0.03,0.4,0.2390953655930234
2,0.03,0.42,0.23232496101723785
2,0.03,0.44,0.231255076996684
2,0.03,0.46,0.23059718225984188
2,0.03,0.48,0.22943416617145268
2,0.03,0.5,0.22943416617145268
2,0.03,0.52,0.2300920609082948
2,0.03,0.54,0.23021869383994845
2,0.03,0.56,0.23156521007483108
2,0.03,0.58,0.23116304733297488
2,0.04,0.01,0.23451718697007332
2,0.04,0.02,0.24319406735063656
2,0.04,0.04,0.24702918421744005
2,0.04,0.06,0.2484207775957497
2,0.04,0.08,0.25022458288361726
2,0.04,0.1,0.2545355777263672
2,0.04,0.12,0.2545355777263672
2,0.04,0.14,0.2553753919898268
2,0.04,0.16,0.2584942905733722
2,0.04,0.18,0.2584942905733722
2,0.04,0.2,0.25525457487577236
2,0.04,0.22,0.25747306689018273
2,0.04,0.24,0.25762304814252623
2,0.04,0.26,0.2572179141291005
2,0.04,0.28,0.2580138955902346
2,0.04,0.3,0.25755347301060666
2,0.04,0.32,0.25875812153668376
2,0.04,0.34,0.25638589059302425
2,0.04,0.36,0.2585168830399433
2,0.04,0.38,0.25871292897785275
2,0.04,0.4,0.25847576438562575
2,0.04,0.42,0.25916178887371727
2,0.04,0.44,0.25931295574860885
2,0.04,0.46,0.25999456850365804
2,0.04,0.48,0.2621657244857019
2,0.04,0.5,0.2618491542612285
2,0.04,0.52,0.2625135389110544
2,0.04,0.54,0.2602829336953746
2,0.04,0.56,0.2609431133790624
2,0.04,0.58,0.2610238236292642
2,0.05,0.01,0.22882718227578572
2,0.05,0.02,0.23288718249524523
2,0.05,0.04,0.2357551772269789
2,0.05,0.06,0.23624454578748258
2,0.05,0.08,0.2451861504134483
2,0.05,0.1,0.2444040186675791
2,0.05,0.12,0.24616468943632502
2,0.05,0.14,0.2509131412209585
2,0.05,0.16,0.25067106445714255
2,0.05,0.18,0.2536285519845916
2,0.05,0.2,0.2544705005102808
2,0.05,0.22,0.2543188022002948
2,0.05,0.24,0.2528444027278317
2,0.05,0.26,0.2535256741506245
2,0.05,0.28,0.253950346723553
2,0.05,0.3,0.2546214576358164
2,0.05,0.32,0.2552634529089254
2,0.05,0.34,0.25608455871613767
2,0.05,0.36,0.25591692682914713
2,0.05,0.38,0.25823375560505607
2,0.05,0.4,0.259249785363812
2,0.05,0.42,0.26050636276112604
2,0.05,0.44,0.26148589567858754
2,0.05,0.46,0.26148589567858754
2,0.05,0.48,0.2620996606307326
2,0.05,0.5,0.26351315410835435
2,0.05,0.52,0.26327021301868864
2,0.05,0.54,0.2628687316760711
2,0.05,0.56,0.26368143704226044
2,0.05,0.58,0.2724226718954034
3,0.01,0.01,0.378821755740374
3,0.01,0.02,0.37561198676136914
3,0.01,0.04,0.37708777533953036
3,0.01,0.06,0.3741546126079934
3,0.01,0.08,0.3732218626456064
3,0.01,0.1,0.3754986829372074
3,0.01,0.12,0.3792021372595033
3,0.01,0.14,0.37651312941524234
3,0.01,0.16,0.3793032480065217
3,0.01,0.18,0.37885672656376024
3,0.01,0.2,0.3799803156965071
3,0.01,0.22,0.3804117713934307
3,0.01,0.24,0.3784127072827793
3,0.01,0.26,0.37897183571615944
3,0.01,0.28,0.3802043328508323
3,0.01,0.3,0.3811680312279329
3,0.01,0.32,0.3823944413878474
3,0.01,0.34,0.3817845085556911
3,0.01,0.36,0.3849510483355389
3,0.01,0.38,0.38650539508890597
3,0.01,0.4,0.3885805860820626
3,0.01,0.42,0.3875326782907656
3,0.01,0.44,0.39066577837705047
3,0.01,0.46,0.38690445289249265
3,0.01,0.48,0.3867860943517167
3,0.01,0.5,0.385132956516053
3,0.01,0.52,0.38550134932258256
3,0.01,0.54,0.3865601638518991
3,0.01,0.56,0.3844765531087872
3,0.01,0.58,0.3846947843448231
3,0.02,0.01,0.4100742215707283
3,0.02,0.02,0.41032422486024533
3,0.02,0.04,0.4111879495215809
3,0.02,0.06,0.4119971572465202
3,0.02,0.08,0.4130137148107478
3,0.02,0.1,0.4105941492925327
3,0.02,0.12,0.40988599763726025
3,0.02,0.14,0.4099770690825793
3,0.02,0.16,0.4099770690825793
3,0.02,0.18,0.4095082782493738
3,0.02,0.2,0.4076474593596907
3,0.02,0.22,0.401358601334847
3,0.02,0.24,0.402104530260827
3,0.02,0.26,0.402353634604759
3,0.02,0.28,0.40280955837341986
3,0.02,0.3,0.4017036843531808
3,0.02,0.32,0.40104766984099893
3,0.02,0.34,0.40115054552029816
3,0.02,0.36,0.3949184850377791
3,0.02,0.38,0.3915105449748137
3,0.02,0.4,0.39245778649518426
3,0.02,0.42,0.39373897551967574
3,0.02,0.44,0.39161161288750296
3,0.02,0.46,0.3906871753619256
3,0.02,0.48,0.38853940903890155
3,0.02,0.5,0.3894878198993087
3,0.02,0.52,0.3913086126997141
3,0.02,0.54,0.3931392076379182
3,0.02,0.56,0.39397107453921404
3,0.02,0.58,0.39404581748855305
3,0.03,0.01,0.3879344987677498
3,0.03,0.02,0.3879344987677498
3,0.03,0.04,0.3882309597645999
3,0.03,0.06,0.38778627991442904
3,0.03,0.08,0.38809874085681123
3,0.03,0.1,0.3872733440314144
3,0.03,0.12,0.3872733440314144
3,0.03,0.14,0.38269292747277645
3,0.03,0.16,0.3810617766332692
3,0.03,0.18,0.38173288754553264
3,0.03,0.2,0.3814369677851594
3,0.03,0.22,0.3814369677851594
3,0.03,0.24,0.37588276594551917
3,0.03,0.26,0.37588276594551917
3,0.03,0.28,0.375614237481502
3,0.03,0.3,0.37709256465393637
3,0.03,0.32,0.3796165312887242
3,0.03,0.34,0.382258782067621
3,0.03,0.36,0.384687342879745
3,0.03,0.38,0.384687342879745
3,0.03,0.4,0.3837206879574839
3,0.03,0.42,0.38289548529741885
3,0.03,0.44,0.383059819938458
3,0.03,0.46,0.383059819938458
3,0.03,0.48,0.385323296236566
3,0.03,0.5,0.385323296236566
3,0.03,0.52,0.38558408720371523
3,0.03,0.54,0.3865994876792655
3,0.03,0.56,0.3869225477038181
3,0.03,0.58,0.38777903559962884
3,0.04,0.01,0.3802573395060226
3,0.04,0.02,0.38464659390262007
3,0.04,0.04,0.3838614963467632
3,0.04,0.06,0.3951574530747533
3,0.04,0.08,0.39831427169490474
3,0.04,0.1,0.39819136529226096
3,0.04,0.12,0.40589471803273763
3,0.04,0.14,0.407949728842586
3,0.04,0.16,0.4075537173685566
3,0.04,0.18,0.4112365424799531
3,0.04,0.2,0.41183030923686187
3,0.04,0.22,0.41347479534284476
3,0.04,0.24,0.4163360811083224
3,0.04,0.26,0.4189211490251235
3,0.04,0.28,0.41975155949057047
3,0.04,0.3,0.4208424564401341
3,0.04,0.32,0.42764746065184295
3,0.04,0.34,0.426944836098924
3,0.04,0.36,0.42965171471250946
3,0.04,0.38,0.4309918484832907
3,0.04,0.4,0.4309918484832907
3,0.04,0.42,0.43440254745671864
3,0.04,0.44,0.4351865916209598
3,0.04,0.46,0.4384010860686512
3,0.04,0.48,0.4385015359108169
3,0.04,0.5,0.43820027524756267
3,0.04,0.52,0.43676380322285535
3,0.04,0.54,0.44485685225298005
3,0.04,0.56,0.4357615371690788
3,0.04,0.58,0.43946152462674837
3,0.05,0.01,0.3958134711692966
3,0.05,0.02,0.39643483256652007
3,0.05,0.04,0.3980454312921116
3,0.05,0.06,0.4003277269174716
3,0.05,0.08,0.40429862761920454
3,0.05,0.1,0.4067043178646051
3,0.05,0.12,0.40664760884177825
3,0.05,0.14,0.40695089011182695
3,0.05,0.16,0.4072299988246706
3,0.05,0.18,0.40899795097430214
3,0.05,0.2,0.4125939700161289
3,0.05,0.22,0.412346302017321
3,0.05,0.24,0.4205873822304413
3,0.05,0.26,0.42062459214593456
3,0.05,0.28,0.4269649112222901
3,0.05,0.3,0.4258637656823252
3,0.05,0.32,0.43190215208622457
3,0.05,0.34,0.4444279525465749
3,0.05,0.36,0.4447163884907001
3,0.05,0.38,0.4458062957310352
3,0.05,0.4,0.4566919866901445
3,0.05,0.42,0.46231338013491247
3,0.05,0.44,0.4620204115984215
3,0.05,0.46,0.46915077290064267
3,0.05,0.48,0.47246671114808775
3,0.05,0.5,0.4736309557157181
3,0.05,0.52,0.4736096216133463
3,0.05,0.54,0.4741302277677552
3,0.05,0.56,0.48403236700649827
3,0.05,0.58,0.48590742374813795
4,0.01,0.01,0.4591735730764527
4,0.01,0.02,0.459917384801702
4,0.01,0.04,0.46123920891514303
4,0.01,0.06,0.46313700538928076
4,0.01,0.08,0.4613581327165711
4,0.01,0.1,0.46256849695805685
4,0.01,0.12,0.4582595634059224
4,0.01,0.14,0.45767008191005687
4,0.01,0.16,0.4578529862744244
4,0.01,0.18,0.46201607677644113
4,0.01,0.2,0.46029076188570744
4,0.01,0.22,0.45924621526239184
4,0.01,0.24,0.45991933858382456
4,0.01,0.26,0.4615830641650174
4,0.01,0.28,0.4604519395869066
4,0.01,0.3,0.45963865012795146
4,0.01,0.32,0.46081056142353355
4,0.01,0.34,0.46199062213740405
4,0.01,0.36,0.46532179562052084
4,0.01,0.38,0.46584333123386645
4,0.01,0.4,0.46710343194211656
4,0.01,0.42,0.4692326466017391
4,0.01,0.44,0.46497647298870953
4,0.01,0.46,0.4660916316771786
4,0.01,0.48,0.46480306206284777
4,0.01,0.5,0.4667686747807037
4,0.01,0.52,0.4679927833628802
4,0.01,0.54,0.4678013772116154
4,0.01,0.56,0.47096187858901783
4,0.01,0.58,0.4718374150736699
4,0.02,0.01,0.5398761148898406
4,0.02,0.02,0.5398761148898406
4,0.02,0.04,0.5375847205049487
4,0.02,0.06,0.5395733515586387
4,0.02,0.08,0.538140799683478
4,0.02,0.1,0.5383297534903809
4,0.02,0.12,0.5399261325821938
4,0.02,0.14,0.5402144084045006
4,0.02,0.16,0.5401972017060386
4,0.02,0.18,0.53897087852475
4,0.02,0.2,0.5409780166368784
4,0.02,0.22,0.5376686988859689
4,0.02,0.24,0.5349963025455644
4,0.02,0.26,0.5323207642455772
4,0.02,0.28,0.5344983462201908
4,0.02,0.3,0.5335439100792808
4,0.02,0.32,0.5322531925271651
4,0.02,0.34,0.5299967886049052
4,0.02,0.36,0.531044255662507
4,0.02,0.38,0.530770538126087
4,0.02,0.4,0.5321331353790952
4,0.02,0.42,0.5321331353790952
4,0.02,0.44,0.533259415468213
4,0.02,0.46,0.5327484847151552
4,0.02,0.48,0.5289963383174604
4,0.02,0.5,0.5280076062686857
4,0.02,0.52,0.5262022544371813
4,0.02,0.54,0.5283517149190999
4,0.02,0.56,0.5283146962200063
4,0.02,0.58,0.5313762261912502
4,0.03,0.01,0.5629446165379836
4,0.03,0.02,0.5635409381750434
4,0.03,0.04,0.5630367896886191
4,0.03,0.06,0.5591714878175018
4,0.03,0.08,0.5603295463488323
4,0.03,0.1,0.5605616187554231
4,0.03,0.12,0.5605616187554231
4,0.03,0.14,0.5597616524382154
4,0.03,0.16,0.5591956456163437
4,0.03,0.18,0.5567138680060029
4,0.03,0.2,0.5590868588990655
4,0.03,0.22,0.5590868588990655
4,0.03,0.24,0.5585821356442825
4,0.03,0.26,0.5569608997373323
4,0.03,0.28,0.5575955853035247
4,0.03,0.3,0.556004348763613
4,0.03,0.32,0.5555702487021839
4,0.03,0.34,0.5560749719569668
4,0.03,0.36,0.5584752246151413
4,0.03,0.38,0.5594018655417823
4,0.03,0.4,0.5634158042464742
4,0.03,0.42,0.5650021128393514
4,0.03,0.44,0.5660298620685394
4,0.03,0.46,0.5660298620685394
4,0.03,0.48,0.5700803900916703
4,0.03,0.5,0.5710588636728836
4,0.03,0.52,0.5710752223859247
4,0.03,0.54,0.5710752223859247
4,0.03,0.56,0.5726029698017738
4,0.03,0.58,0.5731509714832669
4,0.04,0.01,0.5698712356581553
4,0.04,0.02,0.5733554698653259
4,0.04,0.04,0.57262907761351
4,0.04,0.06,0.5746673221529569
4,0.04,0.08,0.5731833692884232
4,0.04,0.1,0.5731833692884232
4,0.04,0.12,0.582336268396755
4,0.04,0.14,0.5852349271874269
4,0.04,0.16,0.5796896410996863
4,0.04,0.18,0.5808305619249606
4,0.04,0.2,0.5808305619249606
4,0.04,0.22,0.5801961388767445
4,0.04,0.24,0.5809004313769198
4,0.04,0.26,0.5813890784439442
4,0.04,0.28,0.5776679594962827
4,0.04,0.3,0.5770672919802851
4,0.04,0.32,0.5760049928802797
4,0.04,0.34,0.5792075189776008
4,0.04,0.36,0.5872424255796569
4,0.04,0.38,0.5849823060528834
4,0.04,0.4,0.5849823060528834
4,0.04,0.42,0.5824598494244692
4,0.04,0.44,0.5820763163715014
4,0.04,0.46,0.5849284449379156
4,0.04,0.48,0.587440218878261
4,0.04,0.5,0.5889695333447028
4,0.04,0.52,0.5872786383445854
4,0.04,0.54,0.5866975702206292
4,0.04,0.56,0.5839503174733764
4,0.04,0.58,0.590384239373697
4,0.05,0.01,0.5515280753240018
4,0.05,0.02,0.5551292754497351
4,0.05,0.04,0.5551426936773829
4,0.05,0.06,0.5563989207684189
4,0.05,0.08,0.5594748864191802
4,0.05,0.1,0.5625002434059531
4,0.05,0.12,0.5752714707374021
4,0.05,0.14,0.576273586848684
4,0.05,0.16,0.576579564558917
4,0.05,0.18,0.5842944414442252
4,0.05,0.2,0.5908262961952581
4,0.05,0.22,0.5924430648189466
4,0.05,0.24,0.5889684050942867
4,0.05,0.26,0.5826176875611885
4,0.05,0.28,0.5889702065402688
4,0.05,0.3,0.5885507096808984
4,0.05,0.32,0.5915081031646077
4,0.05,0.34,0.5878286129436174
4,0.05,0.36,0.5885257541804919
4,0.05,0.38,0.5903792111583346
4,0.05,0.4,0.5977224019472426
4,0.05,0.42,0.5977224019472426
4,0.05,0.44,0.6000908574427953
4,0.05,0.46,0.60254078417701
4,0.05,0.48,0.60254078417701
4,0.05,0.5,0.6056149410708642
4,0.05,0.52,0.6099139960828692
4,0.05,0.54,0.6095339910469594
4,0.05,0.56,0.6078176229954497
4,0.05,0.58,0.6079082188709747
5,0.01,0.01,0.48175365550702465
5,0.01,0.02,0.48256029174495974
5,0.01,0.04,0.48428876822111155
5,0.01,0.06,0.48638125061542825
5,0.01,0.08,0.48850869182472717
5,0.01,0.1,0.4895876270865568
5,0.01,0.12,0.49069558119179674
5,0.01,0.14,0.493686698688831
5,0.01,0.16,0.49318044787664767
5,0.01,0.18,0.493994361024312
5,0.01,0.2,0.49666468618830184
5,0.01,0.22,0.5039481451466014
5,0.01,0.24,0.5052629027499534
5,0.01,0.26,0.5039949210611497
5,0.01,0.28,0.5055651919581278
5,0.01,0.3,0.5032168405045485
5,0.01,0.32,0.5056832959564921
5,0.01,0.34,0.5056738047923528
5,0.01,0.36,0.5084759003898086
5,0.01,0.38,0.5091473605353837
5,0.01,0.4,0.5093229989100443
5,0.01,0.42,0.5105825286181115
5,0.01,0.44,0.511802380920744
5,0.01,0.46,0.5075022794785756
5,0.01,0.48,0.5094824290050439
5,0.01,0.5,0.5110782279172306
5,0.01,0.52,0.5135316073341859
5,0.01,0.54,0.5154223004974458
5,0.01,0.56,0.5149509650556315
5,0.01,0.58,0.5132407668832342
5,0.02,0.01,0.6147790412086439
5,0.02,0.02,0.6157170908471039
5,0.02,0.04,0.6159883544968967
5,0.02,0.06,0.6151830021211897
5,0.02,0.08,0.6175183189336009
5,0.02,0.1,0.6195644058770935
5,0.02,0.12,0.6189595744919361
5,0.02,0.14,0.6205044891057827
5,0.02,0.16,0.6195434205377682
5,0.02,0.18,0.6196705280433108
5,0.02,0.2,0.622472743583577
5,0.02,0.22,0.6216659167716211
5,0.02,0.24,0.6182483420646486
5,0.02,0.26,0.6199117558397808
5,0.02,0.28,0.6190638589447831
5,0.02,0.3,0.6125726174042537
5,0.02,0.32,0.6095883061179134
5,0.02,0.34,0.6105084627951942
5,0.02,0.36,0.6084699680418765
5,0.02,0.38,0.6102465227994296
5,0.02,0.4,0.6102465227994296
5,0.02,0.42,0.6120933331086296
5,0.02,0.44,0.6120933331086296
5,0.02,0.46,0.615333527917585
5,0.02,0.48,0.6155456207542626
5,0.02,0.5,0.6159841700646507
5,0.02,0.52,0.6133793335125733
5,0.02,0.54,0.6141444899002803
5,0.02,0.56,0.6187637614632662
5,0.02,0.58,0.6163171739667751
5,0.03,0.01,0.6539791007686863
5,0.03,0.02,0.6547862032707039
5,0.03,0.04,0.6515057822644226
5,0.03,0.06,0.6521337129711062
5,0.03,0.08,0.6543246164792039
5,0.03,0.1,0.6517744240555938
5,0.03,0.12,0.6548477620660764
5,0.03,0.14,0.6547226129586462
5,0.03,0.16,0.6547226129586462
5,0.03,0.18,0.6517378433722322
5,0.03,0.2,0.6523639478322024
5,0.03,0.22,0.6480599146354746
5,0.03,0.24,0.6477223747727505
5,0.03,0.26,0.646887078135355
5,0.03,0.28,0.6477223747727505
5,0.03,0.3,0.6497544820680157
5,0.03,0.32,0.6486808505129936
5,0.03,0.34,0.6498037877261563
5,0.03,0.36,0.6498037877261563
5,0.03,0.38,0.6491618956536044
5,0.03,0.4,0.6520913718537572
5,0.03,0.42,0.6510180117248096
5,0.03,0.44,0.6522344923933451
5,0.03,0.46,0.651882104513681
5,0.03,0.48,0.6534503361889392
5,0.03,0.5,0.654352591828037
5,0.03,0.52,0.6555330349055298
5,0.03,0.54,0.6567242394349356
5,0.03,0.56,0.6567242394349356
5,0.03,0.58,0.6567242394349356
5,0.04,0.01,0.6779308654183465
5,0.04,0.02,0.6784730177631554
5,0.04,0.04,0.6790119996264156
5,0.04,0.06,0.6780174245812077
5,0.04,0.08,0.6824623153161606
5,0.04,0.1,0.6828824296603255
5,0.04,0.12,0.6828884954779105
5,0.04,0.14,0.6821916995461057
5,0.04,0.16,0.6821916995461057
5,0.04,0.18,0.6832651195301744
5,0.04,0.2,0.6812013542479436
5,0.04,0.22,0.6812013542479436
5,0.04,0.24,0.6820319190319968
5,0.04,0.26,0.6762689686346214
5,0.04,0.28,0.6742123320264897
5,0.04,0.3,0.6745125945140191
5,0.04,0.32,0.6731793113670623
5,0.04,0.34,0.6737096136635861
5,0.04,0.36,0.6708889732122836
5,0.04,0.38,0.6715238825560558
5,0.04,0.4,0.6762699670363596
5,0.04,0.42,0.6762704893475108
5,0.04,0.44,0.6762704893475108
5,0.04,0.46,0.6768522551035973
5,0.04,0.48,0.6749479011284424
5,0.04,0.5,0.675760668972391
5,0.04,0.52,0.675760668972391
5,0.04,0.54,0.6765897212513259
5,0.04,0.56,0.6768948245896501
5,0.04,0.58,0.674205376717478
5,0.05,0.01,0.6797872847617786
5,0.05,0.02,0.6802166177221168
5,0.05,0.04,0.6789308551901537
5,0.05,0.06,0.6772372715181866
5,0.05,0.08,0.6771354669139141
5,0.05,0.1,0.6776918573439987
5,0.05,0.12,0.6719876538283744
5,0.05,0.14,0.6734122991083913
5,0.05,0.16,0.6803573270986129
5,0.05,0.18,0.6800954571347438
5,0.05,0.2,0.6855376340054921
5,0.05,0.22,0.6814623646230056
5,0.05,0.24,0.6825364784790743
5,0.05,0.26,0.68210922370889
5,0.05,0.28,0.6798674944672586
5,0.05,0.3,0.6762508579392296
5,0.05,0.32,0.6761174704987043
5,0.05,0.34,0.6716788754567371
5,0.05,0.36,0.6700212500591753
5,0.05,0.38,0.6699367024402353
5,0.05,0.4,0.673325408135964
5,0.05,0.42,0.6731223418348166
5,0.05,0.44,0.6692219811241618
5,0.05,0.46,0.669449814969915
5,0.05,0.48,0.669449814969915
5,0.05,0.5,0.6680914056326477
5,0.05,0.52,0.6683006252990336
5,0.05,0.54,0.6680018594138631
5,0.05,0.56,0.6650788216740953
5,0.05,0.58,0.6641798574372376
6,0.01,0.01,0.5111696301350036
6,0.01,0.02,0.5102935606985908
6,0.01,0.04,0.5126247451318786
6,0.01,0.06,0.515080917055708
6,0.01,0.08,0.5164326134872245
6,0.01,0.1,0.5180496522750612
6,0.01,0.12,0.522511812832867
6,0.01,0.14,0.5240090738506502
6,0.01,0.16,0.5276322048298187
6,0.01,0.18,0.5276481368387552
6,0.01,0.2,0.5282493054476102
6,0.01,0.22,0.5302348862669588
6,0.01,0.24,0.5351190890497584
6,0.01,0.26,0.5358303781374699
6,0.01,0.28,0.5383086102370102
6,0.01,0.3,0.5437162016293953
6,0.01,0.32,0.543266236471496
6,0.01,0.34,0.5437040446339668
6,0.01,0.36,0.54620648808907
6,0.01,0.38,0.5467342494033426
6,0.01,0.4,0.5474425592873405
6,0.01,0.42,0.5497107557541364
6,0.01,0.44,0.5482104291407731
6,0.01,0.46,0.5510920959619663
6,0.01,0.48,0.5511518094060015
6,0.01,0.5,0.5517481086401336
6,0.01,0.52,0.5548193099925445
6,0.01,0.54,0.5579267995160189
6,0.01,0.56,0.5560242754581177
6,0.01,0.58,0.5573777044299112
6,0.02,0.01,0.6741672015121404
6,0.02,0.02,0.6751817104095598
6,0.02,0.04,0.6770446733094687
6,0.02,0.06,0.6774349086239138
6,0.02,0.08,0.677798422004637
6,0.02,0.1,0.6763118306439887
6,0.02,0.12,0.6767744812657176
6,0.02,0.14,0.6740845116491382
6,0.02,0.16,0.6719965551114652
6,0.02,0.18,0.668028236162762
6,0.02,0.2,0.6669266398342538
6,0.02,0.22,0.6675578205821502
6,0.02,0.24,0.6700915473214845
6,0.02,0.26,0.6686790865777964
6,0.02,0.28,0.664120057331892
6,0.02,0.3,0.6641902737061168
6,0.02,0.32,0.6639770304899922
6,0.02,0.34,0.6641757401061825
6,0.02,0.36,0.662563051457071
6,0.02,0.38,0.6621386557135758
6,0.02,0.4,0.6621229470749913
6,0.02,0.42,0.6615598352323163
6,0.02,0.44,0.6641900553884665
6,0.02,0.46,0.6661008600086941
6,0.02,0.48,0.6674035928664733
6,0.02,0.5,0.6656944121537217
6,0.02,0.52,0.6643307539700644
6,0.02,0.54,0.6615716083537758
6,0.02,0.56,0.660081246025333
6,0.02,0.58,0.658443212096703
6,0.03,0.01,0.7082583260148768
6,0.03,0.02,0.7071108790842973
6,0.03,0.04,0.7068811709233672
6,0.03,0.06,0.7093017570301167
6,0.03,0.08,0.7093017570301167
6,0.03,0.1,0.7047125973887937
6,0.03,0.12,0.7064433781966921
6,0.03,0.14,0.7045405634159259
6,0.03,0.16,0.7026203397422736
6,0.03,0.18,0.7039745298594966
6,0.03,0.2,0.7050409739639153
6,0.03,0.22,0.7053569730140916
6,0.03,0.24,0.704903760278261
6,0.03,0.26,0.7039424097480144
6,0.03,0.28,0.7109788817910206
6,0.03,0.3,0.7100832257229507
6,0.03,0.32,0.7100832257229507
6,0.03,0.34,0.7108740717626105
6,0.03,0.36,0.7108740717626105
6,0.03,0.38,0.7103202812878067
6,0.03,0.4,0.7102945609614248
6,0.03,0.42,0.7113610050658437
6,0.03,0.44,0.7096146459694757
6,0.03,0.46,0.7090608554946718
6,0.03,0.48,0.7090608554946718
6,0.03,0.5,0.7083203261827139
6,0.03,0.52,0.7089395106695189
6,0.03,0.54,0.7089395106695189
6,0.03,0.56,0.7083105426210957
6,0.03,0.58,0.7095231906683628
6,0.04,0.01,0.7214835030237507
6,0.04,0.02,0.7214835030237507
6,0.04,0.04,0.7267652327606042
6,0.04,0.06,0.7233193412964091
6,0.04,0.08,0.7233193412964091
6,0.04,0.1,0.7233193412964091
6,0.04,0.12,0.7221236750020293
6,0.04,0.14,0.721448364315961
6,0.04,0.16,0.7211393566307842
6,0.04,0.18,0.7209898116671429
6,0.04,0.2,0.7212030104750313
6,0.04,0.22,0.7212030104750313
6,0.04,0.24,0.7191463738668996
6,0.04,0.26,0.7189061132364997
6,0.04,0.28,0.7189061132364997
6,0.04,0.3,0.7198677853112717
6,0.04,0.32,0.7198677853112717
6,0.04,0.34,0.7170201346230894
6,0.04,0.36,0.71805533131046
6,0.04,0.38,0.718176628312224
6,0.04,0.4,0.7162134751862802
6,0.04,0.42,0.7162134751862802
6,0.04,0.44,0.7162134751862802
6,0.04,0.46,0.7133023766230077
6,0.04,0.48,0.713924502925062
6,0.04,0.5,0.7143958930068417
6,0.04,0.52,0.714249024069596
6,0.04,0.54,0.7151764362329632
6,0.04,0.56,0.7151764362329632
6,0.04,0.58,0.7170113684644173
6,0.05,0.01,0.7402867526133505
6,0.05,0.02,0.7407907204729778
6,0.05,0.04,0.7408581968562437
6,0.05,0.06,0.7413592766479074
6,0.05,0.08,0.7423528707647107
6,0.05,0.1,0.7393040902769058
6,0.05,0.12,0.7350129541336102
6,0.05,0.14,0.7363087634381339
6,0.05,0.16,0.7341481753824282
6,0.05,0.18,0.7327372937560322
6,0.05,0.2,0.7310251097390158
6,0.05,0.22,0.7311882844216206
6,0.05,0.24,0.732378373978192
6,0.05,0.26,0.732378373978192
6,0.05,0.28,0.7291587101612489
6,0.05,0.3,0.7280402862785974
6,0.05,0.32,0.7264871199126137
6,0.05,0.34,0.7242343161873845
6,0.05,0.36,0.7242343161873845
6,0.05,0.38,0.7190701523830859
6,0.05,0.4,0.716452033440409
6,0.05,0.42,0.7158333504024373
6,0.05,0.44,0.7133781251361521
6,0.05,0.46,0.7133781251361521
6,0.05,0.48,0.7130598524108345
6,0.05,0.5,0.7104325946111629
6,0.05,0.52,0.7093921784446963
6,0.05,0.54,0.705866779205592
6,0.05,0.56,0.7040701159236123
6,0.05,0.58,0.7022660427315431
7,0.01,0.01,0.5256176885132045
7,0.01,0.02,0.5248974996318158
7,0.01,0.04,0.5282342979389818
7,0.01,0.06,0.5306200865233
7,0.01,0.08,0.5330545854646624
7,0.01,0.1,0.5309228973212349
7,0.01,0.12,0.5333423210082893
7,0.01,0.14,0.5408984541412608
7,0.01,0.16,0.5459330879938111
7,0.01,0.18,0.5487715304494526
7,0.01,0.2,0.5493691187077867
7,0.01,0.22,0.5507209301847436
7,0.01,0.24,0.5560031393114779
7,0.01,0.26,0.5587375332941404
7,0.01,0.28,0.5612195835277395
7,0.01,0.3,0.5622406119556213
7,0.01,0.32,0.5597347185702101
7,0.01,0.34,0.5619291103935893
7,0.01,0.36,0.5631905409401582
7,0.01,0.38,0.5656977180346356
7,0.01,0.4,0.5669759454726245
7,0.01,0.42,0.5662806205246426
7,0.01,0.44,0.5698348412384054
7,0.01,0.46,0.5689271718922589
7,0.01,0.48,0.5704137105640287
7,0.01,0.5,0.5727831398189974
7,0.01,0.52,0.5725063054081095
7,0.01,0.54,0.5747122847049455
7,0.01,0.56,0.5761309762795779
7,0.01,0.58,0.5732398489545484
7,0.02,0.01,0.7082677614162798
7,0.02,0.02,0.7065343107291964
7,0.02,0.04,0.7091870725927822
7,0.02,0.06,0.7096982039344455
7,0.02,0.08,0.710073816988125
7,0.02,0.1,0.7092511729421916
7,0.02,0.12,0.7077712610806851
7,0.02,0.14,0.7113172941551303
7,0.02,0.16,0.7125381506128711
7,0.02,0.18,0.7152106650382998
7,0.02,0.2,0.7167001066158764
7,0.02,0.22,0.7174762643288778
7,0.02,0.24,0.7204163592079719
7,0.02,0.26,0.7193736790886339
7,0.02,0.28,0.7194068903164952
7,0.02,0.3,0.7151884476434915
7,0.02,0.32,0.7158039605028811
7,0.02,0.34,0.7152274090153907
7,0.02,0.36,0.7115967333419161
7,0.02,0.38,0.7115967333419161
7,0.02,0.4,0.7123976344038695
7,0.02,0.42,0.7123057676453362
7,0.02,0.44,0.7102006955386848
7,0.02,0.46,0.7131482379721561
7,0.02,0.48,0.717039060211931
7,0.02,0.5,0.7154923237008256
7,0.02,0.52,0.7102602046166221
7,0.02,0.54,0.7084483258822137
7,0.02,0.56,0.7078050608358579
7,0.02,0.58,0.7088656792579842
7,0.03,0.01,0.753804423487131
7,0.03,0.02,0.753804423487131
7,0.03,0.04,0.753744407724783
7,0.03,0.06,0.753606442203683
7,0.03,0.08,0.7532887293992258
7,0.03,0.1,0.7503471223815851
7,0.03,0.12,0.7504715996833424
7,0.03,0.14,0.7513830295839397
7,0.03,0.16,0.7505025889120958
7,0.03,0.18,0.750369672051592
7,0.03,0.2,0.7512157868511246
7,0.03,0.22,0.7524164044935121
7,0.03,0.24,0.7519832416849341
7,0.03,0.26,0.7527524439536766
7,0.03,0.28,0.753297223440104
7,0.03,0.3,0.7554691765587008
7,0.03,0.32,0.7554691765587008
7,0.03,0.34,0.7534811680666273
7,0.03,0.36,0.7526337472307362
7,0.03,0.38,0.7513113871089676
7,0.03,0.4,0.7495977954513203
7,0.03,0.42,0.7503625531992398
7,0.03,0.44,0.7511545372204178
7,0.03,0.46,0.7511545372204178
7,0.03,0.48,0.7499520776844317
7,0.03,0.5,0.7497360294670463
7,0.03,0.52,0.747943420984076
7,0.03,0.54,0.74746143301104
7,0.03,0.56,0.745442762601565
7,0.03,0.58,0.744771217166687
7,0.04,0.01,0.7630435870884377
7,0.04,0.02,0.7630435870884377
7,0.04,0.04,0.763361863499259
7,0.04,0.06,0.7627407740623801
7,0.04,0.08,0.7630606910732572
7,0.04,0.1,0.7610116770963352
7,0.04,0.12,0.7601466827520674
7,0.04,0.14,0.7590912297211684
7,0.04,0.16,0.756938887681186
7,0.04,0.18,0.7549351180217705
7,0.04,0.2,0.7536633097889067
7,0.04,0.22,0.7536633097889067
7,0.04,0.24,0.7540773884638551
7,0.04,0.26,0.7544893544925024
7,0.04,0.28,0.7462888367984629
7,0.04,0.3,0.7458766317826774
7,0.04,0.32,0.7476339262904538
7,0.04,0.34,0.7454580746764
7,0.04,0.36,0.7454580746764
7,0.04,0.38,0.7472726858372395
7,0.04,0.4,0.7449859986514051
7,0.04,0.42,0.7447863782147868
7,0.04,0.44,0.7456096099658536
7,0.04,0.46,0.7456096099658536
7,0.04,0.48,0.7456096099658536
7,0.04,0.5,0.7456096099658536
7,0.04,0.52,0.7456096099658536
7,0.04,0.54,0.7449918067164712
7,0.04,0.56,0.7441847042144536
7,0.04,0.58,0.7428221832288766
7,0.05,0.01,0.7723779768689264
7,0.05,0.02,0.7712323702702324
7,0.05,0.04,0.7736891174995477
7,0.05,0.06,0.7701284852564886
7,0.05,0.08,0.7705488274505564
7,0.05,0.1,0.7698387264807351
7,0.05,0.12,0.7683019338415465
7,0.05,0.14,0.7708248148149554
7,0.05,0.16,0.7635772308456517
7,0.05,0.18,0.7635772308456517
7,0.05,0.2,0.7639934091898507
7,0.05,0.22,0.7636719523823512
7,0.05,0.24,0.7630337660733447
7,0.05,0.26,0.762121165160744
7,0.05,0.28,0.7596650060555937
7,0.05,0.3,0.7589072600635364
7,0.05,0.32,0.7529109874762258
7,0.05,0.34,0.7505217796611896
7,0.05,0.36,0.7505032592268674
7,0.05,0.38,0.7528642036046186
7,0.05,0.4,0.7476648594450185
7,0.05,0.42,0.7473527085056972
7,0.05,0.44,0.7453043405923895
7,0.05,0.46,0.7409920187164489
7,0.05,0.48,0.7384385335542681
7,0.05,0.5,0.7363326309522635
7,0.05,0.52,0.734323551458397
7,0.05,0.54,0.7299651801017865
7,0.05,0.56,0.7299651801017865
7,0.05,0.58,0.7282502347931512
8,0.01,0.01,0.5370747618065436
8,0.01,0.02,0.5375661435505059
8,0.01,0.04,0.5385909733818866
8,0.01,0.06,0.5396839475197618
8,0.01,0.08,0.5426555274477475
8,0.01,0.1,0.5469835798273817
8,0.01,0.12,0.5447082292226507
8,0.01,0.14,0.5502368635029368
8,0.01,0.16,0.5530883595808374
8,0.01,0.18,0.5535037264146443
8,0.01,0.2,0.5557365245390066
8,0.01,0.22,0.5593806155457626
8,0.01,0.24,0.5667416460203418
8,0.01,0.26,0.5707127437853482
8,0.01,0.28,0.5719640971468143
8,0.01,0.3,0.57325192656766
8,0.01,0.32,0.5742092300359237
8,0.01,0.34,0.5770964222804238
8,0.01,0.36,0.5764774105571006
8,0.01,0.38,0.5786546708956701
8,0.01,0.4,0.5801468534679197
8,0.01,0.42,0.5820846472089947
8,0.01,0.44,0.5839446812745057
8,0.01,0.46,0.5872673570864493
8,0.01,0.48,0.5901874186653703
8,0.01,0.5,0.5898728561302047
8,0.01,0.52,0.5915446373259241
8,0.01,0.54,0.5906547144315887
8,0.01,0.56,0.5947147870238105
8,0.01,0.58,0.5963990654996545
8,0.02,0.01,0.7406332628315179
8,0.02,0.02,0.7409922620839933
8,0.02,0.04,0.7417899044292268
8,0.02,0.06,0.7378862694932264
8,0.02,0.08,0.738079510074722
8,0.02,0.1,0.7424992422559354
8,0.02,0.12,0.7424355555717332
8,0.02,0.14,0.7447488541318139
8,0.02,0.16,0.7455008778951792
8,0.02,0.18,0.7403476810682115
8,0.02,0.2,0.7420076861828774
8,0.02,0.22,0.7433098650032665
8,0.02,0.24,0.7461457600430599
8,0.02,0.26,0.7452699185703665
8,0.02,0.28,0.7449064748447095
8,0.02,0.3,0.7446373030940457
8,0.02,0.32,0.7423908792336593
8,0.02,0.34,0.7458206233398631
8,0.02,0.36,0.7457456086494861
8,0.02,0.38,0.7473298760863843
8,0.02,0.4,0.7453594738992301
8,0.02,0.42,0.7447418545097736
8,0.02,0.44,0.7396858665367831
8,0.02,0.46,0.7411495308168975
8,0.02,0.48,0.7435047277287744
8,0.02,0.5,0.7438366622792992
8,0.02,0.52,0.7450769949803061
8,0.02,0.54,0.7448101627431295
8,0.02,0.56,0.7449897122439928
8,0.02,0.58,0.741002915543261
8,0.03,0.01,0.7720113173086666
8,0.03,0.02,0.7716154964571839
8,0.03,0.04,0.7719373648853268
8,0.03,0.06,0.7728178055571708
8,0.03,0.08,0.7787071748529348
8,0.03,0.1,0.7783071529339256
8,0.03,0.12,0.7751449482866981
8,0.03,0.14,0.7742136657181667
8,0.03,0.16,0.7757345353513659
8,0.03,0.18,0.7760622852313702
8,0.03,0.2,0.7760622852313702
8,0.03,0.22,0.7750130527214634
8,0.03,0.24,0.7753428167340919
8,0.03,0.26,0.7778519955315311
8,0.03,0.28,0.7768715072483661
8,0.03,0.3,0.7762903657931887
8,0.03,0.32,0.7752678902812177
8,0.03,0.34,0.7781583983441395
8,0.03,0.36,0.7781583983441395
8,0.03,0.38,0.7791268081484539
8,0.03,0.4,0.7768598548555089
8,0.03,0.42,0.7770410465968552
8,0.03,0.44,0.7781214787697245
8,0.03,0.46,0.7777140860259057
8,0.03,0.48,0.777304576956145
8,0.03,0.5,0.7776369826456934
8,0.03,0.52,0.7738584632620851
8,0.03,0.54,0.772983399806271
8,0.03,0.56,0.770942955623181
8,0.03,0.58,0.7702041859968555
8,0.04,0.01,0.7775910812818962
8,0.04,0.02,0.779695593498768
8,0.04,0.04,0.7800170503062676
8,0.04,0.06,0.7773393820524618
8,0.04,0.08,0.7756244367438265
8,0.04,0.1,0.7728730797907889
8,0.04,0.12,0.7728730797907889
8,0.04,0.14,0.7728730797907889
8,0.04,0.16,0.7700649493815096
8,0.04,0.18,0.7700521440656664
8,0.04,0.2,0.7700521440656664
8,0.04,0.22,0.7699935560371535
8,0.04,0.24,0.7696819721305437
8,0.04,0.26,0.770316604214987
8,0.04,0.28,0.7687098447198626
8,0.04,0.3,0.7687098447198626
8,0.04,0.32,0.7690229230336981
8,0.04,0.34,0.7689631089499444
8,0.04,0.36,0.7686386059773913
8,0.04,0.38,0.7686500306361088
8,0.04,0.4,0.7666450181047805
8,0.04,0.42,0.7639088016265948
8,0.04,0.44,0.7639088016265948
8,0.04,0.46,0.7664384501958473
8,0.04,0.48,0.7630057284221256
8,0.04,0.5,0.7639568820794648
8,0.04,0.52,0.7616156897670356
8,0.04,0.54,0.7577403158877176
8,0.04,0.56,0.7582152451894865
8,0.04,0.58,0.7548335954999077
8,0.05,0.01,0.8053616358528934
8,0.05,0.02,0.8053616358528934
8,0.05,0.04,0.8049763508328478
8,0.05,0.06,0.8020779990821773
8,0.05,0.08,0.8020779990821773
8,0.05,0.1,0.8024140905575091
8,0.05,0.12,0.8010125126466391
8,0.05,0.14,0.8010125126466391
8,0.05,0.16,0.7957909835484964
8,0.05,0.18,0.7957909835484964
8,0.05,0.2,0.7926965712044864
8,0.05,0.22,0.7916033883389162
8,0.05,0.24,0.7887290759601948
8,0.05,0.26,0.7887290759601948
8,0.05,0.28,0.7869225732338231
8,0.05,0.3,0.7855635419356934
8,0.05,0.32,0.7773094950199825
8,0.05,0.34,0.7773094950199825
8,0.05,0.36,0.7769924303269165
8,0.05,0.38,0.7731583365953375
8,0.05,0.4,0.7670518382959214
8,0.05,0.42,0.766189030440319
8,0.05,0.44,0.766189030440319
8,0.05,0.46,0.7652026624117948
8,0.05,0.48,0.7603724439871062
8,0.05,0.5,0.755432286105772
8,0.05,0.52,0.7544837963932373
8,0.05,0.54,0.7512106278917258
8,0.05,0.56,0.7502444530086744
8,0.05,0.58,0.746492507766826
9,0.01,0.01,0.5436008369788706
9,0.01,0.02,0.5442641005372945
9,0.01,0.04,0.5468790182111001
9,0.01,0.06,0.551306139975833
9,0.01,0.08,0.5534628916412243
9,0.01,0.1,0.5590015261493563
9,0.01,0.12,0.5594879207952416
9,0.01,0.14,0.5628672067071571
9,0.01,0.16,0.5716746261016976
9,0.01,0.18,0.5737761446684674
9,0.01,0.2,0.5760811579788323
9,0.01,0.22,0.5792451885864924
9,0.01,0.24,0.5810050054255914
9,0.01,0.26,0.5844954242370383
9,0.01,0.28,0.5876082238762589
9,0.01,0.3,0.5897285789854125
9,0.01,0.32,0.5902404864778765
9,0.01,0.34,0.5906966125350656
9,0.01,0.36,0.5917311081449921
9,0.01,0.38,0.5958460675621655
9,0.01,0.4,0.5975204851987612
9,0.01,0.42,0.6004811612857445
9,0.01,0.44,0.6007039565874651
9,0.01,0.46,0.6016179850986443
9,0.01,0.48,0.6037824117689814
9,0.01,0.5,0.6061607578280798
9,0.01,0.52,0.6069300023415226
9,0.01,0.54,0.609431594431396
9,0.01,0.56,0.6122030889885343
9,0.01,0.58,0.6168744096690724
9,0.02,0.01,0.7681502243177609
9,0.02,0.02,0.766311469013659
9,0.02,0.04,0.7628799351097749
9,0.02,0.06,0.7604678133323048
9,0.02,0.08,0.7623779746900868
9,0.02,0.1,0.7634278130979385
9,0.02,0.12,0.7654762953903431
9,0.02,0.14,0.7649208399388983
9,0.02,0.16,0.7672810069107847
9,0.02,0.18,0.7688368753452766
9,0.02,0.2,0.7693021462680492
9,0.02,0.22,0.7660560645700415
9,0.02,0.24,0.7694800085714931
9,0.02,0.26,0.7688365552653708
9,0.02,0.28,0.769143076965304
9,0.02,0.3,0.7708746661091075
9,0.02,0.32,0.7741541348509698
9,0.02,0.34,0.7741964985766121
9,0.02,0.36,0.7750538231234293
9,0.02,0.38,0.7740045573153547
9,0.02,0.4,0.7730810351538172
9,0.02,0.42,0.7742853833553136
9,0.02,0.44,0.7761180530839533
9,0.02,0.46,0.7757151091471416
9,0.02,0.48,0.7771133579542399
9,0.02,0.5,0.7810554332731446
9,0.02,0.52,0.7838966829615324
9,0.02,0.54,0.7815236917130404
9,0.02,0.56,0.7810744554147474
9,0.02,0.58,0.7809429716201252
9,0.03,0.01,0.79882875593389
9,0.03,0.02,0.7978547670249811
9,0.03,0.04,0.7978547670249811
9,0.03,0.06,0.7997332229345544
9,0.03,0.08,0.8006142130976122
9,0.03,0.1,0.801890284884908
9,0.03,0.12,0.8031461718550806
9,0.03,0.14,0.8028264903533534
9,0.03,0.16,0.8031526117945976
9,0.03,0.18,0.8028816738712571
9,0.03,0.2,0.8028227449315226
9,0.03,0.22,0.8048287682777933
9,0.03,0.24,0.8033596026018078
9,0.03,0.26,0.8037115268646178
9,0.03,0.28,0.8046009269511919
9,0.03,0.3,0.8068365967340148
9,0.03,0.32,0.8079524683998621
9,0.03,0.34,0.8082859797308158
9,0.03,0.36,0.8052266134044849
9,0.03,0.38,0.806250434304082
9,0.03,0.4,0.806250434304082
9,0.03,0.42,0.8045378828731516
9,0.03,0.44,0.8057239983449814
9,0.03,0.46,0.8060590593563735
9,0.03,0.48,0.8050352384567763
9,0.03,0.5,0.8011238715078269
9,0.03,0.52,0.8011238715078269
9,0.03,0.54,0.8011238715078269
9,0.03,0.56,0.8011238715078269
9,0.03,0.58,0.8004408284881686
9,0.04,0.01,0.8034287004045123
9,0.04,0.02,0.8034287004045123
9,0.04,0.04,0.8034287004045123
9,0.04,0.06,0.8034287004045123
9,0.04,0.08,0.8018627527579375
9,0.04,0.1,0.800066306023904
9,0.04,0.12,0.7985571657406452
9,0.04,0.14,0.7979956640237972
9,0.04,0.16,0.7990266474922293
9,0.04,0.18,0.7990266474922293
9,0.04,0.2,0.7973567802466753
9,0.04,0.22,0.798931216424352
9,0.04,0.24,0.798619492689512
9,0.04,0.26,0.7957493341310515
9,0.04,0.28,0.7957493341310515
9,0.04,0.3,0.7938723291484565
9,0.04,0.32,0.7935505788267062
9,0.04,0.34,0.7932373635907427
9,0.04,0.36,0.7946835234500352
9,0.04,0.38,0.7925413357408372
9,0.04,0.4,0.7906836695974567
9,0.04,0.42,0.788948071327205
9,0.04,0.44,0.788948071327205
9,0.04,0.46,0.788948071327205
9,0.04,0.48,0.788948071327205
9,0.04,0.5,0.7871567261344506
9,0.04,0.52,0.7867764757542003
9,0.04,0.54,0.788695624566553
9,0.04,0.56,0.7850333736473333
9,0.04,0.58,0.7844984236722661
9,0.05,0.01,0.8377536279694311
9,0.05,0.02,0.8368343413358588
9,0.05,0.04,0.8345667325203443
9,0.05,0.06,0.8333040200775076
9,0.05,0.08,0.8333040200775076
9,0.05,0.1,0.8333040200775076
9,0.05,0.12,0.8324316063887155
9,0.05,0.14,0.8296156957003704
9,0.05,0.16,0.8272369458655613
9,0.05,0.18,0.8277830949919988
9,0.05,0.2,0.8274020291775016
9,0.05,0.22,0.8243038101145104
9,0.05,0.24,0.8243038101145104
9,0.05,0.26,0.8206988838180178
9,0.05,0.28,0.8172206774444396
9,0.05,0.3,0.8157342705209599
9,0.05,0.32,0.8077880289148089
9,0.05,0.34,0.8077880289148089
9,0.05,0.36,0.8052688422536128
9,0.05,0.38,0.8052688422536128
9,0.05,0.4,0.7985704374194993
9,0.05,0.42,0.7969693962980848
9,0.05,0.44,0.7969693962980848
9,0.05,0.46,0.7970416773312009
9,0.05,0.48,0.7940505184287119
9,0.05,0.5,0.7907006684740745
9,0.05,0.52,0.7898256893364113
9,0.05,0.54,0.7863172652473065
9,0.05,0.56,0.7856283307716785
9,0.05,0.58,0.7858630720155138
10,0.01,0.01,0.5467234769411018
10,0.01,0.02,0.5481437946386999
10,0.01,0.04,0.5499416706500495
10,0.01,0.06,0.5531989528080389
10,0.01,0.08,0.5571217194292685
10,0.01,0.1,0.5595397773177702
10,0.01,0.12,0.5627979035818292
10,0.01,0.14,0.5682299868806193
10,0.01,0.16,0.5711891743342907
10,0.01,0.18,0.5734515239357192
10,0.01,0.2,0.5759051626296723
10,0.01,0.22,0.5811059927268378
10,0.01,0.24,0.5874378631865077
10,0.01,0.26,0.5886440148160802
10,0.01,0.28,0.5919894873329047
10,0.01,0.3,0.5941647523102863
10,0.01,0.32,0.5954703391473011
10,0.01,0.34,0.5971920810362279
10,0.01,0.36,0.5978799741788456
10,0.01,0.38,0.5993149791659146
10,0.01,0.4,0.6010594324597047
10,0.01,0.42,0.6030503880098443
10,0.01,0.44,0.6042350371743115
10,0.01,0.46,0.6062316244110976
10,0.01,0.48,0.6091161164149421
10,0.01,0.5,0.611742558872051
10,0.01,0.52,0.6139374017852806
10,0.01,0.54,0.6152485458294337
10,0.01,0.56,0.6177056286371408
10,0.01,0.58,0.6180991635236746
10,0.02,0.01,0.7800444132575982
10,0.02,0.02,0.7794464860718422
10,0.02,0.04,0.7808244508300887
10,0.02,0.06,0.7816522482680556
10,0.02,0.08,0.7820493706738997
10,0.02,0.1,0.7853313068364525
10,0.02,0.12,0.7862836877888334
10,0.02,0.14,0.7897733838826968
10,0.02,0.16,0.7911329195215905
10,0.02,0.18,0.7919896340214834
10,0.02,0.2,0.7933880502076155
10,0.02,0.22,0.7892180661242418
10,0.02,0.24,0.7879680945574067
10,0.02,0.26,0.7861647222511942
10,0.02,0.28,0.7888028739559578
10,0.02,0.3,0.7890122597545701
10,0.02,0.32,0.7892711054480868
10,0.02,0.34,0.7851780849024205
10,0.02,0.36,0.7831417440502901
10,0.02,0.38,0.7834538520463042
10,0.02,0.4,0.7837767618511375
10,0.02,0.42,0.7866195862309091
10,0.02,0.44,0.7878941310614549
10,0.02,0.46,0.789100299748264
10,0.02,0.48,0.7914759153889588
10,0.02,0.5,0.7923187314188389
10,0.02,0.52,0.7923999744235577
10,0.02,0.54,0.7929554883764807
10,0.02,0.56,0.7887597838010502
10,0.02,0.58,0.7866317531015908
10,0.03,0.01,0.8196187412490955
10,0.03,0.02,0.8177252003275723
10,0.03,0.04,0.8180452300593667
10,0.03,0.06,0.8190148250883676
10,0.03,0.08,0.818644111464642
10,0.03,0.1,0.8207222481945777
10,0.03,0.12,0.8223194563407966
10,0.03,0.14,0.8232902829996968
10,0.03,0.16,0.8236183131784731
10,0.03,0.18,0.8239479794179917
10,0.03,0.2,0.8245243211770071
10,0.03,0.22,0.8207836814438642
10,0.03,0.24,0.8211166567392453
10,0.03,0.26,0.8224242591224973
10,0.03,0.28,0.8240662253714556
10,0.03,0.3,0.823304005789068
10,0.03,0.32,0.823304005789068
10,0.03,0.34,0.8258509766289563
10,0.03,0.36,0.8258509766289563
10,0.03,0.38,0.8254675089910807
10,0.03,0.4,0.8264793621386016
10,0.03,0.42,0.8254327896634577
10,0.03,0.44,0.8276992817932937
10,0.03,0.46,0.828941233618636
10,0.03,0.48,0.8275642810465573
10,0.03,0.5,0.8271748122819522
10,0.03,0.52,0.8259328604566099
10,0.03,0.54,0.8259328604566099
10,0.03,0.56,0.8255565920270496
10,0.03,0.58,0.8262146183944729
10,0.04,0.01,0.8193134123095819
10,0.04,0.02,0.8193134123095819
10,0.04,0.04,0.8175276980238675
10,0.04,0.06,0.8153543444784999
10,0.04,0.08,0.8141441481470739
10,0.04,0.1,0.8117532330141378
10,0.04,0.12,0.8111527066067497
10,0.04,0.14,0.8102496905330635
10,0.04,0.16,0.8093625168466351
10,0.04,0.18,0.8106593566527917
10,0.04,0.2,0.8094934263631499
10,0.04,0.22,0.8076984420394234
10,0.04,0.24,0.8080116572753869
10,0.04,0.26,0.8064016022332668
10,0.04,0.28,0.8044605810663238
10,0.04,0.3,0.8044605810663238
10,0.04,0.32,0.8044605810663238
10,0.04,0.34,0.8019086849500712
10,0.04,0.36,0.800065807330796
10,0.04,0.38,0.8011919374582942
10,0.04,0.4,0.8011919374582942
10,0.04,0.42,0.8015119671900887
10,0.04,0.44,0.802706861142328
10,0.04,0.46,0.8023936459063644
10,0.04,0.48,0.8003063359271002
10,0.04,0.5,0.7992859718740305
10,0.04,0.52,0.7967877020946547
10,0.04,0.54,0.7967877020946547
10,0.04,0.56,0.796162763123851
10,0.04,0.58,0.7952810844075753
10,0.05,0.01,0.8546638747228101
10,0.05,0.02,0.8508485347977909
10,0.05,0.04,0.8500966552874211
10,0.05,0.06,0.8460503271590584
10,0.05,0.08,0.8463767334260587
10,0.05,0.1,0.8463767334260587
10,0.05,0.12,0.8421797773311389
10,0.05,0.14,0.8421771775809594
10,0.05,0.16,0.8421771775809594
10,0.05,0.18,0.8421771775809594
10,0.05,0.2,0.8405306736303081
10,0.05,0.22,0.8377979857017069
10,0.05,0.24,0.8374725552731099
10,0.05,0.26,0.8365016393098019
10,0.05,0.28,0.8365016393098019
10,0.05,0.3,0.8315327955606625
10,0.05,0.32,0.823078765676885
10,0.05,0.34,0.823078765676885
10,0.05,0.36,0.8157992163426945
10,0.05,0.38,0.812812037059025
10,0.05,0.4,0.8103590512906422
10,0.05,0.42,0.8061000955753759
10,0.05,0.44,0.8051422166167397
10,0.05,0.46,0.8006909754031488
10,0.05,0.48,0.8000586949357712
10,0.05,0.5,0.7962401246087055
10,0.05,0.52,0.7954356729399862
10,0.05,0.54,0.7959656134080164
10,0.05,0.56,0.7959656134080164
10,0.05,0.58,0.7942371543292851
