batch,mrd,pp,average_f1
1,0.01,0.2,0.14257032183147825
1,0.01,0.22,0.1425477519595561
1,0.01,0.24,0.14140722657119909
1,0.01,0.26,0.14319425321758736
1,0.01,0.28,0.1413486365144867
1,0.01,0.3,0.14165520702912124
1,0.01,0.32,0.14169642037018812
1,0.01,0.34,0.13997802406746165
1,0.01,0.36,0.14028445528511896
1,0.01,0.38,0.13796625123879672
1,0.01,0.4,0.13831411508895314
1,0.01,0.42,0.13892616406923206
1,0.01,0.44,0.1385163438918243
1,0.01,0.46,0.13845285094462914
1,0.01,0.48,0.13920470030382884
1,0.01,0.5,0.13958276965335426
1,0.01,0.52,0.14011642749245676
1,0.01,0.54,0.14093734730529103
1,0.01,0.56,0.14151722938669478
1,0.01,0.58,0.14124129596416687
1,0.01,0.6,0.14013569785691105
1,0.01,0.62,0.14012366279385072
1,0.01,0.64,0.14128304317927357
1,0.01,0.66,0.14221744234003558
1,0.01,0.68,0.14473531221208383
1,0.02,0.2,0.13297972457218324
1,0.02,0.22,0.13348942973740574
1,0.02,0.24,0.13401035945812065
1,0.02,0.26,0.13514577718485843
1,0.02,0.28,0.13552193111497474
1,0.02,0.3,0.13564261806509478
1,0.02,0.32,0.1359603548003573
1,0.02,0.34,0.134712012432078
1,0.02,0.36,0.13397462106493713
1,0.02,0.38,0.1347883642837436
1,0.02,0.4,0.13607636447102836
1,0.02,0.42,0.1339232954680623
1,0.02,0.44,0.1351711337372531
1,0.02,0.46,0.13542649635216628
1,0.02,0.48,0.13285575919196052
1,0.02,0.5,0.13279148579412095
1,0.02,0.52,0.1331682630754692
1,0.02,0.54,0.13383228732753333
1,0.02,0.56,0.13410306126902266
1,0.02,0.58,0.1314351860483764
1,0.02,0.6,0.13024630924373606
1,0.02,0.62,0.13097050573607977
1,0.02,0.64,0.12996385307501532
1,0.02,0.66,0.13166063240147988
1,0.02,0.68,0.13294187146708297
1,0.03,0.2,0.09457306422802676
1,0.03,0.22,0.09510022738041991
1,0.03,0.24,0.0953215121133483
1,0.03,0.26,0.09659571832317537
1,0.03,0.28,0.09685689624248946
1,0.03,0.3,0.09578922822083914
1,0.03,0.32,0.09456423376360804
1,0.03,0.34,0.08656816862646065
1,0.03,0.36,0.08798089584681038
1,0.03,0.38,0.08835806928168485
1,0.03,0.4,0.08840892735270178
1,0.03,0.42,0.08871958873828731
1,0.03,0.44,0.08516524834184165
1,0.03,0.46,0.08531135372034589
1,0.03,0.48,0.0811027477309265
1,0.03,0.5,0.08137185245322258
1,0.03,0.52,0.0813976447606669
1,0.03,0.54,0.08191883183710576
1,0.03,0.56,0.08211863203690595
1,0.03,0.58,0.08214467116068944
1,0.03,0.6,0.08287955221548536
1,0.03,0.62,0.08390483197917845
1,0.03,0.64,0.07933736785445526
1,0.03,0.66,0.07967012641703515
1,0.03,0.68,0.07847830432154457
1,0.04,0.1,0.11304900125629898
1,0.04,0.12,0.11406383341867211
1,0.04,0.14,0.1145366620976377
1,0.04,0.16,0.111437255429782
1,0.04,0.18,0.1117771334398969
1,0.04,0.2,0.11299900912466566
1,0.04,0.22,0.11303034981679351
1,0.04,0.24,0.10835738157992522
1,0.04,0.26,0.10860095727107123
1,0.04,0.28,0.10884904384655616
1,0.04,0.3,0.10891322046059801
1,0.04,0.32,0.10788239497877213
1,0.04,0.34,0.10004795066906866
1,0.04,0.36,0.10004795066906866
1,0.04,0.38,0.10004795066906866
1,0.04,0.4,0.09604718952545037
1,0.04,0.42,0.09718771566597652
1,0.04,0.44,0.08869825430766268
1,0.04,0.46,0.08776850865262723
1,0.04,0.48,0.08820239740073939
1,0.04,0.5,0.08840204451734703
1,0.04,0.52,0.08860812617730017
1,0.04,0.54,0.08898605512665769
1,0.04,0.56,0.09001822739020507
1,0.04,0.58,0.08545675113061559
1,0.04,0.6,0.08353931021273818
1,0.04,0.62,0.08470214844085144
1,0.04,0.64,0.08522713433199366
1,0.04,0.66,0.08533020194977554
1,0.04,0.68,0.0742296918767507
1,0.05,0.1,0.11063179675806159
1,0.05,0.12,0.1116703508253034
1,0.05,0.14,0.11188979344105938
1,0.05,0.16,0.11235062293414692
1,0.05,0.18,0.10841220546189485
1,0.05,0.2,0.10782392369124402
1,0.05,0.22,0.10804586512392642
1,0.05,0.24,0.10815824648496686
1,0.05,0.26,0.10815824648496686
1,0.05,0.28,0.09545127690468193
1,0.05,0.3,0.09104423510501417
1,0.05,0.32,0.09134407035925673
1,0.05,0.34,0.09145935802819247
1,0.05,0.36,0.0903714404671196
1,0.05,0.38,0.09056384065951979
1,0.05,0.4,0.09076350123653885
1,0.05,0.42,0.09190387030143622
1,0.05,0.44,0.0920434245557398
1,0.05,0.46,0.08773920362747797
1,0.05,0.48,0.08548964140111491
1,0.05,0.5,0.08570034515164167
1,0.05,0.52,0.08592443478749599
1,0.05,0.54,0.07449586335892457
1,0.05,0.56,0.07471032967642502
1,0.05,0.58,0.07471032967642502
1,0.05,0.6,0.07471032967642502
1,0.05,0.62,0.07471032967642502
1,0.05,0.64,0.07481900543372345
1,0.05,0.66,0.07481900543372345
1,0.05,0.68,0.07481900543372345
2,0.01,0.2,0.26033555893478344
2,0.01,0.22,0.25996493237259105
2,0.01,0.24,0.260980736892773
2,0.01,0.26,0.25918915165945894
2,0.01,0.28,0.2605885837150555
2,0.01,0.3,0.2603689169131995
2,0.01,0.32,0.2579711776403942
2,0.01,0.34,0.2591181321092212
2,0.01,0.36,0.26002610742269733
2,0.01,0.38,0.2606261045079148
2,0.01,0.4,0.26124460848192965
2,0.01,0.42,0.2594615777018254
2,0.01,0.44,0.2578360294198349
2,0.01,0.46,0.2576810410060375
2,0.01,0.48,0.2575833065585936
2,0.01,0.5,0.25853963487180576
2,0.01,0.52,0.2580303009855606
2,0.01,0.54,0.25679548565778326
2,0.01,0.56,0.2567206696962429
2,0.01,0.58,0.25703032098038675
2,0.01,0.6,0.25771978657426337
2,0.01,0.62,0.2577028549862897
2,0.01,0.64,0.25649866991422093
2,0.01,0.66,0.25663602994259505
2,0.01,0.68,0.25616450591538287
2,0.02,0.2,0.25204021149816885
2,0.02,0.22,0.24880603900551762
2,0.02,0.24,0.24898779194628423
2,0.02,0.26,0.24232572362047664
2,0.02,0.28,0.2429566614548311
2,0.02,0.3,0.2441665618270446
2,0.02,0.32,0.24414247587797153
2,0.02,0.34,0.24250526801393987
2,0.02,0.36,0.24156547132780185
2,0.02,0.38,0.2391642509937814
2,0.02,0.4,0.23866412726090472
2,0.02,0.42,0.23970792260920273
2,0.02,0.44,0.23988067800978616
2,0.02,0.46,0.24067335964990547
2,0.02,0.48,0.23712627161637978
2,0.02,0.5,0.23830043656494168
2,0.02,0.52,0.23874887718919308
2,0.02,0.54,0.23726942645876536
2,0.02,0.56,0.23760712384806112
2,0.02,0.58,0.23842150834491313
2,0.02,0.6,0.23855470847811325
2,0.02,0.62,0.2362880853758955
2,0.02,0.64,0.23740403174159977
2,0.02,0.66,0.24055726739483543
2,0.02,0.68,0.24137501470632391
2,0.03,0.2,0.20775288143205906
2,0.03,0.22,0.20794752729856197
2,0.03,0.24,0.20763570539847018
2,0.03,0.26,0.2078773858653984
2,0.03,0.28,0.20788242087262082
2,0.03,0.3,0.20712745065200175
2,0.03,0.32,0.2056039345533309
2,0.03,0.34,0.2056039345533309
2,0.03,0.36,0.19985857753202826
2,0.03,0.38,0.19846151970715975
2,0.03,0.4,0.19857290494972896
2,0.03,0.42,0.20029211450696122
2,0.03,0.44,0.20029211450696122
2,0.03,0.46,0.20071041420738042
2,0.03,0.48,0.19870624482682223
2,0.03,0.5,0.19987515189871002
2,0.03,0.52,0.19923665088426917
2,0.03,0.54,0.20010292611751562
2,0.03,0.56,0.19321151305550366
2,0.03,0.58,0.19395197954939486
2,0.03,0.6,0.19565690027688995
2,0.03,0.62,0.1931490998511471
2,0.03,0.64,0.193319793128458
2,0.03,0.66,0.18424149864355993
2,0.03,0.68,0.1809420861369863
2,0.04,0.1,0.2321786307741364
2,0.04,0.12,0.2268713429864215
2,0.04,0.14,0.22740558978046121
2,0.04,0.16,0.22453968350276332
2,0.04,0.18,0.22303798971927927
2,0.04,0.2,0.22513056564469586
2,0.04,0.22,0.22037236999980075
2,0.04,0.24,0.21780828457236234
2,0.04,0.26,0.2153292042705909
2,0.04,0.28,0.21334666300233535
2,0.04,0.3,0.2135972895687514
2,0.04,0.32,0.2135972895687514
2,0.04,0.34,0.21090292048273948
2,0.04,0.36,0.20742781282994804
2,0.04,0.38,0.2085987730173017
2,0.04,0.4,0.20966478528919955
2,0.04,0.42,0.20966478528919955
2,0.04,0.44,0.21041666498844766
2,0.04,0.46,0.20961183601460462
2,0.04,0.48,0.21041666498844766
2,0.04,0.5,0.21143937881038677
2,0.04,0.52,0.20987465222834584
2,0.04,0.54,0.2028120145260446
2,0.04,0.56,0.1992216625941705
2,0.04,0.58,0.19147055018279224
2,0.04,0.6,0.191310023026349
2,0.04,0.62,0.19273470374172946
2,0.04,0.64,0.19420099888849887
2,0.04,0.66,0.19420099888849887
2,0.04,0.68,0.19440670617141204
2,0.05,0.1,0.2280794140914777
2,0.05,0.12,0.22236503275644873
2,0.05,0.14,0.2192527682975716
2,0.05,0.16,0.2152533632932907
2,0.05,0.18,0.2152533632932907
2,0.05,0.2,0.2111880245544691
2,0.05,0.22,0.2115815760492474
2,0.05,0.24,0.21178060495404938
2,0.05,0.26,0.21198115898455866
2,0.05,0.28,0.20809742446878765
2,0.05,0.3,0.20487864420305818
2,0.05,0.32,0.20402490861705758
2,0.05,0.34,0.20402490861705758
2,0.05,0.36,0.20402490861705758
2,0.05,0.38,0.20588457408023403
2,0.05,0.4,0.1979628180624858
2,0.05,0.42,0.19816103326386814
2,0.05,0.44,0.19756979714962905
2,0.05,0.46,0.1872933120802822
2,0.05,0.48,0.18761307684323242
2,0.05,0.5,0.18761307684323242
2,0.05,0.52,0.18535743774548805
2,0.05,0.54,0.18224862498282368
2,0.05,0.56,0.17460941133245975
2,0.05,0.58,0.17460941133245975
2,0.05,0.6,0.17367144889648936
2,0.05,0.62,0.1721344537815126
2,0.05,0.64,0.17253998373542964
2,0.05,0.66,0.17253998373542964
2,0.05,0.68,0.17253998373542964
3,0.01,0.2,0.37405092630856396
3,0.01,0.22,0.3740156247818725
3,0.01,0.24,0.3741200752220946
3,0.01,0.26,0.37344603219757605
3,0.01,0.28,0.3762836358649765
3,0.01,0.3,0.3780173685768803
3,0.01,0.32,0.3788633961593463
3,0.01,0.34,0.3836799532738354
3,0.01,0.36,0.3842598392666927
3,0.01,0.38,0.38316589564750575
3,0.01,0.4,0.3815201782105482
3,0.01,0.42,0.3793156535540575
3,0.01,0.44,0.3791069098970322
3,0.01,0.46,0.3803643806508477
3,0.01,0.48,0.38131300545281127
3,0.01,0.5,0.38284076165305114
3,0.01,0.52,0.38079198212684895
3,0.01,0.54,0.3827196217145655
3,0.01,0.56,0.38016430528401074
3,0.01,0.58,0.38108195764673275
3,0.01,0.6,0.38301588515038343
3,0.01,0.62,0.3833364094903167
3,0.01,0.64,0.38312109848452475
3,0.01,0.66,0.3848555583837724
3,0.01,0.68,0.3890232637604128
3,0.02,0.2,0.4130067777174059
3,0.02,0.22,0.4059449845302793
3,0.02,0.24,0.4063251955636139
3,0.02,0.26,0.4064702482617273
3,0.02,0.28,0.40778543985678345
3,0.02,0.3,0.40778543985678345
3,0.02,0.32,0.40514759357359964
3,0.02,0.34,0.4038925903535079
3,0.02,0.36,0.4038162686630848
3,0.02,0.38,0.4004641469303123
3,0.02,0.4,0.4008657997380617
3,0.02,0.42,0.39579716518810965
3,0.02,0.44,0.39771581363475805
3,0.02,0.46,0.3998081657271101
3,0.02,0.48,0.4002017574324967
3,0.02,0.5,0.40170583304609203
3,0.02,0.52,0.40075285447769043
3,0.02,0.54,0.40066704679694604
3,0.02,0.56,0.3962448074431998
3,0.02,0.58,0.3946518104035608
3,0.02,0.6,0.3904712208692106
3,0.02,0.62,0.39113448460428035
3,0.02,0.64,0.39045797409644084
3,0.02,0.66,0.39248808144017694
3,0.02,0.68,0.39393175886511006
3,0.03,0.2,0.38090259784564623
3,0.03,0.22,0.3848183464787744
3,0.03,0.24,0.3836641874916872
3,0.03,0.26,0.37813999562939343
3,0.03,0.28,0.3788181570432894
3,0.03,0.3,0.37857789691660976
3,0.03,0.32,0.3777748097618276
3,0.03,0.34,0.3759077525820742
3,0.03,0.36,0.3747421878086325
3,0.03,0.38,0.3725902010182715
3,0.03,0.4,0.37153856524244905
3,0.03,0.42,0.3674807147400057
3,0.03,0.44,0.36764520442126036
3,0.03,0.46,0.36945814942635097
3,0.03,0.48,0.36653239991211484
3,0.03,0.5,0.3679244786894743
3,0.03,0.52,0.3614152793984727
3,0.03,0.54,0.3614152793984727
3,0.03,0.56,0.3634991488957374
3,0.03,0.58,0.3659476244171685
3,0.03,0.6,0.3648683635344475
3,0.03,0.62,0.3648937020092996
3,0.03,0.64,0.3648937020092996
3,0.03,0.66,0.3643509317096904
3,0.03,0.68,0.3643509317096904
3,0.04,0.1,0.4102488533482257
3,0.04,0.12,0.40880188546352336
3,0.04,0.14,0.4039381827907266
3,0.04,0.16,0.40049473856364093
3,0.04,0.18,0.3867521272909166
3,0.04,0.2,0.3788936234326116
3,0.04,0.22,0.3748441579933098
3,0.04,0.24,0.3706430290253463
3,0.04,0.26,0.36565617062527805
3,0.04,0.28,0.36476179701452266
3,0.04,0.3,0.36372846810191833
3,0.04,0.32,0.36478521457985946
3,0.04,0.34,0.3601578611694848
3,0.04,0.36,0.35527278899851555
3,0.04,0.38,0.3526703799682668
3,0.04,0.4,0.34822548046383417
3,0.04,0.42,0.35051103971954706
3,0.04,0.44,0.3495677260314222
3,0.04,0.46,0.3511562176884389
3,0.04,0.48,0.35169489469770415
3,0.04,0.5,0.34963817770196276
3,0.04,0.52,0.35317158080947963
3,0.04,0.54,0.3534152395897237
3,0.04,0.56,0.35348475903262633
3,0.04,0.58,0.3541556867236727
3,0.04,0.6,0.3531775780369177
3,0.04,0.62,0.3570347988743114
3,0.04,0.64,0.3577862908068245
3,0.04,0.66,0.35797874214307773
3,0.04,0.68,0.35991660560090616
3,0.05,0.1,0.38251804862450467
3,0.05,0.12,0.3724210690565534
3,0.05,0.14,0.35445273941919836
3,0.05,0.16,0.34742677956963675
3,0.05,0.18,0.34308821190264494
3,0.05,0.2,0.3396797360419651
3,0.05,0.22,0.3358266216420289
3,0.05,0.24,0.3323611886614263
3,0.05,0.26,0.3296955335282861
3,0.05,0.28,0.3252594277677402
3,0.05,0.3,0.3257310181095171
3,0.05,0.32,0.3284569196878662
3,0.05,0.34,0.3284569196878662
3,0.05,0.36,0.32971005251994645
3,0.05,0.38,0.33020851048191086
3,0.05,0.4,0.3278905233971313
3,0.05,0.42,0.32684619914112817
3,0.05,0.44,0.32704585971814726
3,0.05,0.46,0.3266420861214748
3,0.05,0.48,0.3277655142161168
3,0.05,0.5,0.3291827477762076
3,0.05,0.52,0.3267096877557392
3,0.05,0.54,0.3267096877557392
3,0.05,0.56,0.3255872387761474
3,0.05,0.58,0.32601004940983486
3,0.05,0.6,0.31986406652808846
3,0.05,0.62,0.3232859348128677
3,0.05,0.64,0.31989505171883004
3,0.05,0.66,0.3152787800562929
3,0.05,0.68,0.3157832880795978
4,0.01,0.2,0.44543015207423003
4,0.01,0.22,0.4471879752539247
4,0.01,0.24,0.4475758681917155
4,0.01,0.26,0.4498354821134489
4,0.01,0.28,0.45115414131707393
4,0.01,0.3,0.45271738458631106
4,0.01,0.32,0.4529747226536342
4,0.01,0.34,0.46074186030872893
4,0.01,0.36,0.46117838251323395
4,0.01,0.38,0.46091167322543175
4,0.01,0.4,0.4602292384124596
4,0.01,0.42,0.4610649360425748
4,0.01,0.44,0.4611994608154135
4,0.01,0.46,0.4613997133209588
4,0.01,0.48,0.4617760083769534
4,0.01,0.5,0.46382222484491864
4,0.01,0.52,0.46333642201392616
4,0.01,0.54,0.4626066821756995
4,0.01,0.56,0.46232890707883056
4,0.01,0.58,0.46349679818813144
4,0.01,0.6,0.461744861466692
4,0.01,0.62,0.46554559558256975
4,0.01,0.64,0.46777272351621935
4,0.01,0.66,0.468329690562168
4,0.01,0.68,0.47112656218640886
4,0.02,0.2,0.5396319302255855
4,0.02,0.22,0.542045363201327
4,0.02,0.24,0.5387004376968231
4,0.02,0.26,0.5338976941114312
4,0.02,0.28,0.5283262138524415
4,0.02,0.3,0.5333011704788743
4,0.02,0.32,0.5379363167221648
4,0.02,0.34,0.532688149184459
4,0.02,0.36,0.532688149184459
4,0.02,0.38,0.5333790755479181
4,0.02,0.4,0.5321838669135767
4,0.02,0.42,0.5343301450365011
4,0.02,0.44,0.5331705857554617
4,0.02,0.46,0.5338066060781583
4,0.02,0.48,0.5341998808588799
4,0.02,0.5,0.5282531154321127
4,0.02,0.52,0.52938046499812
4,0.02,0.54,0.5304081372552859
4,0.02,0.56,0.5320114225469147
4,0.02,0.58,0.5259341596232441
4,0.02,0.6,0.5259682874521561
4,0.02,0.62,0.5255507824033607
4,0.02,0.64,0.5267443057297913
4,0.02,0.66,0.5278788443054645
4,0.02,0.68,0.5238168824525805
4,0.03,0.2,0.5613601702342955
4,0.03,0.22,0.566724362893459
4,0.03,0.24,0.5684007000263038
4,0.03,0.26,0.5508644367362084
4,0.03,0.28,0.5506140111450234
4,0.03,0.3,0.5508001181669483
4,0.03,0.32,0.5518424986308914
4,0.03,0.34,0.5435897594910223
4,0.03,0.36,0.5401875132998637
4,0.03,0.38,0.5350758553629295
4,0.03,0.4,0.5368316532699645
4,0.03,0.42,0.535262630358997
4,0.03,0.44,0.5302458620856012
4,0.03,0.46,0.528261011257276
4,0.03,0.48,0.5287461414194927
4,0.03,0.5,0.5305901259052804
4,0.03,0.52,0.5256899076078104
4,0.03,0.54,0.5240910644685651
4,0.03,0.56,0.5168777132234281
4,0.03,0.58,0.5149571577494205
4,0.03,0.6,0.5169816817528313
4,0.03,0.62,0.5169816817528313
4,0.03,0.64,0.5172105304957071
4,0.03,0.66,0.5174957541966557
4,0.03,0.68,0.5147172045995455
4,0.04,0.1,0.5620772761272412
4,0.04,0.12,0.5575853000040857
4,0.04,0.14,0.556083673895422
4,0.04,0.16,0.5540321406520622
4,0.04,0.18,0.54689185273183
4,0.04,0.2,0.535880476343091
4,0.04,0.22,0.5330616242675814
4,0.04,0.24,0.5347464289344175
4,0.04,0.26,0.533370463031045
4,0.04,0.28,0.51797342403513
4,0.04,0.3,0.5155668169260997
4,0.04,0.32,0.5154646982810063
4,0.04,0.34,0.5053460281746515
4,0.04,0.36,0.4922143382668768
4,0.04,0.38,0.4950870960845247
4,0.04,0.4,0.4866474138702585
4,0.04,0.42,0.4863375525920203
4,0.04,0.44,0.4837916987417275
4,0.04,0.46,0.48078931224019605
4,0.04,0.48,0.47651561501996087
4,0.04,0.5,0.47302302895690673
4,0.04,0.52,0.47449711486502305
4,0.04,0.54,0.4767397407582289
4,0.04,0.56,0.47408282286405956
4,0.04,0.58,0.46611774544044227
4,0.04,0.6,0.4657809854262629
4,0.04,0.62,0.46578901012905377
4,0.04,0.64,0.464550480111708
4,0.04,0.66,0.463512646652337
4,0.04,0.68,0.46308568566636976
4,0.05,0.1,0.5112412022521428
4,0.05,0.12,0.49573047710143037
4,0.05,0.14,0.49275066147542596
4,0.05,0.16,0.4906806318935088
4,0.05,0.18,0.4917584142631601
4,0.05,0.2,0.47692495523392126
4,0.05,0.22,0.4609694962023801
4,0.05,0.24,0.4590127666679441
4,0.05,0.26,0.44320387947507583
4,0.05,0.28,0.43919562370617754
4,0.05,0.3,0.4371159000323162
4,0.05,0.32,0.43740351918145876
4,0.05,0.34,0.4310064587276994
4,0.05,0.36,0.4242310098396227
4,0.05,0.38,0.41694252249060304
4,0.05,0.4,0.41326130312977644
4,0.05,0.42,0.4091212931109919
4,0.05,0.44,0.4061042408650678
4,0.05,0.46,0.40481771425764856
4,0.05,0.48,0.40186818049997763
4,0.05,0.5,0.39928683181854546
4,0.05,0.52,0.3932047398920722
4,0.05,0.54,0.38656734348070465
4,0.05,0.56,0.3870677321731349
4,0.05,0.58,0.3873563324617351
4,0.05,0.6,0.38638579661689443
4,0.05,0.62,0.38907159127954366
4,0.05,0.64,0.38907159127954366
4,0.05,0.66,0.38276907027114027
4,0.05,0.68,0.38091747304949886
5,0.01,0.2,0.47643736337297443
5,0.01,0.22,0.47796657447825996
5,0.01,0.24,0.480496037654419
5,0.01,0.26,0.48107401271665884
5,0.01,0.28,0.4802364990307705
5,0.01,0.3,0.4823133630402098
5,0.01,0.32,0.4811908504376539
5,0.01,0.34,0.48786912852772774
5,0.01,0.36,0.4893985360533953
5,0.01,0.38,0.49198524248358605
5,0.01,0.4,0.49192799800566384
5,0.01,0.42,0.49300654662100446
5,0.01,0.44,0.4944183643992611
5,0.01,0.46,0.4945169791779405
5,0.01,0.48,0.49350607378967576
5,0.01,0.5,0.49407010103272275
5,0.01,0.52,0.49574549687795216
5,0.01,0.54,0.4973072767827258
5,0.01,0.56,0.4987050847003877
5,0.01,0.58,0.5014609689302062
5,0.01,0.6,0.5044144109820121
5,0.01,0.62,0.5077033372968422
5,0.01,0.64,0.508366516652291
5,0.01,0.66,0.5105002179637494
5,0.01,0.68,0.5163875579099463
5,0.02,0.2,0.6004042215974831
5,0.02,0.22,0.6023476073990734
5,0.02,0.24,0.6039632675083567
5,0.02,0.26,0.6058588055287218
5,0.02,0.28,0.6066142133022663
5,0.02,0.3,0.6071312463190938
5,0.02,0.32,0.6131978906156882
5,0.02,0.34,0.6191835938328003
5,0.02,0.36,0.6178426088907194
5,0.02,0.38,0.6185959051999571
5,0.02,0.4,0.622412479896116
5,0.02,0.42,0.6189577984757693
5,0.02,0.44,0.6197278301187605
5,0.02,0.46,0.6185755953968826
5,0.02,0.48,0.6163525502646195
5,0.02,0.5,0.6182786227706378
5,0.02,0.52,0.6128676109933048
5,0.02,0.54,0.6115186430268879
5,0.02,0.56,0.6120957492471432
5,0.02,0.58,0.6108869215588465
5,0.02,0.6,0.6066961661929701
5,0.02,0.62,0.6103542322814411
5,0.02,0.64,0.611793333432914
5,0.02,0.66,0.6130154236518363
5,0.02,0.68,0.6147472631627873
5,0.03,0.2,0.6512513692466844
5,0.03,0.22,0.651539239889894
5,0.03,0.24,0.6499908740492311
5,0.03,0.26,0.6503229198941826
5,0.03,0.28,0.6469805430655832
5,0.03,0.3,0.642476730540378
5,0.03,0.32,0.6398995940948778
5,0.03,0.34,0.6466005407669551
5,0.03,0.36,0.645503864310971
5,0.03,0.38,0.6440838943500756
5,0.03,0.4,0.6436020561826751
5,0.03,0.42,0.6393490474269272
5,0.03,0.44,0.6380031924682645
5,0.03,0.46,0.635664790274393
5,0.03,0.48,0.6295068287840172
5,0.03,0.5,0.6232978725083508
5,0.03,0.52,0.6217985813651464
5,0.03,0.54,0.6109079776297698
5,0.03,0.56,0.6055786701255709
5,0.03,0.58,0.6022496349239183
5,0.03,0.6,0.6035414617595707
5,0.03,0.62,0.6022120852160732
5,0.03,0.64,0.6007435500701046
5,0.03,0.66,0.5994426658002051
5,0.03,0.68,0.5973538226844243
5,0.04,0.1,0.6508644815255791
5,0.04,0.12,0.6529195210880389
5,0.04,0.14,0.6509765574974375
5,0.04,0.16,0.6453678470759762
5,0.04,0.18,0.6453337559519501
5,0.04,0.2,0.6398245573226322
5,0.04,0.22,0.6415842357065097
5,0.04,0.24,0.6344313211822478
5,0.04,0.26,0.6321706972680782
5,0.04,0.28,0.6310049723374288
5,0.04,0.3,0.6134964019049989
5,0.04,0.32,0.6075725989053654
5,0.04,0.34,0.602948327065363
5,0.04,0.36,0.6035632753093977
5,0.04,0.38,0.6030686282195337
5,0.04,0.4,0.5946035051504238
5,0.04,0.42,0.5935191559248593
5,0.04,0.44,0.590185537099014
5,0.04,0.46,0.5806049618121779
5,0.04,0.48,0.5785181763488315
5,0.04,0.5,0.565797925954709
5,0.04,0.52,0.5668170255001306
5,0.04,0.54,0.5695922330956471
5,0.04,0.56,0.5625636685659879
5,0.04,0.58,0.5601278522880594
5,0.04,0.6,0.5603077638571158
5,0.04,0.62,0.5625702072960298
5,0.04,0.64,0.5664503663616466
5,0.04,0.66,0.5662653067388359
5,0.04,0.68,0.5674752280939479
5,0.05,0.1,0.6387919393032478
5,0.05,0.12,0.6411553039109066
5,0.05,0.14,0.6411748375410077
5,0.05,0.16,0.6347260339394001
5,0.05,0.18,0.6289818017712056
5,0.05,0.2,0.6028315731179884
5,0.05,0.22,0.6020834255280976
5,0.05,0.24,0.5935570079753607
5,0.05,0.26,0.5864418204958997
5,0.05,0.28,0.5822129229880929
5,0.05,0.3,0.5744076315479489
5,0.05,0.32,0.5707080046813048
5,0.05,0.34,0.5692058279238635
5,0.05,0.36,0.5590720674994808
5,0.05,0.38,0.551347372079184
5,0.05,0.4,0.5396497942456057
5,0.05,0.42,0.5396320300170879
5,0.05,0.44,0.5343551378124352
5,0.05,0.46,0.53789158438935
5,0.05,0.48,0.5369250457950236
5,0.05,0.5,0.5342916147303998
5,0.05,0.52,0.5313115091197028
5,0.05,0.54,0.5210077721080288
5,0.05,0.56,0.5077656265167539
5,0.05,0.58,0.5046003016591251
5,0.05,0.6,0.4981850338524535
5,0.05,0.62,0.498589204376599
5,0.05,0.64,0.49770637430122233
5,0.05,0.66,0.498268957771713
5,0.05,0.68,0.4968354484155783
6,0.01,0.2,0.5034677750991647
6,0.01,0.22,0.5051219170099576
6,0.01,0.24,0.506933147109614
6,0.01,0.26,0.5079195355981883
6,0.01,0.28,0.5082151059177781
6,0.01,0.3,0.5112091585778012
6,0.01,0.32,0.5096898506625638
6,0.01,0.34,0.5175979047709187
6,0.01,0.36,0.5194452139864062
6,0.01,0.38,0.5210324156887393
6,0.01,0.4,0.5225181723820135
6,0.01,0.42,0.5232958125992219
6,0.01,0.44,0.5240152486260361
6,0.01,0.46,0.5267546022412798
6,0.01,0.48,0.5261918133783289
6,0.01,0.5,0.5261285954795353
6,0.01,0.52,0.527156488368313
6,0.01,0.54,0.5278727726451308
6,0.01,0.56,0.5290559636001002
6,0.01,0.58,0.531859618103626
6,0.01,0.6,0.5337568640664951
6,0.01,0.62,0.5391333337571079
6,0.01,0.64,0.5395528642116371
6,0.01,0.66,0.545762846052177
6,0.01,0.68,0.5491872415349592
6,0.02,0.2,0.652509057433078
6,0.02,0.22,0.6540317657522102
6,0.02,0.24,0.6528154851530653
6,0.02,0.26,0.6520021841564819
6,0.02,0.28,0.6531880607465801
6,0.02,0.3,0.6542933169615212
6,0.02,0.32,0.6546855883250758
6,0.02,0.34,0.6542407235707559
6,0.02,0.36,0.6568835489407563
6,0.02,0.38,0.659794512206598
6,0.02,0.4,0.6585097523799558
6,0.02,0.42,0.6615300383052861
6,0.02,0.44,0.6617382372124677
6,0.02,0.46,0.6635565180138254
6,0.02,0.48,0.6655753003301326
6,0.02,0.5,0.6655285080918805
6,0.02,0.52,0.6655355771683695
6,0.02,0.54,0.660181748325592
6,0.02,0.56,0.6620484908224716
6,0.02,0.58,0.6631689390017433
6,0.02,0.6,0.6623427270937273
6,0.02,0.62,0.6651021199382942
6,0.02,0.64,0.6654056527226454
6,0.02,0.66,0.6719343050479362
6,0.02,0.68,0.6734490639305043
6,0.03,0.2,0.7071106769763266
6,0.03,0.22,0.7066925239798231
6,0.03,0.24,0.7076280990015197
6,0.03,0.26,0.7041824393352287
6,0.03,0.28,0.7054058040718151
6,0.03,0.3,0.7078695801698857
6,0.03,0.32,0.7098650889685418
6,0.03,0.34,0.7041176748048764
6,0.03,0.36,0.7006645309661906
6,0.03,0.38,0.700355689529545
6,0.03,0.4,0.6974694594789514
6,0.03,0.42,0.6986344801772729
6,0.03,0.44,0.7027044988262762
6,0.03,0.46,0.6981437885313946
6,0.03,0.48,0.697389899615411
6,0.03,0.5,0.7008042747794674
6,0.03,0.52,0.7029137384427117
6,0.03,0.54,0.6995675350114582
6,0.03,0.56,0.6938891308020266
6,0.03,0.58,0.6927847441262279
6,0.03,0.6,0.6977847485968912
6,0.03,0.62,0.6873374850035793
6,0.03,0.64,0.6856240296683936
6,0.03,0.66,0.684005647546985
6,0.03,0.68,0.677017984061511
6,0.04,0.1,0.7129556752670735
6,0.04,0.12,0.7120771701472878
6,0.04,0.14,0.7060427509133858
6,0.04,0.16,0.7051823507116142
6,0.04,0.18,0.7103383919805089
6,0.04,0.2,0.7140853534621623
6,0.04,0.22,0.7134340543312669
6,0.04,0.24,0.7141268830218918
6,0.04,0.26,0.7098680492400964
6,0.04,0.28,0.7060569563372494
6,0.04,0.3,0.7046875383862259
6,0.04,0.32,0.6997895913012661
6,0.04,0.34,0.6981528342686196
6,0.04,0.36,0.6978912785691902
6,0.04,0.38,0.6938972221562825
6,0.04,0.4,0.679720837233625
6,0.04,0.42,0.6786638869160685
6,0.04,0.44,0.6835263400684254
6,0.04,0.46,0.6837197118951236
6,0.04,0.48,0.6721144561289817
6,0.04,0.5,0.667380532626601
6,0.04,0.52,0.6733664910843732
6,0.04,0.54,0.6702604225755721
6,0.04,0.56,0.6590178343134683
6,0.04,0.58,0.6542855144784089
6,0.04,0.6,0.6526971601790689
6,0.04,0.62,0.6537618465922923
6,0.04,0.64,0.6513533787759341
6,0.04,0.66,0.6523899533077913
6,0.04,0.68,0.6499488924586168
6,0.05,0.1,0.6985252332635874
6,0.05,0.12,0.7000134665020761
6,0.05,0.14,0.7009124567299769
6,0.05,0.16,0.6968608181568106
6,0.05,0.18,0.6870795150698777
6,0.05,0.2,0.6804339823135841
6,0.05,0.22,0.6778935863606075
6,0.05,0.24,0.6750533100603906
6,0.05,0.26,0.6722628846920796
6,0.05,0.28,0.6623452535850373
6,0.05,0.3,0.6613962279170458
6,0.05,0.32,0.6559234462386493
6,0.05,0.34,0.6533662691303999
6,0.05,0.36,0.6510202165872385
6,0.05,0.38,0.6382366557422713
6,0.05,0.4,0.626159163821172
6,0.05,0.42,0.6215972559097106
6,0.05,0.44,0.6185512401292901
6,0.05,0.46,0.615552499795729
6,0.05,0.48,0.6112864693001105
6,0.05,0.5,0.6108707221426408
6,0.05,0.52,0.6049080253003986
6,0.05,0.54,0.599017349020864
6,0.05,0.56,0.599017349020864
6,0.05,0.58,0.5892733679005699
6,0.05,0.6,0.5898411819458657
6,0.05,0.62,0.5898766580286611
6,0.05,0.64,0.5872076610490639
6,0.05,0.66,0.5812131415393564
6,0.05,0.68,0.5810484148572954
7,0.01,0.2,0.5137497542972206
7,0.01,0.22,0.5143566127272272
7,0.01,0.24,0.5181342285169289
7,0.01,0.26,0.519986148566442
7,0.01,0.28,0.5192162515124508
7,0.01,0.3,0.5208658554351275
7,0.01,0.32,0.5213813230139761
7,0.01,0.34,0.5285658490954921
7,0.01,0.36,0.5312099732117364
7,0.01,0.38,0.532612641121119
7,0.01,0.4,0.5331798028080205
7,0.01,0.42,0.5364027107667134
7,0.01,0.44,0.5352452269656136
7,0.01,0.46,0.5362442014822895
7,0.01,0.48,0.5387399983692471
7,0.01,0.5,0.5407633098001405
7,0.01,0.52,0.5434823355595158
7,0.01,0.54,0.5474193444518368
7,0.01,0.56,0.5477721440784605
7,0.01,0.58,0.5506054612832474
7,0.01,0.6,0.5519997890657179
7,0.01,0.62,0.557024015198463
7,0.01,0.64,0.5580256110333633
7,0.01,0.66,0.560794873711549
7,0.01,0.68,0.5679341607312185
7,0.02,0.2,0.6934585873632209
7,0.02,0.22,0.6987467876009844
7,0.02,0.24,0.6964590357736986
7,0.02,0.26,0.6934481800063252
7,0.02,0.28,0.6910857058735819
7,0.02,0.3,0.6935030126890757
7,0.02,0.32,0.6982735797778065
7,0.02,0.34,0.7060143648534648
7,0.02,0.36,0.7101057711082965
7,0.02,0.38,0.7071380480598922
7,0.02,0.4,0.7056153677616894
7,0.02,0.42,0.7050943913569634
7,0.02,0.44,0.7077648862558469
7,0.02,0.46,0.7101003244580151
7,0.02,0.48,0.7125678195477507
7,0.02,0.5,0.7176968256744848
7,0.02,0.52,0.7211854644269567
7,0.02,0.54,0.7212497139250053
7,0.02,0.56,0.7197172308375241
7,0.02,0.58,0.7182411334800574
7,0.02,0.6,0.7175552418440507
7,0.02,0.62,0.7193059480536182
7,0.02,0.64,0.7211572978125103
7,0.02,0.66,0.725821056720023
7,0.02,0.68,0.727842620062341
7,0.03,0.2,0.7418522416679264
7,0.03,0.22,0.7458821106146046
7,0.03,0.24,0.7442159692159692
7,0.03,0.26,0.7381343539389517
7,0.03,0.28,0.7414705853745921
7,0.03,0.3,0.7463943034597784
7,0.03,0.32,0.7474242865078995
7,0.03,0.34,0.7517391410895763
7,0.03,0.36,0.7514816394290634
7,0.03,0.38,0.748714522029959
7,0.03,0.4,0.7429890018230615
7,0.03,0.42,0.7448369003948964
7,0.03,0.44,0.7486441704625424
7,0.03,0.46,0.7461828110636617
7,0.03,0.48,0.7475451967135321
7,0.03,0.5,0.7459928106994598
7,0.03,0.52,0.7432729088035046
7,0.03,0.54,0.7394162207602658
7,0.03,0.56,0.7355823765454402
7,0.03,0.58,0.7309725161462114
7,0.03,0.6,0.7327778541517033
7,0.03,0.62,0.728910346141463
7,0.03,0.64,0.7284840836348027
7,0.03,0.66,0.7290118316574382
7,0.03,0.68,0.7228742568610204
7,0.04,0.1,0.7487195096094392
7,0.04,0.12,0.7490912333822487
7,0.04,0.14,0.7520403996616618
7,0.04,0.16,0.7500373312403
7,0.04,0.18,0.7520577845358437
7,0.04,0.2,0.7533144909913971
7,0.04,0.22,0.754644386779616
7,0.04,0.24,0.7503998191409978
7,0.04,0.26,0.7494228823019881
7,0.04,0.28,0.74914518331041
7,0.04,0.3,0.7534406690109041
7,0.04,0.32,0.7590107209788116
7,0.04,0.34,0.7606629158838193
7,0.04,0.36,0.7556150163408748
7,0.04,0.38,0.7564368592010925
7,0.04,0.4,0.7460384788697125
7,0.04,0.42,0.744300366071676
7,0.04,0.44,0.7463533293152257
7,0.04,0.46,0.7445392703583097
7,0.04,0.48,0.7433057669454729
7,0.04,0.5,0.7376972235183324
7,0.04,0.52,0.7355658186307504
7,0.04,0.54,0.7306759588121018
7,0.04,0.56,0.7274919653217753
7,0.04,0.58,0.7261544207525573
7,0.04,0.6,0.7209877566517224
7,0.04,0.62,0.7170177813996669
7,0.04,0.64,0.7144387993824948
7,0.04,0.66,0.7103145888133505
7,0.04,0.68,0.7079339395141945
7,0.05,0.1,0.7465416976642153
7,0.05,0.12,0.7536281850090969
7,0.05,0.14,0.7492194821009369
7,0.05,0.16,0.7452778617984733
7,0.05,0.18,0.7489314280258274
7,0.05,0.2,0.7526535134006324
7,0.05,0.22,0.7503437694269512
7,0.05,0.24,0.7498218601065526
7,0.05,0.26,0.7487389628767342
7,0.05,0.28,0.7330841783460512
7,0.05,0.3,0.7239696480231649
7,0.05,0.32,0.7178318937346371
7,0.05,0.34,0.714294651973491
7,0.05,0.36,0.711968363327072
7,0.05,0.38,0.6945988902960085
7,0.05,0.4,0.6892020734681835
7,0.05,0.42,0.6881009602022891
7,0.05,0.44,0.6879110246493098
7,0.05,0.46,0.6781939420599782
7,0.05,0.48,0.6688879206545298
7,0.05,0.5,0.6678454541563765
7,0.05,0.52,0.6710056667790043
7,0.05,0.54,0.6664340878925911
7,0.05,0.56,0.6613878505313956
7,0.05,0.58,0.6610488857730263
7,0.05,0.6,0.6613510659556102
7,0.05,0.62,0.6621370136736893
7,0.05,0.64,0.6600216691970281
7,0.05,0.66,0.6556811591879652
7,0.05,0.68,0.6505097699755215
8,0.01,0.2,0.5232535641093483
8,0.01,0.22,0.525487995017557
8,0.01,0.24,0.5289190236642134
8,0.01,0.26,0.5305635347078396
8,0.01,0.28,0.530107597127992
8,0.01,0.3,0.5328874537568977
8,0.01,0.32,0.532235588574758
8,0.01,0.34,0.5423499851448429
8,0.01,0.36,0.5440093008092289
8,0.01,0.38,0.545970418857678
8,0.01,0.4,0.5472781656459873
8,0.01,0.42,0.5490042407155211
8,0.01,0.44,0.549604398983903
8,0.01,0.46,0.5512119769977325
8,0.01,0.48,0.5526718433918891
8,0.01,0.5,0.5533332609577106
8,0.01,0.52,0.5552072437015428
8,0.01,0.54,0.5566853125116651
8,0.01,0.56,0.5577198672960353
8,0.01,0.58,0.5611856667057553
8,0.01,0.6,0.5641399285362445
8,0.01,0.62,0.5684167200237038
8,0.01,0.64,0.569350445982553
8,0.01,0.66,0.5720062491746446
8,0.01,0.68,0.5775525827462269
8,0.02,0.2,0.7159288267368028
8,0.02,0.22,0.7187995349941583
8,0.02,0.24,0.72076759598455
8,0.02,0.26,0.7226679175378514
8,0.02,0.28,0.7238588215719134
8,0.02,0.3,0.7247353278749451
8,0.02,0.32,0.7252980538231414
8,0.02,0.34,0.7287185460566077
8,0.02,0.36,0.7339664935425095
8,0.02,0.38,0.733451979159027
8,0.02,0.4,0.7346472902134058
8,0.02,0.42,0.736741177077507
8,0.02,0.44,0.7379219214267083
8,0.02,0.46,0.7420477741337076
8,0.02,0.48,0.7451470084825106
8,0.02,0.5,0.7452110166338773
8,0.02,0.52,0.7472726046464256
8,0.02,0.54,0.747658942504959
8,0.02,0.56,0.7464342898969546
8,0.02,0.58,0.7454110526079157
8,0.02,0.6,0.7459936278681499
8,0.02,0.62,0.746568929214847
8,0.02,0.64,0.7475459476271905
8,0.02,0.66,0.7551901912766991
8,0.02,0.68,0.7559636714004558
8,0.03,0.2,0.7659577363528197
8,0.03,0.22,0.7640253714355488
8,0.03,0.24,0.7676292127841464
8,0.03,0.26,0.7703377206159623
8,0.03,0.28,0.7717441288668541
8,0.03,0.3,0.7713833258504631
8,0.03,0.32,0.7753511315603406
8,0.03,0.34,0.7810905786429487
8,0.03,0.36,0.781091687721223
8,0.03,0.38,0.7793008210167388
8,0.03,0.4,0.7812931887512605
8,0.03,0.42,0.7873163364822165
8,0.03,0.44,0.786065074995934
8,0.03,0.46,0.7876566782135536
8,0.03,0.48,0.7883128322280204
8,0.03,0.5,0.7896458852266149
8,0.03,0.52,0.7888330548573965
8,0.03,0.54,0.7879786666546151
8,0.03,0.56,0.7829357444721435
8,0.03,0.58,0.7795426140134245
8,0.03,0.6,0.7789104043075038
8,0.03,0.62,0.7780052361949654
8,0.03,0.64,0.7727187753553985
8,0.03,0.66,0.7678650660453983
8,0.03,0.68,0.7670662771124901
8,0.04,0.1,0.7866786821261421
8,0.04,0.12,0.782463347665742
8,0.04,0.14,0.7845850722895159
8,0.04,0.16,0.7846026633630572
8,0.04,0.18,0.7865930545753311
8,0.04,0.2,0.7886295384768626
8,0.04,0.22,0.7860939191825486
8,0.04,0.24,0.7860939191825486
8,0.04,0.26,0.7891167793676661
8,0.04,0.28,0.7857980020522282
8,0.04,0.3,0.7815190214464368
8,0.04,0.32,0.7846762007533704
8,0.04,0.34,0.7911147524672583
8,0.04,0.36,0.7877173496292207
8,0.04,0.38,0.7878187488877412
8,0.04,0.4,0.78689962787245
8,0.04,0.42,0.782100280769597
8,0.04,0.44,0.7875713583491121
8,0.04,0.46,0.7904569846836703
8,0.04,0.48,0.7899879070191252
8,0.04,0.5,0.7892497905256012
8,0.04,0.52,0.7809136659716456
8,0.04,0.54,0.7750854204473511
8,0.04,0.56,0.7702829546334653
8,0.04,0.58,0.7674085561482267
8,0.04,0.6,0.7666053763970513
8,0.04,0.62,0.7684267011553257
8,0.04,0.64,0.7732612519994913
8,0.04,0.66,0.7699550787314583
8,0.04,0.68,0.7607026345844006
8,0.05,0.1,0.8007816030808235
8,0.05,0.12,0.797312652346584
8,0.05,0.14,0.795243175624133
8,0.05,0.16,0.7901423311807008
8,0.05,0.18,0.792107385054198
8,0.05,0.2,0.7874832227817322
8,0.05,0.22,0.7891712534036627
8,0.05,0.24,0.7892523059170455
8,0.05,0.26,0.784309936522611
8,0.05,0.28,0.7784005251743651
8,0.05,0.3,0.7746435600447532
8,0.05,0.32,0.7734798911341683
8,0.05,0.34,0.7706076733490715
8,0.05,0.36,0.7693629520950058
8,0.05,0.38,0.7646768180397333
8,0.05,0.4,0.7593793978497778
8,0.05,0.42,0.7563667632666814
8,0.05,0.44,0.7529146789464763
8,0.05,0.46,0.7518416599491997
8,0.05,0.48,0.7506097543348265
8,0.05,0.5,0.7481096576213532
8,0.05,0.52,0.7323624030321181
8,0.05,0.54,0.7257099233794883
8,0.05,0.56,0.7240548698772622
8,0.05,0.58,0.7181129295284752
8,0.05,0.6,0.7111570847075724
8,0.05,0.62,0.7080642148510552
8,0.05,0.64,0.7070413791999901
8,0.05,0.66,0.7038830594956823
8,0.05,0.68,0.702407788104615
9,0.01,0.2,0.5290629171518343
9,0.01,0.22,0.533409071571608
9,0.01,0.24,0.5332720285548366
9,0.01,0.26,0.5346549859045892
9,0.01,0.28,0.5370941503553892
9,0.01,0.3,0.5398845686664362
9,0.01,0.32,0.541730199381521
9,0.01,0.34,0.5509254009522289
9,0.01,0.36,0.5506895191455283
9,0.01,0.38,0.5528325675861466
9,0.01,0.4,0.5544236015462124
9,0.01,0.42,0.5562701439465789
9,0.01,0.44,0.5575643251949737
9,0.01,0.46,0.5604578675925048
9,0.01,0.48,0.5629991698826763
9,0.01,0.5,0.5643988581600169
9,0.01,0.52,0.5689986122291603
9,0.01,0.54,0.5719250081262627
9,0.01,0.56,0.5750166352107505
9,0.01,0.58,0.5763720181812276
9,0.01,0.6,0.578439801512845
9,0.01,0.62,0.5813229561895525
9,0.01,0.64,0.5847241003285761
9,0.01,0.66,0.5862302824471372
9,0.01,0.68,0.5934454827486073
9,0.02,0.2,0.7518791988047051
9,0.02,0.22,0.7511537475211438
9,0.02,0.24,0.7482055924732732
9,0.02,0.26,0.7491182735290065
9,0.02,0.28,0.7531980708985146
9,0.02,0.3,0.755528401048889
9,0.02,0.32,0.7554031794674974
9,0.02,0.34,0.7569172887696085
9,0.02,0.36,0.7594797862418565
9,0.02,0.38,0.760681485235467
9,0.02,0.4,0.7640575394798258
9,0.02,0.42,0.7664314585762642
9,0.02,0.44,0.7652224997135251
9,0.02,0.46,0.7626221331634774
9,0.02,0.48,0.7661347524889051
9,0.02,0.5,0.76858370410376
9,0.02,0.52,0.7697964016899428
9,0.02,0.54,0.7710249867694595
9,0.02,0.56,0.7722441093819937
9,0.02,0.58,0.7741601804494239
9,0.02,0.6,0.7760617646376033
9,0.02,0.62,0.7773864962770799
9,0.02,0.64,0.7797122478241129
9,0.02,0.66,0.7842372505439504
9,0.02,0.68,0.7873037559455193
9,0.03,0.2,0.7954306167324524
9,0.03,0.22,0.799430301257397
9,0.03,0.24,0.7974603610852097
9,0.03,0.26,0.8014442420523348
9,0.03,0.28,0.80471505829048
9,0.03,0.3,0.8052881128570153
9,0.03,0.32,0.8067618904263745
9,0.03,0.34,0.8110196482599292
9,0.03,0.36,0.8097541366956806
9,0.03,0.38,0.8144862763133166
9,0.03,0.4,0.8124957456170337
9,0.03,0.42,0.813993239681338
9,0.03,0.44,0.8204621622068992
9,0.03,0.46,0.8213800004460229
9,0.03,0.48,0.8224888318090124
9,0.03,0.5,0.8255167962392146
9,0.03,0.52,0.8272320661864834
9,0.03,0.54,0.8272320661864834
9,0.03,0.56,0.8282099984684488
9,0.03,0.58,0.8292967456353354
9,0.03,0.6,0.830077386504678
9,0.03,0.62,0.8261562530602031
9,0.03,0.64,0.82605058869551
9,0.03,0.66,0.8240133778615711
9,0.03,0.68,0.823443593030097
9,0.04,0.1,0.8120482320614475
9,0.04,0.12,0.8137521044480609
9,0.04,0.14,0.8142175150294124
9,0.04,0.16,0.8176994669256002
9,0.04,0.18,0.8154289067770195
9,0.04,0.2,0.8159468042408644
9,0.04,0.22,0.8155384783182541
9,0.04,0.24,0.8162016258581021
9,0.04,0.26,0.814248793060964
9,0.04,0.28,0.8190084806125514
9,0.04,0.3,0.8194053577337386
9,0.04,0.32,0.8194925368143725
9,0.04,0.34,0.8218067541909476
9,0.04,0.36,0.81941440969334
9,0.04,0.38,0.8208592546547141
9,0.04,0.4,0.8186752236843244
9,0.04,0.42,0.8204249730759299
9,0.04,0.44,0.8219324316968916
9,0.04,0.46,0.8285488607579258
9,0.04,0.48,0.8251039017825642
9,0.04,0.5,0.830270560012151
9,0.04,0.52,0.8311170268271754
9,0.04,0.54,0.8276713302831403
9,0.04,0.56,0.8255587454548544
9,0.04,0.58,0.8245399039018607
9,0.04,0.6,0.8208826996429034
9,0.04,0.62,0.8176485827246827
9,0.04,0.64,0.8164786014632931
9,0.04,0.66,0.809887843867073
9,0.04,0.68,0.8097500385710502
9,0.05,0.1,0.8401716944960703
9,0.05,0.12,0.8357637516032744
9,0.05,0.14,0.8359533089899676
9,0.05,0.16,0.8332099320511963
9,0.05,0.18,0.8348445707194755
9,0.05,0.2,0.8350380420408493
9,0.05,0.22,0.8255713414678685
9,0.05,0.24,0.8285098374937785
9,0.05,0.26,0.8266569255218619
9,0.05,0.28,0.8242864530372696
9,0.05,0.3,0.8237189351233495
9,0.05,0.32,0.8191297923280774
9,0.05,0.34,0.8185230939851637
9,0.05,0.36,0.8204153453402939
9,0.05,0.38,0.825637252338053
9,0.05,0.4,0.8223133493367902
9,0.05,0.42,0.8213123602243739
9,0.05,0.44,0.8217320454095924
9,0.05,0.46,0.8180925473396334
9,0.05,0.48,0.8150777617997091
9,0.05,0.5,0.8145481378498672
9,0.05,0.52,0.8134148047624075
9,0.05,0.54,0.8055623896192902
9,0.05,0.56,0.8039800987073384
9,0.05,0.58,0.8008343131046499
9,0.05,0.6,0.7959099804727614
9,0.05,0.62,0.7896632018688374
9,0.05,0.64,0.7889053045703
9,0.05,0.66,0.7810710217662782
9,0.05,0.68,0.7759934362911405
10,0.01,0.2,0.5350166318924179
10,0.01,0.22,0.5373425333610105
10,0.01,0.24,0.539787379751511
10,0.01,0.26,0.5416775237348659
10,0.01,0.28,0.5431904673292125
10,0.01,0.3,0.5442226488125218
10,0.01,0.32,0.5466056678264534
10,0.01,0.34,0.5590289160779316
10,0.01,0.36,0.5598683775027499
10,0.01,0.38,0.5613652583353604
10,0.01,0.4,0.5601456272495506
10,0.01,0.42,0.5617726589158226
10,0.01,0.44,0.5641789107986303
10,0.01,0.46,0.5657910882433219
10,0.01,0.48,0.5689500594930574
10,0.01,0.5,0.5715080828822872
10,0.01,0.52,0.5750536985396997
10,0.01,0.54,0.5771578057900602
10,0.01,0.56,0.5800424974753466
10,0.01,0.58,0.5823914251604911
10,0.01,0.6,0.585748482425817
10,0.01,0.62,0.5896183402127059
10,0.01,0.64,0.5915776873788843
10,0.01,0.66,0.5936396572839054
10,0.01,0.68,0.6005401329875247
10,0.02,0.2,0.7568423261967816
10,0.02,0.22,0.7599569512381279
10,0.02,0.24,0.7605688355613965
10,0.02,0.26,0.7640296845235391
10,0.02,0.28,0.7650885035450189
10,0.02,0.3,0.7674113839166798
10,0.02,0.32,0.7704134770089665
10,0.02,0.34,0.7737878907703978
10,0.02,0.36,0.777943643815739
10,0.02,0.38,0.7839146161491576
10,0.02,0.4,0.7833617158309542
10,0.02,0.42,0.7875182502421195
10,0.02,0.44,0.7919216821441843
10,0.02,0.46,0.7939901786109557
10,0.02,0.48,0.7885132305885794
10,0.02,0.5,0.7860781656535144
10,0.02,0.52,0.7910573033044691
10,0.02,0.54,0.791926299438272
10,0.02,0.56,0.7928905480660722
10,0.02,0.58,0.789563036848106
10,0.02,0.6,0.7968778928847656
10,0.02,0.62,0.7954291785452927
10,0.02,0.64,0.7967399761203188
10,0.02,0.66,0.7997534418374505
10,0.02,0.68,0.7992538466880307
10,0.03,0.2,0.8195778366775981
10,0.03,0.22,0.8215143994058184
10,0.03,0.24,0.8245832359389328
10,0.03,0.26,0.8279209360148502
10,0.03,0.28,0.8303275952005712
10,0.03,0.3,0.8308733504443876
10,0.03,0.32,0.8353412728675228
10,0.03,0.34,0.8393942252341441
10,0.03,0.36,0.8365498603669035
10,0.03,0.38,0.8383270336291601
10,0.03,0.4,0.8423175319798644
10,0.03,0.42,0.8384667316174362
10,0.03,0.44,0.8412196103633446
10,0.03,0.46,0.8425325918774643
10,0.03,0.48,0.8437330720695411
10,0.03,0.5,0.8479013792935893
10,0.03,0.52,0.8513074568374107
10,0.03,0.54,0.8519213328986582
10,0.03,0.56,0.8522523835640852
10,0.03,0.58,0.8537894540884974
10,0.03,0.6,0.8533113646700234
10,0.03,0.62,0.8548878472591641
10,0.03,0.64,0.8558580061436759
10,0.03,0.66,0.8557074086108643
10,0.03,0.68,0.8544678016569716
10,0.04,0.1,0.8293788308914758
10,0.04,0.12,0.832495429976758
10,0.04,0.14,0.832413093806707
10,0.04,0.16,0.8333649911381098
10,0.04,0.18,0.8374022968780922
10,0.04,0.2,0.8378573109728811
10,0.04,0.22,0.838918715504498
10,0.04,0.24,0.838918715504498
10,0.04,0.26,0.8446366080729852
10,0.04,0.28,0.8468911824277159
10,0.04,0.3,0.8470430295122858
10,0.04,0.32,0.8531506160109419
10,0.04,0.34,0.8535754351036939
10,0.04,0.36,0.8505253505502195
10,0.04,0.38,0.856865394648964
10,0.04,0.4,0.8503884462146214
10,0.04,0.42,0.8490867200514284
10,0.04,0.44,0.8544457659665837
10,0.04,0.46,0.8521998915402582
10,0.04,0.48,0.853736274478471
10,0.04,0.5,0.856365625137555
10,0.04,0.52,0.8553470792659932
10,0.04,0.54,0.8521897057752864
10,0.04,0.56,0.8488439304930756
10,0.04,0.58,0.8500776222842933
10,0.04,0.6,0.8490324028549052
10,0.04,0.62,0.8507312445537468
10,0.04,0.64,0.851596999508338
10,0.04,0.66,0.8503483558662197
10,0.04,0.68,0.8473727042263276
10,0.05,0.1,0.8586320756936973
10,0.05,0.12,0.8615222615143888
10,0.05,0.14,0.8599244232837117
10,0.05,0.16,0.8622928258667466
10,0.05,0.18,0.8612513267246992
10,0.05,0.2,0.8638038780132028
10,0.05,0.22,0.8594814361297348
10,0.05,0.24,0.8570099559242074
10,0.05,0.26,0.8547667498385457
10,0.05,0.28,0.8520040037513008
10,0.05,0.3,0.8542011365540778
10,0.05,0.32,0.8493198417301571
10,0.05,0.34,0.8455565350602381
10,0.05,0.36,0.8476404224345009
10,0.05,0.38,0.8482393204864541
10,0.05,0.4,0.8445026338680834
10,0.05,0.42,0.8466578553451659
10,0.05,0.44,0.8473684512974388
10,0.05,0.46,0.8442312097938556
10,0.05,0.48,0.8455571367609925
10,0.05,0.5,0.8450082789140323
10,0.05,0.52,0.8437051148221876
10,0.05,0.54,0.84329023489706
10,0.05,0.56,0.840382025062316
10,0.05,0.58,0.8409678817243271
10,0.05,0.6,0.8349593586953165
10,0.05,0.62,0.8315883992360013
10,0.05,0.64,0.8275536545605429
10,0.05,0.66,0.8239332255421331
10,0.05,0.68,0.8242826792215692
